station,date,predicted_overcrowding,day_of_week_code,baseline_overcrowding,delta,risk_label,reason
Abbey Road DLR,2026-02-08,87.39650981295269,6,100.0,-12.603490187047313,LOW,Within normal range
Abbey Road DLR,2026-02-09,92.15768372349469,0,100.0,-7.842316276505315,LOW,Within normal range
Abbey Road DLR,2026-02-10,93.3912492638401,1,100.0,-6.608750736159905,LOW,Within normal range
Abbey Road DLR,2026-02-11,92.94581028369682,2,100.0,-7.054189716303185,LOW,Within normal range
Abbey Road DLR,2026-02-12,93.52306332057502,3,100.0,-6.4769366794249805,LOW,Within normal range
Abbey Road DLR,2026-02-13,90.22700355585846,4,100.0,-9.77299644414154,LOW,Within normal range
Abbey Road DLR,2026-02-14,91.43157259248727,5,100.0,-8.56842740751273,LOW,Within normal range
Abbey Wood,2026-02-08,89.85186638333957,6,100.0,-10.14813361666043,LOW,Within normal range
Abbey Wood,2026-02-09,94.11623972955348,0,100.0,-5.8837602704465155,LOW,Within normal range
Abbey Wood,2026-02-10,93.74558766278271,1,100.0,-6.254412337217289,LOW,Within normal range
Abbey Wood,2026-02-11,92.59522470693064,2,100.0,-7.404775293069363,LOW,Within normal range
Abbey Wood,2026-02-12,92.93338368929972,3,100.0,-7.066616310700283,LOW,Within normal range
Abbey Wood,2026-02-13,91.68384529875775,4,100.0,-8.316154701242255,LOW,Within normal range
Abbey Wood,2026-02-14,93.14934795849727,5,100.0,-6.850652041502727,LOW,Within normal range
Acton Central,2026-02-08,0.06317203889453518,6,100.0,-99.93682796110546,LOW,Within normal range
Acton Central,2026-02-09,59.24794011205643,0,100.0,-40.75205988794357,LOW,Within normal range
Acton Central,2026-02-10,76.35837482791949,1,100.0,-23.64162517208051,LOW,Within normal range
Acton Central,2026-02-11,77.33814251730705,2,100.0,-22.66185748269295,LOW,Within normal range
Acton Central,2026-02-12,75.12567408099255,3,100.0,-24.874325919007447,LOW,Within normal range
Acton Central,2026-02-13,76.00383081782364,4,100.0,-23.99616918217636,LOW,Within normal range
Acton Central,2026-02-14,75.78693187501914,5,100.0,-24.213068124980865,LOW,Within normal range
Acton Main Line,2026-02-08,74.29792133312326,6,100.0,-25.702078666876744,LOW,Within normal range
Acton Main Line,2026-02-09,81.73788213158595,0,100.0,-18.26211786841405,LOW,Within normal range
Acton Main Line,2026-02-10,86.0757199483389,1,100.0,-13.9242800516611,LOW,Within normal range
Acton Main Line,2026-02-11,89.96218186551927,2,99.31314759026144,-9.350965724742167,LOW,Within normal range
Acton Main Line,2026-02-12,93.16830653624024,3,98.65711234659977,-5.488805810359537,LOW,Within normal range
Acton Main Line,2026-02-13,91.30449602895928,4,99.9691128364244,-8.664616807465123,LOW,Within normal range
Acton Main Line,2026-02-14,92.75147377981354,5,100.0,-7.248526220186463,LOW,Within normal range
Acton Town,2026-02-08,74.17298372525651,6,100.0,-25.827016274743485,LOW,Within normal range
Acton Town,2026-02-09,82.48331182414138,0,100.0,-17.51668817585862,LOW,Within normal range
Acton Town,2026-02-10,87.02709974773325,1,100.0,-12.972900252266754,LOW,Within normal range
Acton Town,2026-02-11,91.36461507468682,2,100.0,-8.635384925313176,LOW,Within normal range
Acton Town,2026-02-12,94.11092410484062,3,100.0,-5.88907589515938,LOW,Within normal range
Acton Town,2026-02-13,92.15347418224144,4,100.0,-7.846525817758561,LOW,Within normal range
Acton Town,2026-02-14,91.68104346114424,5,100.0,-8.318956538855758,LOW,Within normal range
Aldgate,2026-02-08,75.61630089686558,6,98.12502242796137,-22.508721531095787,LOW,Within normal range
Aldgate,2026-02-09,84.73757284735629,0,100.0,-15.26242715264371,LOW,Within normal range
Aldgate,2026-02-10,87.69374625920987,1,100.0,-12.306253740790126,LOW,Within normal range
Aldgate,2026-02-11,90.80742282504733,2,100.0,-9.192577174952675,LOW,Within normal range
Aldgate,2026-02-12,93.03458001266459,3,100.0,-6.965419987335409,LOW,Within normal range
Aldgate,2026-02-13,91.91567399217415,4,100.0,-8.084326007825851,LOW,Within normal range
Aldgate,2026-02-14,92.79944037533605,5,100.0,-7.200559624663953,LOW,Within normal range
Aldgate East,2026-02-08,82.76483767656958,6,100.0,-17.235162323430416,LOW,Within normal range
Aldgate East,2026-02-09,89.01648264205971,0,100.0,-10.983517357940286,LOW,Within normal range
Aldgate East,2026-02-10,92.80385455127022,1,100.0,-7.19614544872978,LOW,Within normal range
Aldgate East,2026-02-11,92.90741206587023,2,100.0,-7.092587934129767,LOW,Within normal range
Aldgate East,2026-02-12,93.81719635486299,3,100.0,-6.182803645137014,LOW,Within normal range
Aldgate East,2026-02-13,92.87601112841303,4,100.0,-7.123988871586974,LOW,Within normal range
Aldgate East,2026-02-14,91.49547701047199,5,100.0,-8.504522989528013,LOW,Within normal range
All Saints,2026-02-08,102.09775654491965,6,100.0,2.0977565449196476,LOW,Within normal range
All Saints,2026-02-09,103.69075110753464,0,100.0,3.6907511075346378,MED,Slightly above normal
All Saints,2026-02-10,97.12362495395858,1,100.0,-2.8763750460414172,LOW,Within normal range
All Saints,2026-02-11,96.04751046714966,2,100.0,-3.952489532850336,LOW,Within normal range
All Saints,2026-02-12,95.6022987387342,3,100.0,-4.397701261265794,LOW,Within normal range
All Saints,2026-02-13,93.26455902168792,4,100.0,-6.735440978312084,LOW,Within normal range
All Saints,2026-02-14,91.10303772392842,5,100.0,-8.896962276071577,LOW,Within normal range
Alperton,2026-02-08,84.54853386031385,6,100.0,-15.451466139686147,LOW,Within normal range
Alperton,2026-02-09,89.80043967740885,0,100.0,-10.199560322591154,LOW,Within normal range
Alperton,2026-02-10,94.13156771569803,1,100.0,-5.868432284301974,LOW,Within normal range
Alperton,2026-02-11,93.72425413479736,2,100.0,-6.275745865202637,LOW,Within normal range
Alperton,2026-02-12,93.76526474221885,3,100.0,-6.2347352577811535,LOW,Within normal range
Alperton,2026-02-13,91.63145030368833,4,100.0,-8.368549696311675,LOW,Within normal range
Alperton,2026-02-14,93.80753400213162,5,100.0,-6.192465997868382,LOW,Within normal range
Amersham,2026-02-08,83.35608295540125,6,100.0,-16.64391704459875,LOW,Within normal range
Amersham,2026-02-09,90.07895269242208,0,100.0,-9.921047307577922,LOW,Within normal range
Amersham,2026-02-10,93.93146110137336,1,100.0,-6.068538898626642,LOW,Within normal range
Amersham,2026-02-11,93.63439027086486,2,100.0,-6.365609729135144,LOW,Within normal range
Amersham,2026-02-12,93.62568966670466,3,100.0,-6.374310333295341,LOW,Within normal range
Amersham,2026-02-13,91.70538786423158,4,100.0,-8.294612135768418,LOW,Within normal range
Amersham,2026-02-14,93.69227623153466,5,99.49456875578248,-5.802292524247818,LOW,Within normal range
Anerley,2026-02-08,75.68692882687293,6,100.0,-24.31307117312707,LOW,Within normal range
Anerley,2026-02-09,83.93449786793703,0,100.0,-16.065502132062974,LOW,Within normal range
Anerley,2026-02-10,87.272623971634,1,100.0,-12.727376028365995,LOW,Within normal range
Anerley,2026-02-11,90.93983610121269,2,100.0,-9.060163898787309,LOW,Within normal range
Anerley,2026-02-12,93.23959114341018,3,100.0,-6.7604088565898195,LOW,Within normal range
Anerley,2026-02-13,91.60488277270015,4,100.0,-8.395117227299849,LOW,Within normal range
Anerley,2026-02-14,93.80753400213162,5,100.0,-6.192465997868382,LOW,Within normal range
Angel,2026-02-08,73.60351709297593,6,100.0,-26.396482907024065,LOW,Within normal range
Angel,2026-02-09,81.73460882912245,0,100.0,-18.26539117087755,LOW,Within normal range
Angel,2026-02-10,87.81284855511397,1,100.0,-12.187151444886027,LOW,Within normal range
Angel,2026-02-11,91.08030700419646,2,100.0,-8.919692995803544,LOW,Within normal range
Angel,2026-02-12,93.30160533034399,3,100.0,-6.698394669656011,LOW,Within normal range
Angel,2026-02-13,91.60488277270014,4,100.0,-8.395117227299863,LOW,Within normal range
Angel,2026-02-14,93.80753400213162,5,100.0,-6.192465997868382,LOW,Within normal range
Archway,2026-02-08,75.19459275391065,6,97.81855832053982,-22.623965566629167,LOW,Within normal range
Archway,2026-02-09,83.17888987142405,0,100.0,-16.821110128575953,LOW,Within normal range
Archway,2026-02-10,87.79533266834865,1,100.0,-12.20466733165135,LOW,Within normal range
Archway,2026-02-11,91.13623995973232,2,100.0,-8.863760040267678,LOW,Within normal range
Archway,2026-02-12,93.91129255986458,3,100.0,-6.088707440135423,LOW,Within normal range
Archway,2026-02-13,92.59768529400455,4,100.0,-7.402314705995451,LOW,Within normal range
Archway,2026-02-14,90.99096663874174,5,98.74568883476715,-7.754722196025412,LOW,Within normal range
Arnos Grove,2026-02-08,94.31641672973241,6,100.0,-5.68358327026759,LOW,Within normal range
Arnos Grove,2026-02-09,97.61382972056288,0,100.0,-2.386170279437124,LOW,Within normal range
Arnos Grove,2026-02-10,96.60151198828616,1,100.0,-3.3984880117138374,LOW,Within normal range
Arnos Grove,2026-02-11,96.05329629791004,2,100.0,-3.9467037020899625,LOW,Within normal range
Arnos Grove,2026-02-12,95.5906049966471,3,100.0,-4.409395003352898,LOW,Within normal range
Arnos Grove,2026-02-13,93.67429243182889,4,100.0,-6.3257075681711115,LOW,Within normal range
Arnos Grove,2026-02-14,91.09119674029249,5,100.0,-8.908803259707511,LOW,Within normal range
Arsenal,2026-02-08,120.20339593071255,6,64.21718712470286,55.986208806009685,HIGH,Above normal + momentum/weather
Arsenal,2026-02-09,116.01551231318999,0,100.0,16.015512313189987,HIGH,Above normal + momentum/weather
Arsenal,2026-02-10,111.40101906511433,1,80.68419212251084,30.71682694260349,HIGH,Above normal + momentum/weather
Arsenal,2026-02-11,106.94436885862065,2,75.9217695356217,31.022599322998943,HIGH,Above normal + momentum/weather
Arsenal,2026-02-12,104.66871638211849,3,100.0,4.66871638211849,MED,Slightly above normal
Arsenal,2026-02-13,104.6316925354196,4,94.58792735431133,10.04376518110827,HIGH,Above normal + momentum/weather
Arsenal,2026-02-14,104.00069746779855,5,64.91698724438146,39.083710223417086,HIGH,Above normal + momentum/weather
Baker Street,2026-02-08,85.17956758426965,6,100.0,-14.820432415730352,LOW,Within normal range
Baker Street,2026-02-09,89.58673032359619,0,100.0,-10.413269676403814,LOW,Within normal range
Baker Street,2026-02-10,93.78172359052869,1,100.0,-6.218276409471315,LOW,Within normal range
Baker Street,2026-02-11,92.73052650741148,2,100.0,-7.269473492588517,LOW,Within normal range
Baker Street,2026-02-12,93.20525345977244,3,100.0,-6.794746540227564,LOW,Within normal range
Baker Street,2026-02-13,91.62475889766091,4,100.0,-8.37524110233909,LOW,Within normal range
Baker Street,2026-02-14,94.07708539091607,5,99.88598745762634,-5.808902066710274,LOW,Within normal range
Balham,2026-02-08,71.41373641268885,6,99.11181788104209,-27.698081468353237,LOW,Within normal range
Balham,2026-02-09,80.94759243332189,0,100.0,-19.052407566678113,LOW,Within normal range
Balham,2026-02-10,88.07438600065535,1,100.0,-11.925613999344648,LOW,Within normal range
Balham,2026-02-11,90.35269025394956,2,100.0,-9.64730974605044,LOW,Within normal range
Balham,2026-02-12,93.49398902786943,3,100.0,-6.506010972130568,LOW,Within normal range
Balham,2026-02-13,91.55882348266559,4,100.0,-8.441176517334412,LOW,Within normal range
Balham,2026-02-14,93.80396083687029,5,100.0,-6.196039163129711,LOW,Within normal range
Bank,2026-02-08,80.45807020786373,6,96.94450580969016,-16.48643560182643,LOW,Within normal range
Bank,2026-02-09,85.54339173672352,0,100.0,-14.456608263276479,LOW,Within normal range
Bank,2026-02-10,89.86210686855183,1,100.0,-10.137893131448166,LOW,Within normal range
Bank,2026-02-11,93.61388398622603,2,100.0,-6.386116013773972,LOW,Within normal range
Bank,2026-02-12,93.48434312551997,3,100.0,-6.51565687448003,LOW,Within normal range
Bank,2026-02-13,91.62475889766093,4,100.0,-8.375241102339075,LOW,Within normal range
Bank,2026-02-14,94.07708539091605,5,100.0,-5.922914609083946,LOW,Within normal range
Barbican,2026-02-08,74.4410202775747,6,100.0,-25.558979722425306,LOW,Within normal range
Barbican,2026-02-09,82.69591452662812,0,100.0,-17.304085473371885,LOW,Within normal range
Barbican,2026-02-10,87.77849161156341,1,100.0,-12.22150838843659,LOW,Within normal range
Barbican,2026-02-11,91.13623995973232,2,100.0,-8.863760040267678,LOW,Within normal range
Barbican,2026-02-12,93.91129255986458,3,100.0,-6.088707440135423,LOW,Within normal range
Barbican,2026-02-13,92.53434116570196,4,100.0,-7.46565883429804,LOW,Within normal range
Barbican,2026-02-14,90.92762251043912,5,100.0,-9.072377489560878,LOW,Within normal range
Barking,2026-02-08,82.95217723439417,6,99.76901077476292,-16.816833540368748,LOW,Within normal range
Barking,2026-02-09,89.72167094656801,0,100.0,-10.278329053431989,LOW,Within normal range
Barking,2026-02-10,93.55685755645058,1,100.0,-6.443142443549419,LOW,Within normal range
Barking,2026-02-11,92.92644418211246,2,100.0,-7.073555817887538,LOW,Within normal range
Barking,2026-02-12,93.6509839565528,3,100.0,-6.349016043447193,LOW,Within normal range
Barking,2026-02-13,91.64204373592897,4,100.0,-8.357956264071035,LOW,Within normal range
Barking,2026-02-14,93.84286179667484,5,99.91014159420604,-6.067279797531199,LOW,Within normal range
Barking Riverside,2026-02-08,10.49003618097526,6,100.0,-89.50996381902473,LOW,Within normal range
Barking Riverside,2026-02-09,50.78496601566153,0,100.0,-49.21503398433847,LOW,Within normal range
Barking Riverside,2026-02-10,68.54022848946003,1,100.0,-31.459771510539966,LOW,Within normal range
Barking Riverside,2026-02-11,76.84305483051644,2,100.0,-23.156945169483564,LOW,Within normal range
Barking Riverside,2026-02-12,82.91982545665202,3,99.75947281713343,-16.839647360481408,LOW,Within normal range
Barking Riverside,2026-02-13,88.03842305664136,4,100.0,-11.961576943358637,LOW,Within normal range
Barking Riverside,2026-02-14,89.30512619190466,5,100.0,-10.694873808095338,LOW,Within normal range
Barkingside,2026-02-08,95.16022780248588,6,100.0,-4.839772197514122,LOW,Within normal range
Barkingside,2026-02-09,98.1279723462971,0,100.0,-1.8720276537029008,LOW,Within normal range
Barkingside,2026-02-10,96.77378279029986,1,100.0,-3.2262172097001383,LOW,Within normal range
Barkingside,2026-02-11,96.4677899052478,2,100.0,-3.5322100947522017,LOW,Within normal range
Barkingside,2026-02-12,95.91862510861198,3,100.0,-4.081374891388023,LOW,Within normal range
Barkingside,2026-02-13,93.9243056875824,4,100.0,-6.075694312417596,LOW,Within normal range
Barkingside,2026-02-14,92.2537061662585,5,100.0,-7.746293833741504,LOW,Within normal range
Barons Court,2026-02-08,71.45725857395676,6,97.6663366402424,-26.20907806628564,LOW,Within normal range
Barons Court,2026-02-09,81.50105319999396,0,100.0,-18.49894680000604,LOW,Within normal range
Barons Court,2026-02-10,87.58663153448411,1,100.0,-12.413368465515887,LOW,Within normal range
Barons Court,2026-02-11,90.55573714422418,2,100.0,-9.444262855775818,LOW,Within normal range
Barons Court,2026-02-12,93.26835373236361,3,100.0,-6.731646267636393,LOW,Within normal range
Barons Court,2026-02-13,91.54153864439753,4,100.0,-8.458461355602466,LOW,Within normal range
Barons Court,2026-02-14,93.6520914623055,5,99.75131391786707,-6.099222455561559,LOW,Within normal range
Battersea Power Station,2026-02-08,79.87418579391905,6,96.41960927542785,-16.54542348150879,LOW,Within normal range
Battersea Power Station,2026-02-09,87.66775876155673,0,95.80811346555431,-8.140354703997588,LOW,Within normal range
Battersea Power Station,2026-02-10,91.5607104525406,1,98.4293594733996,-6.868649020858996,LOW,Within normal range
Battersea Power Station,2026-02-11,94.03393311902555,2,98.85946782621144,-4.825534707185895,LOW,Within normal range
Battersea Power Station,2026-02-12,94.43753730384347,3,99.2028546333848,-4.7653173295413325,LOW,Within normal range
Battersea Power Station,2026-02-13,92.47377859369188,4,97.10698334740809,-4.633204753716214,LOW,Within normal range
Battersea Power Station,2026-02-14,91.46530108508054,5,93.18965848759112,-1.7243574025105772,LOW,Within normal range
Bayswater,2026-02-08,93.19621938984744,6,100.0,-6.8037806101525575,LOW,Within normal range
Bayswater,2026-02-09,96.47826553134186,0,100.0,-3.5217344686581384,LOW,Within normal range
Bayswater,2026-02-10,95.51414137338841,1,100.0,-4.485858626611588,LOW,Within normal range
Bayswater,2026-02-11,94.88093041893936,2,100.0,-5.119069581060643,LOW,Within normal range
Bayswater,2026-02-12,94.7932986417293,3,100.0,-5.206701358270706,LOW,Within normal range
Bayswater,2026-02-13,93.05549252930871,4,100.0,-6.944507470691292,LOW,Within normal range
Bayswater,2026-02-14,91.72042281695308,5,100.0,-8.279577183046925,LOW,Within normal range
Beckton,2026-02-08,81.08031396831025,6,100.0,-18.91968603168975,LOW,Within normal range
Beckton,2026-02-09,87.83561819091648,0,100.0,-12.164381809083523,LOW,Within normal range
Beckton,2026-02-10,91.6933987424197,1,100.0,-8.306601257580297,LOW,Within normal range
Beckton,2026-02-11,93.80586420853233,2,100.0,-6.194135791467673,LOW,Within normal range
Beckton,2026-02-12,94.38277047210414,3,100.0,-5.617229527895859,LOW,Within normal range
Beckton,2026-02-13,92.41109894542154,4,100.0,-7.588901054578457,LOW,Within normal range
Beckton,2026-02-14,91.25804709165777,5,100.0,-8.741952908342228,LOW,Within normal range
Beckton Park,2026-02-08,106.86118723106924,6,100.0,6.861187231069238,MED,Slightly above normal
Beckton Park,2026-02-09,104.77475411364394,0,100.0,4.774754113643937,MED,Slightly above normal
Beckton Park,2026-02-10,103.79717789033678,1,100.0,3.7971778903367834,MED,Slightly above normal
Beckton Park,2026-02-11,100.21672812026287,2,100.0,0.21672812026287147,LOW,Within normal range
Beckton Park,2026-02-12,98.94145646185552,3,100.0,-1.0585435381444768,LOW,Within normal range
Beckton Park,2026-02-13,97.72133020796596,4,100.0,-2.2786697920340373,LOW,Within normal range
Beckton Park,2026-02-14,92.99647919172781,5,100.0,-7.003520808272185,LOW,Within normal range
Becontree,2026-02-08,81.12928151507633,6,99.94548056148942,-18.81619904641309,LOW,Within normal range
Becontree,2026-02-09,89.15441172441425,0,100.0,-10.845588275585754,LOW,Within normal range
Becontree,2026-02-10,92.17105638910488,1,100.0,-7.828943610895124,LOW,Within normal range
Becontree,2026-02-11,93.42802336721135,2,100.0,-6.5719766327886475,LOW,Within normal range
Becontree,2026-02-12,93.93159325152588,3,100.0,-6.068406748474118,LOW,Within normal range
Becontree,2026-02-13,92.65270332122029,4,100.0,-7.347296678779713,LOW,Within normal range
Becontree,2026-02-14,90.9360920596213,5,99.98797391177888,-9.051881852157578,LOW,Within normal range
Belsize Park,2026-02-08,72.42569156652212,6,98.90587703455552,-26.480185468033397,LOW,Within normal range
Belsize Park,2026-02-09,82.61678822285131,0,100.0,-17.383211777148688,LOW,Within normal range
Belsize Park,2026-02-10,88.21228697829694,1,100.0,-11.787713021703055,LOW,Within normal range
Belsize Park,2026-02-11,89.53273006453477,2,100.0,-10.467269935465225,LOW,Within normal range
Belsize Park,2026-02-12,92.07600114772848,3,100.0,-7.923998852271524,LOW,Within normal range
Belsize Park,2026-02-13,92.69581305062341,4,100.0,-7.304186949376586,LOW,Within normal range
Belsize Park,2026-02-14,91.23758863822928,5,99.57211108927535,-8.33452245104607,LOW,Within normal range
Bermondsey,2026-02-08,74.4788687161791,6,99.01572468752224,-24.536855971343144,LOW,Within normal range
Bermondsey,2026-02-09,82.47686416742648,0,100.0,-17.523135832573516,LOW,Within normal range
Bermondsey,2026-02-10,87.86751180359825,1,100.0,-12.132488196401752,LOW,Within normal range
Bermondsey,2026-02-11,90.33895265997026,2,100.0,-9.66104734002974,LOW,Within normal range
Bermondsey,2026-02-12,92.39668365604362,3,100.0,-7.603316343956379,LOW,Within normal range
Bermondsey,2026-02-13,91.75399378992138,4,100.0,-8.246006210078619,LOW,Within normal range
Bermondsey,2026-02-14,92.88134218440342,5,100.0,-7.118657815596578,LOW,Within normal range
Bethnal Green,2026-02-08,75.74439771671156,6,100.0,-24.25560228328844,LOW,Within normal range
Bethnal Green,2026-02-09,84.34345282120368,0,100.0,-15.656547178796316,LOW,Within normal range
Bethnal Green,2026-02-10,87.08222285451217,1,100.0,-12.917777145487833,LOW,Within normal range
Bethnal Green,2026-02-11,91.10509962053737,2,100.0,-8.894900379462626,LOW,Within normal range
Bethnal Green,2026-02-12,92.98142698774882,3,100.0,-7.018573012251181,LOW,Within normal range
Bethnal Green,2026-02-13,91.8426140333825,4,100.0,-8.157385966617497,LOW,Within normal range
Bethnal Green,2026-02-14,92.56074828826532,5,100.0,-7.439251711734684,LOW,Within normal range
Bethnal Green NR,2026-02-08,0.06534578998951868,6,98.90004658626222,-98.8347007962727,LOW,Within normal range
Bethnal Green NR,2026-02-09,59.112762789138344,0,100.0,-40.887237210861656,LOW,Within normal range
Bethnal Green NR,2026-02-10,75.17726757700791,1,100.0,-24.82273242299209,LOW,Within normal range
Bethnal Green NR,2026-02-11,81.74536594262104,2,100.0,-18.254634057378965,LOW,Within normal range
Bethnal Green NR,2026-02-12,87.63956982451607,3,99.89562688846291,-12.256057063946841,LOW,Within normal range
Bethnal Green NR,2026-02-13,90.09862975219849,4,100.0,-9.901370247801509,LOW,Within normal range
Bethnal Green NR,2026-02-14,91.86803878808314,5,100.0,-8.13196121191686,LOW,Within normal range
Blackfriars,2026-02-08,85.0607019588544,6,100.0,-14.939298041145605,LOW,Within normal range
Blackfriars,2026-02-09,87.74674698317351,0,100.0,-12.253253016826491,LOW,Within normal range
Blackfriars,2026-02-10,90.70696706090756,1,100.0,-9.293032939092441,LOW,Within normal range
Blackfriars,2026-02-11,92.00335980870248,2,100.0,-7.996640191297516,LOW,Within normal range
Blackfriars,2026-02-12,93.95733369877233,3,100.0,-6.042666301227669,LOW,Within normal range
Blackfriars,2026-02-13,92.65503119775386,4,100.0,-7.344968802246143,LOW,Within normal range
Blackfriars,2026-02-14,90.9360920596213,5,100.0,-9.063907940378698,LOW,Within normal range
Blackhorse Road,2026-02-08,75.9449825232059,6,99.51552030072928,-23.570537777523384,LOW,Within normal range
Blackhorse Road,2026-02-09,84.99881143004158,0,100.0,-15.001188569958416,LOW,Within normal range
Blackhorse Road,2026-02-10,88.21615904967139,1,100.0,-11.78384095032861,LOW,Within normal range
Blackhorse Road,2026-02-11,89.58919280331011,2,100.0,-10.410807196689888,LOW,Within normal range
Blackhorse Road,2026-02-12,92.0606889990904,3,100.0,-7.939311000909598,LOW,Within normal range
Blackhorse Road,2026-02-13,92.69581305062341,4,100.0,-7.304186949376586,LOW,Within normal range
Blackhorse Road,2026-02-14,91.23758863822928,5,100.0,-8.762411361770717,LOW,Within normal range
Blackwall,2026-02-08,91.81059720984359,6,100.0,-8.189402790156407,LOW,Within normal range
Blackwall,2026-02-09,95.3334763088451,0,100.0,-4.666523691154893,LOW,Within normal range
Blackwall,2026-02-10,94.47561026767004,1,100.0,-5.524389732329965,LOW,Within normal range
Blackwall,2026-02-11,93.84351011708458,2,100.0,-6.156489882915423,LOW,Within normal range
Blackwall,2026-02-12,94.27315744970859,3,100.0,-5.726842550291408,LOW,Within normal range
Blackwall,2026-02-13,92.55898147242772,4,100.0,-7.441018527572282,LOW,Within normal range
Blackwall,2026-02-14,90.56305583902196,5,100.0,-9.436944160978044,LOW,Within normal range
Bond Street,2026-02-08,124.06705155950459,6,94.78396903965697,29.283082519847625,HIGH,Above normal + momentum/weather
Bond Street,2026-02-09,116.81413596398272,0,98.9589910656974,17.855144898285317,HIGH,Above normal + momentum/weather
Bond Street,2026-02-10,109.883639905805,1,97.77866343402137,12.10497647178363,HIGH,Above normal + momentum/weather
Bond Street,2026-02-11,100.39991401623098,2,99.46144088264106,0.9384731335899232,LOW,Within normal range
Bond Street,2026-02-12,100.0602003186524,3,99.30721412300954,0.7529861956428618,LOW,Within normal range
Bond Street,2026-02-13,99.46649851363958,4,95.6337511368593,3.8327473767802758,MED,Slightly above normal
Bond Street,2026-02-14,96.16308174823047,5,92.8262545842301,3.3368271640003684,MED,Slightly above normal
Borough,2026-02-08,55.52746787361035,6,100.0,-44.47253212638965,LOW,Within normal range
Borough,2026-02-09,76.08891681811534,0,100.0,-23.911083181884663,LOW,Within normal range
Borough,2026-02-10,82.9290810270549,1,100.0,-17.070918972945094,LOW,Within normal range
Borough,2026-02-11,88.37492678296084,2,100.0,-11.625073217039159,LOW,Within normal range
Borough,2026-02-12,89.2174094653087,3,100.0,-10.782590534691295,LOW,Within normal range
Borough,2026-02-13,91.47113840264781,4,100.0,-8.52886159735219,LOW,Within normal range
Borough,2026-02-14,92.5491548694372,5,100.0,-7.450845130562797,LOW,Within normal range
Boston Manor,2026-02-08,80.92053770062779,6,100.0,-19.07946229937221,LOW,Within normal range
Boston Manor,2026-02-09,88.28601302511903,0,100.0,-11.713986974880967,LOW,Within normal range
Boston Manor,2026-02-10,89.74224326655552,1,100.0,-10.25775673344448,LOW,Within normal range
Boston Manor,2026-02-11,91.57400626387684,2,100.0,-8.42599373612316,LOW,Within normal range
Boston Manor,2026-02-12,93.83701349803425,3,100.0,-6.162986501965747,LOW,Within normal range
Boston Manor,2026-02-13,92.43752175489887,4,100.0,-7.562478245101133,LOW,Within normal range
Boston Manor,2026-02-14,90.71878387850694,5,100.0,-9.28121612149306,LOW,Within normal range
Bounds Green,2026-02-08,82.28696871743489,6,100.0,-17.71303128256511,LOW,Within normal range
Bounds Green,2026-02-09,88.89983204160407,0,100.0,-11.100167958395929,LOW,Within normal range
Bounds Green,2026-02-10,91.36111574708978,1,100.0,-8.638884252910216,LOW,Within normal range
Bounds Green,2026-02-11,93.13374606070815,2,100.0,-6.866253939291852,LOW,Within normal range
Bounds Green,2026-02-12,93.95673408550343,3,100.0,-6.043265914496573,LOW,Within normal range
Bounds Green,2026-02-13,92.65503119775386,4,100.0,-7.344968802246143,LOW,Within normal range
Bounds Green,2026-02-14,90.93609205962127,5,100.0,-9.063907940378726,LOW,Within normal range
Bow Church,2026-02-08,102.61458165270858,6,100.0,2.61458165270858,LOW,Within normal range
Bow Church,2026-02-09,104.3765020086252,0,100.0,4.376502008625195,MED,Slightly above normal
Bow Church,2026-02-10,99.27543276953865,1,100.0,-0.7245672304613464,LOW,Within normal range
Bow Church,2026-02-11,98.65813030961348,2,100.0,-1.3418696903865168,LOW,Within normal range
Bow Church,2026-02-12,97.85452177675921,3,100.0,-2.1454782232407865,LOW,Within normal range
Bow Church,2026-02-13,97.05871753088086,4,100.0,-2.9412824691191446,LOW,Within normal range
Bow Church,2026-02-14,94.36243562833586,5,100.0,-5.637564371664141,LOW,Within normal range
Bow Road,2026-02-08,77.15075087342899,6,98.76928911321998,-21.618538239790993,LOW,Within normal range
Bow Road,2026-02-09,83.72647314453324,0,100.0,-16.273526855466756,LOW,Within normal range
Bow Road,2026-02-10,88.44239244500622,1,100.0,-11.55760755499378,LOW,Within normal range
Bow Road,2026-02-11,90.57514609925292,2,100.0,-9.424853900747081,LOW,Within normal range
Bow Road,2026-02-12,91.83126318720731,3,100.0,-8.168736812792687,LOW,Within normal range
Bow Road,2026-02-13,92.96525596855957,4,100.0,-7.034744031440425,LOW,Within normal range
Bow Road,2026-02-14,91.23088452414639,5,100.0,-8.76911547585361,LOW,Within normal range
Brent Cross,2026-02-08,88.25041443129926,6,100.0,-11.749585568700738,LOW,Within normal range
Brent Cross,2026-02-09,90.07360562423115,0,100.0,-9.92639437576885,LOW,Within normal range
Brent Cross,2026-02-10,92.30276254384106,1,100.0,-7.697237456158945,LOW,Within normal range
Brent Cross,2026-02-11,92.82499957279416,2,100.0,-7.175000427205845,LOW,Within normal range
Brent Cross,2026-02-12,93.35880542864747,3,100.0,-6.641194571352528,LOW,Within normal range
Brent Cross,2026-02-13,91.89799120829788,4,100.0,-8.102008791702119,LOW,Within normal range
Brent Cross,2026-02-14,92.48977055237914,5,100.0,-7.510229447620858,LOW,Within normal range
Brentwood,2026-02-08,99.39333154381333,6,100.0,-0.606668456186668,LOW,Within normal range
Brentwood,2026-02-09,98.77346248458167,0,100.0,-1.226537515418329,LOW,Within normal range
Brentwood,2026-02-10,97.98754317593259,1,100.0,-2.0124568240674137,LOW,Within normal range
Brentwood,2026-02-11,97.1382323343095,2,100.0,-2.8617676656904933,LOW,Within normal range
Brentwood,2026-02-12,96.67791969004294,3,100.0,-3.322080309957059,LOW,Within normal range
Brentwood,2026-02-13,96.06589771458293,4,100.0,-3.934102285417069,LOW,Within normal range
Brentwood,2026-02-14,93.14008118376032,5,100.0,-6.859918816239684,LOW,Within normal range
Brixton,2026-02-08,71.11616537716995,6,98.35288908373904,-27.236723706569094,LOW,Within normal range
Brixton,2026-02-09,81.9936248527799,0,100.0,-18.006375147220098,LOW,Within normal range
Brixton,2026-02-10,87.5751299605181,1,100.0,-12.424870039481902,LOW,Within normal range
Brixton,2026-02-11,89.24432453816584,2,100.0,-10.755675461834159,LOW,Within normal range
Brixton,2026-02-12,91.27998811337525,3,100.0,-8.720011886624746,LOW,Within normal range
Brixton,2026-02-13,92.9481244035008,4,100.0,-7.051875596499201,LOW,Within normal range
Brixton,2026-02-14,91.1935797063502,5,100.0,-8.806420293649794,LOW,Within normal range
Brockley,2026-02-08,73.50282167194831,6,100.0,-26.49717832805169,LOW,Within normal range
Brockley,2026-02-09,82.0462725945272,0,100.0,-17.953727405472804,LOW,Within normal range
Brockley,2026-02-10,87.58781245649368,1,100.0,-12.41218754350632,LOW,Within normal range
Brockley,2026-02-11,89.31369319081341,2,100.0,-10.68630680918659,LOW,Within normal range
Brockley,2026-02-12,91.39689283527869,3,100.0,-8.603107164721308,LOW,Within normal range
Brockley,2026-02-13,93.07109903635242,4,100.0,-6.928900963647578,LOW,Within normal range
Brockley,2026-02-14,91.30354145131528,5,100.0,-8.696458548684717,LOW,Within normal range
Bromley-by-Bow,2026-02-08,77.20734466099447,6,98.86498984095844,-21.65764517996398,LOW,Within normal range
Bromley-by-Bow,2026-02-09,82.70732521033993,0,100.0,-17.29267478966007,LOW,Within normal range
Bromley-by-Bow,2026-02-10,88.36126602037301,1,100.0,-11.638733979626991,LOW,Within normal range
Bromley-by-Bow,2026-02-11,89.08650926801432,2,100.0,-10.913490731985675,LOW,Within normal range
Bromley-by-Bow,2026-02-12,90.82855113774873,3,100.0,-9.171448862251268,LOW,Within normal range
Bromley-by-Bow,2026-02-13,91.85592829480373,4,100.0,-8.144071705196268,LOW,Within normal range
Bromley-by-Bow,2026-02-14,92.13007220363016,5,99.7010911642548,-7.571018960624642,LOW,Within normal range
Brondesbury,2026-02-08,0.1020317892644555,6,100.0,-99.89796821073554,LOW,Within normal range
Brondesbury,2026-02-09,56.14032101206729,0,100.0,-43.85967898793271,LOW,Within normal range
Brondesbury,2026-02-10,72.391388466204,1,100.0,-27.608611533795994,LOW,Within normal range
Brondesbury,2026-02-11,79.69261370286776,2,100.0,-20.30738629713224,LOW,Within normal range
Brondesbury,2026-02-12,79.79028882289384,3,100.0,-20.209711177106158,LOW,Within normal range
Brondesbury,2026-02-13,83.7840700457276,4,100.0,-16.215929954272397,LOW,Within normal range
Brondesbury,2026-02-14,85.26659361423512,5,100.0,-14.73340638576488,LOW,Within normal range
Brondesbury Park,2026-02-08,1.1565570186964138,6,100.0,-98.84344298130358,LOW,Within normal range
Brondesbury Park,2026-02-09,55.31923542743541,0,100.0,-44.68076457256459,LOW,Within normal range
Brondesbury Park,2026-02-10,71.2258143836053,1,100.0,-28.774185616394703,LOW,Within normal range
Brondesbury Park,2026-02-11,79.25068506843805,2,100.0,-20.749314931561955,LOW,Within normal range
Brondesbury Park,2026-02-12,81.84433814622653,3,100.0,-18.155661853773466,LOW,Within normal range
Brondesbury Park,2026-02-13,86.61262741428295,4,100.0,-13.387372585717046,LOW,Within normal range
Brondesbury Park,2026-02-14,87.11218203713067,5,100.0,-12.887817962869335,LOW,Within normal range
Bruce Grove,2026-02-08,49.96626804330148,6,100.0,-50.03373195669852,LOW,Within normal range
Bruce Grove,2026-02-09,64.1335091623888,0,100.0,-35.866490837611195,LOW,Within normal range
Bruce Grove,2026-02-10,76.07934629552805,1,100.0,-23.920653704471945,LOW,Within normal range
Bruce Grove,2026-02-11,82.09456307259602,2,100.0,-17.905436927403983,LOW,Within normal range
Bruce Grove,2026-02-12,87.06245099156739,3,100.0,-12.937549008432612,LOW,Within normal range
Bruce Grove,2026-02-13,90.84302438954957,4,100.0,-9.15697561045043,LOW,Within normal range
Bruce Grove,2026-02-14,90.89435546373265,5,100.0,-9.105644536267349,LOW,Within normal range
Buckhurst Hill,2026-02-08,99.71181764859884,6,100.0,-0.28818235140116144,LOW,Within normal range
Buckhurst Hill,2026-02-09,97.67763019822998,0,100.0,-2.322369801770023,LOW,Within normal range
Buckhurst Hill,2026-02-10,97.836167388267,1,100.0,-2.1638326117329996,LOW,Within normal range
Buckhurst Hill,2026-02-11,96.94562674504012,2,100.0,-3.0543732549598843,LOW,Within normal range
Buckhurst Hill,2026-02-12,96.86716226339344,3,100.0,-3.132837736606561,LOW,Within normal range
Buckhurst Hill,2026-02-13,97.09124125132337,4,100.0,-2.9087587486766324,LOW,Within normal range
Buckhurst Hill,2026-02-14,94.6828041645194,5,100.0,-5.317195835480604,LOW,Within normal range
Burnham Bucks,2026-02-08,82.84946836754767,6,100.0,-17.150531632452328,LOW,Within normal range
Burnham Bucks,2026-02-09,88.71839579024852,0,100.0,-11.281604209751478,LOW,Within normal range
Burnham Bucks,2026-02-10,90.62361824565168,1,100.0,-9.376381754348316,LOW,Within normal range
Burnham Bucks,2026-02-11,91.60524618232823,2,100.0,-8.39475381767177,LOW,Within normal range
Burnham Bucks,2026-02-12,93.10937532666154,3,100.0,-6.890624673338465,LOW,Within normal range
Burnham Bucks,2026-02-13,91.85363613139485,4,100.0,-8.14636386860515,LOW,Within normal range
Burnham Bucks,2026-02-14,91.66785386971561,5,100.0,-8.332146130284386,LOW,Within normal range
Burnt Oak,2026-02-08,79.10844880280317,6,96.16698154338032,-17.05853274057715,LOW,Within normal range
Burnt Oak,2026-02-09,82.72717050930927,0,97.6289444966504,-14.90177398734113,LOW,Within normal range
Burnt Oak,2026-02-10,87.02565856108134,1,94.7939266237846,-7.768268062703257,LOW,Within normal range
Burnt Oak,2026-02-11,90.34580315973801,2,94.37809634236324,-4.032293182625224,LOW,Within normal range
Burnt Oak,2026-02-12,92.09157690791513,3,93.52948949478042,-1.4379125868652949,LOW,Within normal range
Burnt Oak,2026-02-13,93.2095264200113,4,94.905387288006,-1.6958608679946963,LOW,Within normal range
Burnt Oak,2026-02-14,91.36142275061309,5,92.14476751318857,-0.7833447625754815,LOW,Within normal range
Bush Hill Park,2026-02-08,56.28110404547542,6,100.0,-43.71889595452458,LOW,Within normal range
Bush Hill Park,2026-02-09,76.41234029032776,0,100.0,-23.587659709672238,LOW,Within normal range
Bush Hill Park,2026-02-10,81.8553247878306,1,100.0,-18.144675212169403,LOW,Within normal range
Bush Hill Park,2026-02-11,86.78528597402043,2,100.0,-13.214714025979575,LOW,Within normal range
Bush Hill Park,2026-02-12,88.77642308487715,3,100.0,-11.223576915122848,LOW,Within normal range
Bush Hill Park,2026-02-13,91.10825023283152,4,100.0,-8.891749767168477,LOW,Within normal range
Bush Hill Park,2026-02-14,90.69618449926455,5,100.0,-9.303815500735453,LOW,Within normal range
Bushey,2026-02-08,82.67216330529656,6,100.0,-17.327836694703436,LOW,Within normal range
Bushey,2026-02-09,88.7675038435978,0,100.0,-11.232496156402206,LOW,Within normal range
Bushey,2026-02-10,91.09654638609172,1,100.0,-8.903453613908283,LOW,Within normal range
Bushey,2026-02-11,91.26756604590766,2,100.0,-8.732433954092343,LOW,Within normal range
Bushey,2026-02-12,92.80911714317739,3,100.0,-7.190882856822611,LOW,Within normal range
Bushey,2026-02-13,91.78292309375225,4,100.0,-8.217076906247755,LOW,Within normal range
Bushey,2026-02-14,91.34534047053016,5,100.0,-8.65465952946984,LOW,Within normal range
Caledonian Road,2026-02-08,87.74034512815983,6,100.0,-12.25965487184017,LOW,Within normal range
Caledonian Road,2026-02-09,91.08276487810586,0,100.0,-8.917235121894137,LOW,Within normal range
Caledonian Road,2026-02-10,91.70844470191237,1,100.0,-8.29155529808763,LOW,Within normal range
Caledonian Road,2026-02-11,92.32016567544568,2,100.0,-7.679834324554321,LOW,Within normal range
Caledonian Road,2026-02-12,93.52474409683319,3,100.0,-6.475255903166811,LOW,Within normal range
Caledonian Road,2026-02-13,91.91527604656592,4,100.0,-8.084723953434079,LOW,Within normal range
Caledonian Road,2026-02-14,91.6678538697156,5,100.0,-8.3321461302844,LOW,Within normal range
Caledonian Road & Barnsbury,2026-02-08,52.529613518271944,6,100.0,-47.470386481728056,LOW,Within normal range
Caledonian Road & Barnsbury,2026-02-09,69.93104846210238,0,100.0,-30.068951537897618,LOW,Within normal range
Caledonian Road & Barnsbury,2026-02-10,79.03752540003296,1,100.0,-20.962474599967038,LOW,Within normal range
Caledonian Road & Barnsbury,2026-02-11,80.99599899498939,2,100.0,-19.004001005010608,LOW,Within normal range
Caledonian Road & Barnsbury,2026-02-12,87.21870516331154,3,100.0,-12.78129483668846,LOW,Within normal range
Caledonian Road & Barnsbury,2026-02-13,90.00160576574726,4,100.0,-9.998394234252743,LOW,Within normal range
Caledonian Road & Barnsbury,2026-02-14,90.66784403436071,5,100.0,-9.332155965639288,LOW,Within normal range
Cambridge Heath,2026-02-08,50.62301683605053,6,100.0,-49.37698316394947,LOW,Within normal range
Cambridge Heath,2026-02-09,64.80615195355915,0,100.0,-35.19384804644085,LOW,Within normal range
Cambridge Heath,2026-02-10,75.20999453812843,1,100.0,-24.790005461871573,LOW,Within normal range
Cambridge Heath,2026-02-11,81.06807450411212,2,100.0,-18.93192549588788,LOW,Within normal range
Cambridge Heath,2026-02-12,87.39527945307414,3,100.0,-12.604720546925861,LOW,Within normal range
Cambridge Heath,2026-02-13,89.68698516056892,4,99.96493615603063,-10.277950995461708,LOW,Within normal range
Cambridge Heath,2026-02-14,90.31752231604571,5,99.60401267159452,-9.286490355548807,LOW,Within normal range
Camden Road,2026-02-08,71.52317654386367,6,100.0,-28.47682345613633,LOW,Within normal range
Camden Road,2026-02-09,81.26863117143412,0,100.0,-18.731368828565877,LOW,Within normal range
Camden Road,2026-02-10,86.21497739128726,1,100.0,-13.785022608712737,LOW,Within normal range
Camden Road,2026-02-11,88.38951881085065,2,100.0,-11.610481189149354,LOW,Within normal range
Camden Road,2026-02-12,90.43571207633983,3,100.0,-9.564287923660174,LOW,Within normal range
Camden Road,2026-02-13,92.17452972938376,4,100.0,-7.825470270616236,LOW,Within normal range
Camden Road,2026-02-14,91.02301783977582,5,100.0,-8.976982160224182,LOW,Within normal range
Camden Town,2026-02-08,71.66589202490798,6,100.0,-28.334107975092024,LOW,Within normal range
Camden Town,2026-02-09,81.46502358968569,0,99.3696748391584,-17.90465124947272,LOW,Within normal range
Camden Town,2026-02-10,87.17183808783344,1,98.88402747119738,-11.712189383363949,LOW,Within normal range
Camden Town,2026-02-11,90.26620401844269,2,100.0,-9.733795981557307,LOW,Within normal range
Camden Town,2026-02-12,92.62340221474766,3,100.0,-7.376597785252343,LOW,Within normal range
Camden Town,2026-02-13,91.59099105774442,4,100.0,-8.409008942255582,LOW,Within normal range
Camden Town,2026-02-14,92.87744283803562,5,100.0,-7.12255716196438,LOW,Within normal range
Canada Water,2026-02-08,73.86066366739156,6,97.78135555510607,-23.92069188771451,LOW,Within normal range
Canada Water,2026-02-09,81.66777558271534,0,100.0,-18.332224417284664,LOW,Within normal range
Canada Water,2026-02-10,87.04932225585812,1,100.0,-12.950677744141885,LOW,Within normal range
Canada Water,2026-02-11,91.07967854087877,2,100.0,-8.920321459121226,LOW,Within normal range
Canada Water,2026-02-12,92.25319650385204,3,100.0,-7.746803496147962,LOW,Within normal range
Canada Water,2026-02-13,91.66459123827073,4,100.0,-8.33540876172927,LOW,Within normal range
Canada Water,2026-02-14,92.99771894778621,5,100.0,-7.002281052213789,LOW,Within normal range
Canary Wharf,2026-02-08,81.04013115816477,6,100.0,-18.95986884183523,LOW,Within normal range
Canary Wharf,2026-02-09,88.29630646373431,0,100.0,-11.703693536265689,LOW,Within normal range
Canary Wharf,2026-02-10,90.67607924858785,1,100.0,-9.323920751412146,LOW,Within normal range
Canary Wharf,2026-02-11,91.81111494247845,2,100.0,-8.188885057521546,LOW,Within normal range
Canary Wharf,2026-02-12,93.75293019279496,3,100.0,-6.247069807205037,LOW,Within normal range
Canary Wharf,2026-02-13,91.91008879518425,4,100.0,-8.089911204815749,LOW,Within normal range
Canary Wharf,2026-02-14,92.55568134988638,5,100.0,-7.444318650113615,LOW,Within normal range
Canary Wharf DLR,2026-02-08,83.56807548148579,6,100.0,-16.431924518514208,LOW,Within normal range
Canary Wharf DLR,2026-02-09,88.9489046499726,0,100.0,-11.051095350027396,LOW,Within normal range
Canary Wharf DLR,2026-02-10,92.16208208661827,1,100.0,-7.83791791338173,LOW,Within normal range
Canary Wharf DLR,2026-02-11,93.09668405014529,2,100.0,-6.903315949854715,LOW,Within normal range
Canary Wharf DLR,2026-02-12,93.73564846987615,3,100.0,-6.264351530123847,LOW,Within normal range
Canary Wharf DLR,2026-02-13,91.90343506292999,4,100.0,-8.096564937070013,LOW,Within normal range
Canary Wharf DLR,2026-02-14,92.55568134988638,5,100.0,-7.444318650113615,LOW,Within normal range
Canary Wharf EL,2026-02-08,83.44955201733882,6,100.0,-16.550447982661183,LOW,Within normal range
Canary Wharf EL,2026-02-09,92.07929083326906,0,100.0,-7.920709166730944,LOW,Within normal range
Canary Wharf EL,2026-02-10,90.60189868697724,1,100.0,-9.398101313022764,LOW,Within normal range
Canary Wharf EL,2026-02-11,93.98504498150483,2,100.0,-6.014955018495172,LOW,Within normal range
Canary Wharf EL,2026-02-12,86.58429575698221,3,100.0,-13.415704243017785,LOW,Within normal range
Canary Wharf EL,2026-02-13,97.78632083547559,4,99.25042833980828,-1.4641075043326879,LOW,Within normal range
Canary Wharf EL,2026-02-14,87.37591543283673,5,99.48968204200064,-12.113766609163903,LOW,Within normal range
Canary Wharf Elizabeth Line,2026-02-08,73.52671655259692,6,100.0,-26.473283447403077,LOW,Within normal range
Canary Wharf Elizabeth Line,2026-02-09,81.21732889765195,0,99.89821569214588,-18.68088679449393,LOW,Within normal range
Canary Wharf Elizabeth Line,2026-02-10,86.8466910072415,1,100.0,-13.153308992758497,LOW,Within normal range
Canary Wharf Elizabeth Line,2026-02-11,88.52773197137576,2,100.0,-11.472268028624242,LOW,Within normal range
Canary Wharf Elizabeth Line,2026-02-12,91.79694927419112,3,99.56679330712217,-7.769844032931047,LOW,Within normal range
Canary Wharf Elizabeth Line,2026-02-13,93.08223226739268,4,99.74908750257521,-6.666855235182524,LOW,Within normal range
Canary Wharf Elizabeth Line,2026-02-14,91.34523394981807,5,98.88301441958872,-7.537780469770652,LOW,Within normal range
Canning Town,2026-02-08,70.89074339746641,6,97.37887600801145,-26.488132610545037,LOW,Within normal range
Canning Town,2026-02-09,81.17620589288094,0,100.0,-18.823794107119056,LOW,Within normal range
Canning Town,2026-02-10,87.16186134236605,1,100.0,-12.838138657633948,LOW,Within normal range
Canning Town,2026-02-11,90.7073123570241,2,100.0,-9.292687642975906,LOW,Within normal range
Canning Town,2026-02-12,92.3646739653785,3,100.0,-7.6353260346214995,LOW,Within normal range
Canning Town,2026-02-13,92.13475835230545,4,100.0,-7.865241647694546,LOW,Within normal range
Canning Town,2026-02-14,91.62681269040824,5,96.45829301335397,-4.831480322945723,LOW,Within normal range
Cannon Street,2026-02-08,111.35348117487118,6,80.46576359250325,30.887717582367927,HIGH,Above normal + momentum/weather
Cannon Street,2026-02-09,110.59131236908725,0,100.0,10.591312369087248,HIGH,Above normal + momentum/weather
Cannon Street,2026-02-10,105.10577480834449,1,100.0,5.105774808344492,MED,Slightly above normal
Cannon Street,2026-02-11,104.44557322463717,2,100.0,4.445573224637172,MED,Slightly above normal
Cannon Street,2026-02-12,103.06451673923902,3,100.0,3.064516739239025,MED,Slightly above normal
Cannon Street,2026-02-13,101.39511149647127,4,100.0,1.395111496471273,LOW,Within normal range
Cannon Street,2026-02-14,98.63770308024252,5,99.88428570276612,-1.2465826225236043,LOW,Within normal range
Canonbury,2026-02-08,70.64887106511156,6,100.0,-29.351128934888436,LOW,Within normal range
Canonbury,2026-02-09,80.94183677638476,0,100.0,-19.05816322361524,LOW,Within normal range
Canonbury,2026-02-10,87.74960308228412,1,100.0,-12.250396917715875,LOW,Within normal range
Canonbury,2026-02-11,90.70657205443915,2,100.0,-9.29342794556085,LOW,Within normal range
Canonbury,2026-02-12,92.26020486392171,3,100.0,-7.7397951360782855,LOW,Within normal range
Canonbury,2026-02-13,91.66459123827073,4,100.0,-8.33540876172927,LOW,Within normal range
Canonbury,2026-02-14,92.99771894778621,5,100.0,-7.002281052213789,LOW,Within normal range
Canons Park,2026-02-08,79.51786133585502,6,93.9231424368338,-14.405281100978783,LOW,Within normal range
Canons Park,2026-02-09,80.9522044572896,0,100.0,-19.047795542710404,LOW,Within normal range
Canons Park,2026-02-10,88.1157452897711,1,100.0,-11.884254710228902,LOW,Within normal range
Canons Park,2026-02-11,90.36789763948627,2,100.0,-9.632102360513727,LOW,Within normal range
Canons Park,2026-02-12,92.23492724191398,3,100.0,-7.765072758086021,LOW,Within normal range
Canons Park,2026-02-13,91.82801353958226,4,100.0,-8.171986460417742,LOW,Within normal range
Canons Park,2026-02-14,92.63376003627711,5,96.8446177429809,-4.210857706703791,LOW,Within normal range
Carpenders Park,2026-02-08,83.66164616640344,6,100.0,-16.338353833596557,LOW,Within normal range
Carpenders Park,2026-02-09,89.23746040042029,0,100.0,-10.76253959957971,LOW,Within normal range
Carpenders Park,2026-02-10,92.38090359483138,1,100.0,-7.619096405168619,LOW,Within normal range
Carpenders Park,2026-02-11,92.8357040734009,2,100.0,-7.164295926599095,LOW,Within normal range
Carpenders Park,2026-02-12,93.35880542864744,3,100.0,-6.641194571352557,LOW,Within normal range
Carpenders Park,2026-02-13,91.85528487309747,4,100.0,-8.144715126902526,LOW,Within normal range
Carpenders Park,2026-02-14,92.62664423743017,5,100.0,-7.37335576256983,LOW,Within normal range
Chadwell Heath,2026-02-08,95.63460541315555,6,100.0,-4.365394586844445,LOW,Within normal range
Chadwell Heath,2026-02-09,97.97830034169574,0,100.0,-2.0216996583042572,LOW,Within normal range
Chadwell Heath,2026-02-10,96.69796724305031,1,100.0,-3.3020327569496857,LOW,Within normal range
Chadwell Heath,2026-02-11,96.8061023703112,2,100.0,-3.1938976296888058,LOW,Within normal range
Chadwell Heath,2026-02-12,96.73975586062305,3,100.0,-3.260244139376951,LOW,Within normal range
Chadwell Heath,2026-02-13,95.98249854133206,4,100.0,-4.017501458667937,LOW,Within normal range
Chadwell Heath,2026-02-14,93.09737484855992,5,100.0,-6.902625151440077,LOW,Within normal range
Chalfont & Latimer,2026-02-08,98.63017984759584,6,100.0,-1.3698201524041593,LOW,Within normal range
Chalfont & Latimer,2026-02-09,98.14881251422165,0,100.0,-1.851187485778354,LOW,Within normal range
Chalfont & Latimer,2026-02-10,96.96995633334274,1,100.0,-3.0300436666572637,LOW,Within normal range
Chalfont & Latimer,2026-02-11,97.04786504847341,2,100.0,-2.9521349515265882,LOW,Within normal range
Chalfont & Latimer,2026-02-12,96.90674265536666,3,100.0,-3.0932573446333436,LOW,Within normal range
Chalfont & Latimer,2026-02-13,97.1295020665599,4,100.0,-2.870497933440106,LOW,Within normal range
Chalfont & Latimer,2026-02-14,94.37979495656575,5,100.0,-5.620205043434254,LOW,Within normal range
Chalk Farm,2026-02-08,72.38408310647435,6,100.0,-27.61591689352565,LOW,Within normal range
Chalk Farm,2026-02-09,81.61239080015689,0,99.33659407210703,-17.724203271950145,LOW,Within normal range
Chalk Farm,2026-02-10,87.48540657583666,1,100.0,-12.514593424163337,LOW,Within normal range
Chalk Farm,2026-02-11,89.9391724417736,2,100.0,-10.060827558226407,LOW,Within normal range
Chalk Farm,2026-02-12,92.72917675489414,3,99.38945262399302,-6.660275869098882,LOW,Within normal range
Chalk Farm,2026-02-13,91.54828472254401,4,100.0,-8.451715277455989,LOW,Within normal range
Chalk Farm,2026-02-14,92.79555728128422,5,100.0,-7.204442718715782,LOW,Within normal range
Chancery Lane,2026-02-08,72.76199123356487,6,100.0,-27.23800876643513,LOW,Within normal range
Chancery Lane,2026-02-09,81.15633202417291,0,100.0,-18.84366797582709,LOW,Within normal range
Chancery Lane,2026-02-10,87.55600319286545,1,100.0,-12.443996807134553,LOW,Within normal range
Chancery Lane,2026-02-11,90.03168562441574,2,100.0,-9.968314375584256,LOW,Within normal range
Chancery Lane,2026-02-12,92.72917675489418,3,100.0,-7.270823245105817,LOW,Within normal range
Chancery Lane,2026-02-13,91.54828472254401,4,100.0,-8.451715277455989,LOW,Within normal range
Chancery Lane,2026-02-14,92.79555728128422,5,100.0,-7.204442718715782,LOW,Within normal range
Charing Cross,2026-02-08,99.5091947915767,6,94.227290619809,5.281904171767707,MED,Slightly above normal
Charing Cross,2026-02-09,97.5489665348447,0,97.799988815851,-0.25102228100629986,LOW,Within normal range
Charing Cross,2026-02-10,96.812627107187,1,100.0,-3.187372892813002,LOW,Within normal range
Charing Cross,2026-02-11,96.93050102961915,2,98.64114730937999,-1.7106462797608373,LOW,Within normal range
Charing Cross,2026-02-12,96.87730632305284,3,100.0,-3.122693676947165,LOW,Within normal range
Charing Cross,2026-02-13,97.09124125132337,4,98.86702694021892,-1.775785688895553,LOW,Within normal range
Charing Cross,2026-02-14,94.6828041645194,5,96.51874997550223,-1.8359458109828353,LOW,Within normal range
Chesham,2026-02-08,80.3355844174074,6,100.0,-19.664415582592596,LOW,Within normal range
Chesham,2026-02-09,85.8659622374941,0,100.0,-14.134037762505898,LOW,Within normal range
Chesham,2026-02-10,89.00781498394605,1,100.0,-10.992185016053952,LOW,Within normal range
Chesham,2026-02-11,92.1463841005322,2,100.0,-7.853615899467798,LOW,Within normal range
Chesham,2026-02-12,93.55971143706206,3,100.0,-6.440288562937937,LOW,Within normal range
Chesham,2026-02-13,91.87256971136554,4,100.0,-8.127430288634457,LOW,Within normal range
Chesham,2026-02-14,92.62664423743021,5,99.2401853979321,-6.613541160501882,LOW,Within normal range
Cheshunt,2026-02-08,79.81811383467964,6,97.35929289554414,-17.541179060864508,LOW,Within normal range
Cheshunt,2026-02-09,86.28040942643915,0,100.0,-13.71959057356085,LOW,Within normal range
Cheshunt,2026-02-10,89.10910668551799,1,100.0,-10.890893314482014,LOW,Within normal range
Cheshunt,2026-02-11,91.97501265562056,2,100.0,-8.02498734437944,LOW,Within normal range
Cheshunt,2026-02-12,94.26305578274263,3,98.95797876092082,-4.694922978178198,LOW,Within normal range
Cheshunt,2026-02-13,92.51627513722728,4,98.9842750733579,-6.467999936130624,LOW,Within normal range
Cheshunt,2026-02-14,90.8010673017292,5,96.64652376698018,-5.845456465250976,LOW,Within normal range
Chigwell,2026-02-08,72.93253825934558,6,93.2461632223392,-20.31362496299363,LOW,Within normal range
Chigwell,2026-02-09,81.8265539285335,0,100.0,-18.1734460714665,LOW,Within normal range
Chigwell,2026-02-10,87.78421814458319,1,100.0,-12.215781855416807,LOW,Within normal range
Chigwell,2026-02-11,90.99157438166722,2,100.0,-9.00842561833278,LOW,Within normal range
Chigwell,2026-02-12,92.07057016912066,3,100.0,-7.929429830879343,LOW,Within normal range
Chigwell,2026-02-13,92.73447118420141,4,100.0,-7.265528815798589,LOW,Within normal range
Chigwell,2026-02-14,91.14355954776529,5,100.0,-8.856440452234708,LOW,Within normal range
Chingford,2026-02-08,71.50079704231243,6,100.0,-28.499202957687572,LOW,Within normal range
Chingford,2026-02-09,81.32699559859873,0,100.0,-18.673004401401272,LOW,Within normal range
Chingford,2026-02-10,87.30665771327398,1,100.0,-12.693342286726022,LOW,Within normal range
Chingford,2026-02-11,90.4573798079524,2,100.0,-9.542620192047593,LOW,Within normal range
Chingford,2026-02-12,92.39283436153833,3,100.0,-7.607165638461666,LOW,Within normal range
Chingford,2026-02-13,91.7811590773812,4,100.0,-8.218840922618796,LOW,Within normal range
Chingford,2026-02-14,92.54290730124517,5,100.0,-7.457092698754835,LOW,Within normal range
Chiswick Park,2026-02-08,79.53480244981385,6,100.0,-20.465197550186147,LOW,Within normal range
Chiswick Park,2026-02-09,81.46666717786752,0,100.0,-18.53333282213248,LOW,Within normal range
Chiswick Park,2026-02-10,87.8370258325558,1,100.0,-12.162974167444204,LOW,Within normal range
Chiswick Park,2026-02-11,90.99157438166722,2,100.0,-9.00842561833278,LOW,Within normal range
Chiswick Park,2026-02-12,92.07057016912064,3,100.0,-7.929429830879357,LOW,Within normal range
Chiswick Park,2026-02-13,92.73447118420141,4,100.0,-7.265528815798589,LOW,Within normal range
Chiswick Park,2026-02-14,91.1435595477653,5,100.0,-8.856440452234693,LOW,Within normal range
Chorleywood,2026-02-08,81.73993779609403,6,100.0,-18.260062203905974,LOW,Within normal range
Chorleywood,2026-02-09,88.29409701709751,0,100.0,-11.705902982902487,LOW,Within normal range
Chorleywood,2026-02-10,90.78885005817796,1,100.0,-9.211149941822043,LOW,Within normal range
Chorleywood,2026-02-11,91.96691726016354,2,100.0,-8.033082739836459,LOW,Within normal range
Chorleywood,2026-02-12,94.27235389817466,3,100.0,-5.727646101825343,LOW,Within normal range
Chorleywood,2026-02-13,92.51627513722731,4,100.0,-7.483724862772689,LOW,Within normal range
Chorleywood,2026-02-14,90.71259838036087,5,100.0,-9.287401619639127,LOW,Within normal range
Clapham Common,2026-02-08,54.25389598887337,6,99.62859016984456,-45.37469418097119,LOW,Within normal range
Clapham Common,2026-02-09,72.13474089610867,0,100.0,-27.865259103891333,LOW,Within normal range
Clapham Common,2026-02-10,80.40731461587647,1,100.0,-19.592685384123527,LOW,Within normal range
Clapham Common,2026-02-11,84.94763318525747,2,100.0,-15.052366814742527,LOW,Within normal range
Clapham Common,2026-02-12,87.61241314200714,3,100.0,-12.387586857992858,LOW,Within normal range
Clapham Common,2026-02-13,90.99041676864299,4,100.0,-9.009583231357013,LOW,Within normal range
Clapham Common,2026-02-14,91.521558460032,5,100.0,-8.478441539968003,LOW,Within normal range
Clapham High Street,2026-02-08,0.09087426073394296,6,100.0,-99.90912573926606,LOW,Within normal range
Clapham High Street,2026-02-09,51.3910167571467,0,100.0,-48.6089832428533,LOW,Within normal range
Clapham High Street,2026-02-10,67.08586539862577,1,100.0,-32.91413460137423,LOW,Within normal range
Clapham High Street,2026-02-11,75.72701814095815,2,100.0,-24.27298185904185,LOW,Within normal range
Clapham High Street,2026-02-12,80.74069211229403,3,100.0,-19.259307887705972,LOW,Within normal range
Clapham High Street,2026-02-13,86.87872304600863,4,100.0,-13.12127695399137,LOW,Within normal range
Clapham High Street,2026-02-14,88.16498544620215,5,100.0,-11.835014553797848,LOW,Within normal range
Clapham Junction,2026-02-08,71.16095948021307,6,100.0,-28.839040519786934,LOW,Within normal range
Clapham Junction,2026-02-09,81.211341701682,0,100.0,-18.788658298317998,LOW,Within normal range
Clapham Junction,2026-02-10,87.22073955380608,1,100.0,-12.779260446193916,LOW,Within normal range
Clapham Junction,2026-02-11,90.97809494271436,2,100.0,-9.021905057285636,LOW,Within normal range
Clapham Junction,2026-02-12,92.34924224973273,3,100.0,-7.650757750267275,LOW,Within normal range
Clapham Junction,2026-02-13,92.26625499626034,4,100.0,-7.7337450037396565,LOW,Within normal range
Clapham Junction,2026-02-14,91.42937460505516,5,100.0,-8.570625394944841,LOW,Within normal range
Clapham North,2026-02-08,49.22759569912054,6,99.99214010762006,-50.76454440849952,LOW,Within normal range
Clapham North,2026-02-09,60.595122356537125,0,100.0,-39.404877643462875,LOW,Within normal range
Clapham North,2026-02-10,75.05014423735247,1,100.0,-24.94985576264753,LOW,Within normal range
Clapham North,2026-02-11,81.30561621974431,2,100.0,-18.69438378025569,LOW,Within normal range
Clapham North,2026-02-12,86.96633822284466,3,100.0,-13.033661777155345,LOW,Within normal range
Clapham North,2026-02-13,91.97917777527476,4,100.0,-8.020822224725237,LOW,Within normal range
Clapham North,2026-02-14,93.0765709074722,5,100.0,-6.9234290925277975,LOW,Within normal range
Clapham South,2026-02-08,56.862724074389796,6,100.0,-43.137275925610204,LOW,Within normal range
Clapham South,2026-02-09,75.86239659710611,0,100.0,-24.137603402893888,LOW,Within normal range
Clapham South,2026-02-10,81.87525402324391,1,100.0,-18.12474597675609,LOW,Within normal range
Clapham South,2026-02-11,87.75746941193874,2,100.0,-12.242530588061257,LOW,Within normal range
Clapham South,2026-02-12,91.67497441201056,3,100.0,-8.325025587989444,LOW,Within normal range
Clapham South,2026-02-13,93.91575990840239,4,100.0,-6.084240091597607,LOW,Within normal range
Clapham South,2026-02-14,91.97063195472325,5,100.0,-8.029368045276755,LOW,Within normal range
Clapton,2026-02-08,37.4073341847509,6,100.0,-62.5926658152491,LOW,Within normal range
Clapton,2026-02-09,57.22040371018638,0,100.0,-42.77959628981362,LOW,Within normal range
Clapton,2026-02-10,74.52594593060542,1,100.0,-25.474054069394583,LOW,Within normal range
Clapton,2026-02-11,80.43147804782433,2,100.0,-19.568521952175672,LOW,Within normal range
Clapton,2026-02-12,83.47770686970699,3,100.0,-16.522293130293008,LOW,Within normal range
Clapton,2026-02-13,88.04598099337396,4,100.0,-11.95401900662604,LOW,Within normal range
Clapton,2026-02-14,89.91337001471292,5,100.0,-10.086629985287075,LOW,Within normal range
Cockfosters,2026-02-08,109.5531427957745,6,98.04215808108046,11.510984714694047,HIGH,Above normal + momentum/weather
Cockfosters,2026-02-09,110.66392587394016,0,100.0,10.663925873940158,HIGH,Above normal + momentum/weather
Cockfosters,2026-02-10,105.37068626478386,1,97.5003199795213,7.870366285262563,MED,Slightly above normal
Cockfosters,2026-02-11,104.52061853155519,2,99.90569218098568,4.614926350569505,MED,Slightly above normal
Cockfosters,2026-02-12,103.73477030717673,3,100.0,3.7347703071767313,MED,Slightly above normal
Cockfosters,2026-02-13,101.58033375809748,4,97.60361263572872,3.976721122368758,MED,Slightly above normal
Cockfosters,2026-02-14,98.7211436207302,5,97.40562546262026,1.3155181581099384,LOW,Within normal range
Colindale,2026-02-08,83.95147415883712,6,100.0,-16.048525841162885,LOW,Within normal range
Colindale,2026-02-09,87.79818168947875,0,100.0,-12.201818310521247,LOW,Within normal range
Colindale,2026-02-10,91.94259941374139,1,100.0,-8.057400586258609,LOW,Within normal range
Colindale,2026-02-11,93.5252001406527,2,100.0,-6.4747998593473,LOW,Within normal range
Colindale,2026-02-12,93.85315378848712,3,100.0,-6.14684621151288,LOW,Within normal range
Colindale,2026-02-13,92.5240596922006,4,100.0,-7.475940307799405,LOW,Within normal range
Colindale,2026-02-14,90.91224766102256,5,100.0,-9.087752338977438,LOW,Within normal range
Colliers Wood,2026-02-08,74.42190310827614,6,100.0,-25.57809689172386,LOW,Within normal range
Colliers Wood,2026-02-09,82.38684568233948,0,100.0,-17.613154317660516,LOW,Within normal range
Colliers Wood,2026-02-10,87.49279921069639,1,100.0,-12.50720078930361,LOW,Within normal range
Colliers Wood,2026-02-11,90.8922996147375,2,100.0,-9.107700385262504,LOW,Within normal range
Colliers Wood,2026-02-12,92.66826886699441,3,100.0,-7.33173113300559,LOW,Within normal range
Colliers Wood,2026-02-13,91.6930498962566,4,100.0,-8.306950103743404,LOW,Within normal range
Colliers Wood,2026-02-14,93.14397963782334,5,100.0,-6.856020362176665,LOW,Within normal range
Covent Garden,2026-02-08,121.40746963380218,6,100.0,21.40746963380218,HIGH,Above normal + momentum/weather
Covent Garden,2026-02-09,114.74159861808037,0,96.08122473163252,18.660373886447857,HIGH,Above normal + momentum/weather
Covent Garden,2026-02-10,110.54147274356146,1,96.10154398490018,14.439928758661281,HIGH,Above normal + momentum/weather
Covent Garden,2026-02-11,105.82224570233134,2,98.6843734998931,7.1378722024382455,MED,Slightly above normal
Covent Garden,2026-02-12,105.0046306871602,3,98.67881003199237,6.325820655167831,MED,Slightly above normal
Covent Garden,2026-02-13,104.42549169405122,4,96.78554771306861,7.639943980982608,MED,Slightly above normal
Covent Garden,2026-02-14,102.13338605451689,5,100.0,2.1333860545168903,LOW,Within normal range
Crossharbour,2026-02-08,80.82711206595316,6,100.0,-19.17288793404684,LOW,Within normal range
Crossharbour,2026-02-09,87.50632134037753,0,100.0,-12.493678659622475,LOW,Within normal range
Crossharbour,2026-02-10,91.08433183522611,1,100.0,-8.91566816477389,LOW,Within normal range
Crossharbour,2026-02-11,92.23994689359823,2,100.0,-7.76005310640177,LOW,Within normal range
Crossharbour,2026-02-12,93.98099769707868,3,100.0,-6.019002302921322,LOW,Within normal range
Crossharbour,2026-02-13,92.61232486255345,4,100.0,-7.38767513744655,LOW,Within normal range
Crossharbour,2026-02-14,90.98682814286991,5,100.0,-9.01317185713009,LOW,Within normal range
Crouch Hill,2026-02-08,72.34912826601095,6,100.0,-27.65087173398905,LOW,Within normal range
Crouch Hill,2026-02-09,82.16714166181255,0,100.0,-17.83285833818745,LOW,Within normal range
Crouch Hill,2026-02-10,87.80401726729885,1,100.0,-12.195982732701154,LOW,Within normal range
Crouch Hill,2026-02-11,92.09019111603955,2,100.0,-7.9098088839604515,LOW,Within normal range
Crouch Hill,2026-02-12,94.24734135665771,3,100.0,-5.752658643342286,LOW,Within normal range
Crouch Hill,2026-02-13,92.5162751372273,4,100.0,-7.4837248627727035,LOW,Within normal range
Crouch Hill,2026-02-14,90.94583247544176,5,100.0,-9.054167524558238,LOW,Within normal range
Croxley,2026-02-08,100.36082583408225,6,100.0,0.3608258340822488,LOW,Within normal range
Croxley,2026-02-09,100.73167001347021,0,100.0,0.7316700134702074,LOW,Within normal range
Croxley,2026-02-10,94.49856075655649,1,100.0,-5.501439243443514,LOW,Within normal range
Croxley,2026-02-11,93.59709063022291,2,100.0,-6.402909369777092,LOW,Within normal range
Croxley,2026-02-12,93.89043883066647,3,100.0,-6.109561169333531,LOW,Within normal range
Croxley,2026-02-13,92.55075283884939,4,100.0,-7.449247161150609,LOW,Within normal range
Croxley,2026-02-14,90.91224766102256,5,100.0,-9.087752338977438,LOW,Within normal range
Crystal Palace,2026-02-08,75.38553547305808,6,99.92297094464033,-24.537435471582242,LOW,Within normal range
Crystal Palace,2026-02-09,83.25058406472156,0,100.0,-16.749415935278435,LOW,Within normal range
Crystal Palace,2026-02-10,86.55959806094526,1,100.0,-13.440401939054738,LOW,Within normal range
Crystal Palace,2026-02-11,90.44442893984744,2,100.0,-9.555571060152559,LOW,Within normal range
Crystal Palace,2026-02-12,92.43423252952515,3,100.0,-7.565767470474853,LOW,Within normal range
Crystal Palace,2026-02-13,91.9160409562675,4,99.38792476358724,-7.471883807319742,LOW,Within normal range
Crystal Palace,2026-02-14,92.84719085912737,5,100.0,-7.152809140872634,LOW,Within normal range
Custom House DLR,2026-02-08,75.24545421584165,6,95.35850497440936,-20.11305075856771,LOW,Within normal range
Custom House DLR,2026-02-09,82.24962797022624,0,100.0,-17.750372029773757,LOW,Within normal range
Custom House DLR,2026-02-10,86.45103310834254,1,95.03939367084868,-8.58836056250614,LOW,Within normal range
Custom House DLR,2026-02-11,89.3888801666663,2,96.46954436903559,-7.080664202369292,LOW,Within normal range
Custom House DLR,2026-02-12,91.83771617955661,3,97.68455539043856,-5.846839210881953,LOW,Within normal range
Custom House DLR,2026-02-13,92.9487707554824,4,92.99590428212696,-0.04713352664455783,LOW,Within normal range
Custom House DLR,2026-02-14,91.47337267469337,5,98.26421943255723,-6.790846757863861,LOW,Within normal range
Custom House EL,2026-02-08,100.17213592656566,6,94.03947376597873,6.132662160586932,MED,Slightly above normal
Custom House EL,2026-02-09,93.5249026408664,0,98.52586309038504,-5.000960449518644,LOW,Within normal range
Custom House EL,2026-02-10,91.84350251795644,1,94.70209372084392,-2.8585912028874816,LOW,Within normal range
Custom House EL,2026-02-11,91.28530081536688,2,91.60451681128265,-0.3192159959157692,LOW,Within normal range
Custom House EL,2026-02-12,91.46754015930648,3,92.94628337921864,-1.478743219912161,LOW,Within normal range
Custom House EL,2026-02-13,91.46183043616975,4,93.60887834817082,-2.147047912001071,LOW,Within normal range
Custom House EL,2026-02-14,88.64008942184654,5,92.81932336749412,-4.1792339456475815,LOW,Within normal range
Custom House Elizabeth Line,2026-02-08,71.5176014996638,6,88.15846848920165,-16.640866989537855,LOW,Within normal range
Custom House Elizabeth Line,2026-02-09,80.33309176851037,0,98.12644041991592,-17.79334865140555,LOW,Within normal range
Custom House Elizabeth Line,2026-02-10,84.00669052058228,1,90.31567601199696,-6.308985491414674,LOW,Within normal range
Custom House Elizabeth Line,2026-02-11,86.4625609030595,2,93.89591383641518,-7.433352933355678,LOW,Within normal range
Custom House Elizabeth Line,2026-02-12,89.00903611394844,3,91.59521913582634,-2.5861830218779005,LOW,Within normal range
Custom House Elizabeth Line,2026-02-13,92.06419642232355,4,91.75114068013755,0.31305574218599475,LOW,Within normal range
Custom House Elizabeth Line,2026-02-14,92.51989673054847,5,97.4882013289778,-4.968304598429327,LOW,Within normal range
Cutty Sark,2026-02-08,0.09681662666897706,6,94.79810067506943,-94.70128404840045,LOW,Within normal range
Cutty Sark,2026-02-09,95.9706004778665,0,100.0,-4.029399522133502,LOW,Within normal range
Cutty Sark,2026-02-10,94.39569233975955,1,100.0,-5.604307660240451,LOW,Within normal range
Cutty Sark,2026-02-11,94.55875278229722,2,99.6015116006111,-5.042758818313885,LOW,Within normal range
Cutty Sark,2026-02-12,94.0574995791093,3,98.67394321519899,-4.616443636089684,LOW,Within normal range
Cutty Sark,2026-02-13,94.19980352767527,4,100.0,-5.800196472324728,LOW,Within normal range
Cutty Sark,2026-02-14,94.82344714652746,5,98.81852998665411,-3.9950828401266563,LOW,Within normal range
Cyprus,2026-02-08,73.59007857765143,6,100.0,-26.409921422348575,LOW,Within normal range
Cyprus,2026-02-09,81.37191926817322,0,84.36457572864603,-2.9926564604728156,LOW,Within normal range
Cyprus,2026-02-10,86.4861467058862,1,90.60527997443884,-4.119133268552645,LOW,Within normal range
Cyprus,2026-02-11,89.82617831028521,2,100.0,-10.173821689714785,LOW,Within normal range
Cyprus,2026-02-12,92.56742767557847,3,90.0638806312052,2.5035470443732777,LOW,Within normal range
Cyprus,2026-02-13,91.61846941440926,4,95.761138200521,-4.1426687861117415,LOW,Within normal range
Cyprus,2026-02-14,92.94475077701723,5,100.0,-7.055249222982766,LOW,Within normal range
Dagenham East,2026-02-08,82.78240780849752,6,99.47457619919382,-16.692168390696295,LOW,Within normal range
Dagenham East,2026-02-09,88.45267398967844,0,100.0,-11.547326010321555,LOW,Within normal range
Dagenham East,2026-02-10,91.89176935276029,1,100.0,-8.108230647239708,LOW,Within normal range
Dagenham East,2026-02-11,93.02818561208744,2,100.0,-6.971814387912559,LOW,Within normal range
Dagenham East,2026-02-12,94.17484690038326,3,100.0,-5.825153099616742,LOW,Within normal range
Dagenham East,2026-02-13,92.46717119670063,4,100.0,-7.532828803299367,LOW,Within normal range
Dagenham East,2026-02-14,91.07637512757293,5,100.0,-8.92362487242707,LOW,Within normal range
Dagenham Heathway,2026-02-08,81.0173083801533,6,99.37486290853258,-18.357554528379282,LOW,Within normal range
Dagenham Heathway,2026-02-09,87.53975019506782,0,100.0,-12.460249804932175,LOW,Within normal range
Dagenham Heathway,2026-02-10,91.5359457886419,1,100.0,-8.464054211358103,LOW,Within normal range
Dagenham Heathway,2026-02-11,93.95207796960898,2,100.0,-6.047922030391021,LOW,Within normal range
Dagenham Heathway,2026-02-12,94.47398263960821,3,100.0,-5.526017360391791,LOW,Within normal range
Dagenham Heathway,2026-02-13,92.34838350354559,4,100.0,-7.651616496454409,LOW,Within normal range
Dagenham Heathway,2026-02-14,91.41591255139201,5,100.0,-8.584087448607988,LOW,Within normal range
Dalston Junction,2026-02-08,58.059376576904825,6,100.0,-41.940623423095175,LOW,Within normal range
Dalston Junction,2026-02-09,75.80941045529815,0,100.0,-24.19058954470185,LOW,Within normal range
Dalston Junction,2026-02-10,81.11628482347481,1,100.0,-18.883715176525186,LOW,Within normal range
Dalston Junction,2026-02-11,86.76758499346,2,100.0,-13.232415006539995,LOW,Within normal range
Dalston Junction,2026-02-12,89.94659342134541,3,100.0,-10.053406578654588,LOW,Within normal range
Dalston Junction,2026-02-13,93.44328872188699,4,100.0,-6.5567112781130135,LOW,Within normal range
Dalston Junction,2026-02-14,91.180119512522,5,100.0,-8.819880487478002,LOW,Within normal range
Dalston Kingsland,2026-02-08,56.26681304672069,6,100.0,-43.73318695327931,LOW,Within normal range
Dalston Kingsland,2026-02-09,75.36936982700817,0,100.0,-24.63063017299183,LOW,Within normal range
Dalston Kingsland,2026-02-10,81.08810465619527,1,100.0,-18.91189534380473,LOW,Within normal range
Dalston Kingsland,2026-02-11,87.0881204078216,2,100.0,-12.911879592178394,LOW,Within normal range
Dalston Kingsland,2026-02-12,92.03043817350796,3,100.0,-7.96956182649204,LOW,Within normal range
Dalston Kingsland,2026-02-13,93.48757431046522,4,100.0,-6.51242568953478,LOW,Within normal range
Dalston Kingsland,2026-02-14,91.31871641541271,5,100.0,-8.681283584587291,LOW,Within normal range
Debden,2026-02-08,81.40025728563128,6,100.0,-18.599742714368716,LOW,Within normal range
Debden,2026-02-09,87.40271959683805,0,100.0,-12.597280403161946,LOW,Within normal range
Debden,2026-02-10,91.9440451080464,1,100.0,-8.055954891953604,LOW,Within normal range
Debden,2026-02-11,93.69297639808839,2,100.0,-6.3070236019116095,LOW,Within normal range
Debden,2026-02-12,93.95662907164282,3,100.0,-6.043370928357177,LOW,Within normal range
Debden,2026-02-13,92.61232486255345,4,100.0,-7.38767513744655,LOW,Within normal range
Debden,2026-02-14,90.98682814286987,5,100.0,-9.013171857130132,LOW,Within normal range
Denmark Hill,2026-02-08,0.09246209667429944,6,100.0,-99.9075379033257,LOW,Within normal range
Denmark Hill,2026-02-09,53.348789819845024,0,100.0,-46.651210180154976,LOW,Within normal range
Denmark Hill,2026-02-10,70.27203708565027,1,100.0,-29.72796291434973,LOW,Within normal range
Denmark Hill,2026-02-11,77.30538107911963,2,100.0,-22.694618920880373,LOW,Within normal range
Denmark Hill,2026-02-12,80.34497513263203,3,100.0,-19.65502486736797,LOW,Within normal range
Denmark Hill,2026-02-13,83.82707134522616,4,100.0,-16.17292865477384,LOW,Within normal range
Denmark Hill,2026-02-14,85.41992981284854,5,100.0,-14.580070187151463,LOW,Within normal range
Deptford Bridge,2026-02-08,74.2414711413325,6,100.0,-25.758528858667503,LOW,Within normal range
Deptford Bridge,2026-02-09,81.92289007683414,0,100.0,-18.077109923165864,LOW,Within normal range
Deptford Bridge,2026-02-10,86.67322512745146,1,100.0,-13.32677487254854,LOW,Within normal range
Deptford Bridge,2026-02-11,90.82679630489716,2,100.0,-9.173203695102842,LOW,Within normal range
Deptford Bridge,2026-02-12,93.16222800089378,3,100.0,-6.837771999106224,LOW,Within normal range
Deptford Bridge,2026-02-13,92.54691001373084,4,100.0,-7.453089986269163,LOW,Within normal range
Deptford Bridge,2026-02-14,91.12978292195528,5,100.0,-8.870217078044718,LOW,Within normal range
Devons Road,2026-02-08,82.03005259384776,6,100.0,-17.969947406152244,LOW,Within normal range
Devons Road,2026-02-09,88.251492255031,0,100.0,-11.748507744969004,LOW,Within normal range
Devons Road,2026-02-10,92.00190466625374,1,100.0,-7.998095333746264,LOW,Within normal range
Devons Road,2026-02-11,93.76985828153184,2,100.0,-6.230141718468161,LOW,Within normal range
Devons Road,2026-02-12,94.14256167635573,3,100.0,-5.857438323644274,LOW,Within normal range
Devons Road,2026-02-13,92.46717119670063,4,100.0,-7.532828803299367,LOW,Within normal range
Devons Road,2026-02-14,90.97243363464335,5,100.0,-9.027566365356648,LOW,Within normal range
Dollis Hill,2026-02-08,80.8915572115121,6,100.0,-19.108442788487906,LOW,Within normal range
Dollis Hill,2026-02-09,87.45725837064926,0,100.0,-12.542741629350743,LOW,Within normal range
Dollis Hill,2026-02-10,91.94738327808247,1,100.0,-8.05261672191753,LOW,Within normal range
Dollis Hill,2026-02-11,93.58903490515881,2,100.0,-6.410965094841188,LOW,Within normal range
Dollis Hill,2026-02-12,93.85315378848712,3,100.0,-6.14684621151288,LOW,Within normal range
Dollis Hill,2026-02-13,92.5240596922006,4,100.0,-7.475940307799405,LOW,Within normal range
Dollis Hill,2026-02-14,90.82828634334729,5,100.0,-9.171713656652713,LOW,Within normal range
Ealing Broadway,2026-02-08,80.38119959379341,6,97.93601502492356,-17.55481543113015,LOW,Within normal range
Ealing Broadway,2026-02-09,84.76726888969644,0,100.0,-15.232731110303561,LOW,Within normal range
Ealing Broadway,2026-02-10,88.01266881890184,1,100.0,-11.987331181098156,LOW,Within normal range
Ealing Broadway,2026-02-11,92.62229697434313,2,100.0,-7.377703025656871,LOW,Within normal range
Ealing Broadway,2026-02-12,93.1229746208773,3,100.0,-6.877025379122699,LOW,Within normal range
Ealing Broadway,2026-02-13,92.03891522317039,4,99.99529399166137,-7.956378768490978,LOW,Within normal range
Ealing Broadway,2026-02-14,92.87928096465149,5,99.1112067350069,-6.231925770355417,LOW,Within normal range
Ealing Common,2026-02-08,75.9814601612751,6,100.0,-24.018539838724905,LOW,Within normal range
Ealing Common,2026-02-09,84.07091979208013,0,100.0,-15.929080207919867,LOW,Within normal range
Ealing Common,2026-02-10,87.26114082570204,1,100.0,-12.738859174297957,LOW,Within normal range
Ealing Common,2026-02-11,92.00767108954982,2,100.0,-7.992328910450183,LOW,Within normal range
Ealing Common,2026-02-12,94.47926887676617,3,100.0,-5.52073112323383,LOW,Within normal range
Ealing Common,2026-02-13,92.34838350354559,4,100.0,-7.651616496454409,LOW,Within normal range
Ealing Common,2026-02-14,91.31197105846242,5,100.0,-8.688028941537581,LOW,Within normal range
Earls Court,2026-02-08,81.74109321258717,6,96.99868201993984,-15.257588807352661,LOW,Within normal range
Earls Court,2026-02-09,88.46359252270315,0,100.0,-11.536407477296848,LOW,Within normal range
Earls Court,2026-02-10,93.09733841718634,1,100.0,-6.902661582813664,LOW,Within normal range
Earls Court,2026-02-11,93.11427366587803,2,100.0,-6.885726334121969,LOW,Within normal range
Earls Court,2026-02-12,93.88041364358874,3,100.0,-6.119586356411261,LOW,Within normal range
Earls Court,2026-02-13,92.5240596922006,4,100.0,-7.475940307799405,LOW,Within normal range
Earls Court,2026-02-14,90.8282863433473,5,98.91252207969569,-8.08423573634839,LOW,Within normal range
East Acton,2026-02-08,78.68468679069794,6,100.0,-21.31531320930206,LOW,Within normal range
East Acton,2026-02-09,83.38781051316202,0,100.0,-16.612189486837977,LOW,Within normal range
East Acton,2026-02-10,87.89782432869951,1,100.0,-12.102175671300486,LOW,Within normal range
East Acton,2026-02-11,92.6926970569909,2,100.0,-7.307302943009105,LOW,Within normal range
East Acton,2026-02-12,93.0980818788606,3,100.0,-6.901918121139403,LOW,Within normal range
East Acton,2026-02-13,92.0389152231704,4,100.0,-7.961084776829594,LOW,Within normal range
East Acton,2026-02-14,92.8792809646515,5,100.0,-7.1207190353485,LOW,Within normal range
East Finchley,2026-02-08,81.00714808700313,6,100.0,-18.99285191299687,LOW,Within normal range
East Finchley,2026-02-09,87.98686624626772,0,100.0,-12.013133753732276,LOW,Within normal range
East Finchley,2026-02-10,92.29979684047257,1,100.0,-7.700203159527433,LOW,Within normal range
East Finchley,2026-02-11,93.11506881955546,2,100.0,-6.884931180444539,LOW,Within normal range
East Finchley,2026-02-12,93.88041364358874,3,100.0,-6.119586356411261,LOW,Within normal range
East Finchley,2026-02-13,92.5240596922006,4,100.0,-7.475940307799405,LOW,Within normal range
East Finchley,2026-02-14,90.8282863433473,5,100.0,-9.171713656652699,LOW,Within normal range
East Ham,2026-02-08,88.32029711330732,6,100.0,-11.67970288669268,LOW,Within normal range
East Ham,2026-02-09,92.15934449487965,0,100.0,-7.840655505120353,LOW,Within normal range
East Ham,2026-02-10,93.43576248318632,1,100.0,-6.564237516813677,LOW,Within normal range
East Ham,2026-02-11,93.32617083802273,2,100.0,-6.673829161977267,LOW,Within normal range
East Ham,2026-02-12,93.93159325152588,3,100.0,-6.068406748474118,LOW,Within normal range
East Ham,2026-02-13,92.6099969860199,4,100.0,-7.390003013980106,LOW,Within normal range
East Ham,2026-02-14,90.9868281428699,5,100.0,-9.013171857130104,LOW,Within normal range
East India,2026-02-08,81.96326861069385,6,100.0,-18.036731389306155,LOW,Within normal range
East India,2026-02-09,88.22908664995366,0,100.0,-11.770913350046342,LOW,Within normal range
East India,2026-02-10,91.83391168702589,1,100.0,-8.16608831297411,LOW,Within normal range
East India,2026-02-11,92.90694431117925,2,100.0,-7.093055688820755,LOW,Within normal range
East India,2026-02-12,93.65162380016291,3,100.0,-6.348376199837091,LOW,Within normal range
East India,2026-02-13,91.87256971136554,4,100.0,-8.127430288634457,LOW,Within normal range
East India,2026-02-14,91.87175249867231,5,100.0,-8.128247501327692,LOW,Within normal range
East Putney,2026-02-08,80.58896009474702,6,97.62632367374349,-17.037363578996462,LOW,Within normal range
East Putney,2026-02-09,86.12469073081247,0,100.0,-13.875309269187525,LOW,Within normal range
East Putney,2026-02-10,89.94901809718709,1,100.0,-10.050981902812907,LOW,Within normal range
East Putney,2026-02-11,92.55037459202548,2,100.0,-7.449625407974523,LOW,Within normal range
East Putney,2026-02-12,92.80169440018324,3,100.0,-7.198305599816763,LOW,Within normal range
East Putney,2026-02-13,91.83759596791599,4,100.0,-8.162404032084012,LOW,Within normal range
East Putney,2026-02-14,91.75405675184149,5,100.0,-8.245943248158511,LOW,Within normal range
Eastcote,2026-02-08,82.40688240229343,6,100.0,-17.593117597706566,LOW,Within normal range
Eastcote,2026-02-09,88.2492062649619,0,100.0,-11.750793735038101,LOW,Within normal range
Eastcote,2026-02-10,91.81567541391372,1,100.0,-8.184324586086277,LOW,Within normal range
Eastcote,2026-02-11,92.74490313229197,2,100.0,-7.255096867708033,LOW,Within normal range
Eastcote,2026-02-12,93.20331418516989,3,100.0,-6.796685814830113,LOW,Within normal range
Eastcote,2026-02-13,91.85528487309747,4,100.0,-8.144715126902526,LOW,Within normal range
Eastcote,2026-02-14,91.67597806545076,5,100.0,-8.324021934549236,LOW,Within normal range
Edgware,2026-02-08,84.09319192691677,6,100.0,-15.906808073083226,LOW,Within normal range
Edgware,2026-02-09,88.56377967233237,0,100.0,-11.436220327667627,LOW,Within normal range
Edgware,2026-02-10,92.2114807586714,1,100.0,-7.788519241328601,LOW,Within normal range
Edgware,2026-02-11,93.04853829814574,2,100.0,-6.951461701854257,LOW,Within normal range
Edgware,2026-02-12,93.62087436928837,3,100.0,-6.379125630711627,LOW,Within normal range
Edgware,2026-02-13,91.87256971136553,4,100.0,-8.127430288634471,LOW,Within normal range
Edgware,2026-02-14,91.709711319785,5,100.0,-8.290288680215,LOW,Within normal range
Edgware Road B,2026-02-08,85.13414533549303,6,99.48973643855764,-14.355591103064612,LOW,Within normal range
Edgware Road B,2026-02-09,87.3409583593442,0,100.0,-12.6590416406558,LOW,Within normal range
Edgware Road B,2026-02-10,91.55356684459069,1,100.0,-8.44643315540931,LOW,Within normal range
Edgware Road B,2026-02-11,93.20732540087772,2,100.0,-6.792674599122279,LOW,Within normal range
Edgware Road B,2026-02-12,93.76843424656423,3,99.40373913497196,-5.635304888407731,LOW,Within normal range
Edgware Road B,2026-02-13,91.91193239157718,4,99.8212356798369,-7.909303288259721,LOW,Within normal range
Edgware Road B,2026-02-14,91.70971131978501,5,97.49947733280342,-5.789766013018408,LOW,Within normal range
Edgware Road C&H,2026-02-08,91.23303763621237,6,100.0,-8.766962363787627,LOW,Within normal range
Edgware Road C&H,2026-02-09,94.248835103833,0,100.0,-5.751164896166998,LOW,Within normal range
Edgware Road C&H,2026-02-10,93.62610916397105,1,100.0,-6.373890836028949,LOW,Within normal range
Edgware Road C&H,2026-02-11,93.29781103172218,2,100.0,-6.702188968277824,LOW,Within normal range
Edgware Road C&H,2026-02-12,93.93159325152588,3,100.0,-6.068406748474118,LOW,Within normal range
Edgware Road C&H,2026-02-13,92.6099969860199,4,100.0,-7.390003013980106,LOW,Within normal range
Edgware Road C&H,2026-02-14,90.8247869639826,5,100.0,-9.175213036017396,LOW,Within normal range
Edmonton Green,2026-02-08,73.79300765333387,6,100.0,-26.206992346666127,LOW,Within normal range
Edmonton Green,2026-02-09,81.68068356554355,0,100.0,-18.319316434456454,LOW,Within normal range
Edmonton Green,2026-02-10,86.42959033122997,1,100.0,-13.570409668770026,LOW,Within normal range
Edmonton Green,2026-02-11,89.4965982441871,2,100.0,-10.503401755812902,LOW,Within normal range
Edmonton Green,2026-02-12,92.08684480590041,3,100.0,-7.913155194099588,LOW,Within normal range
Edmonton Green,2026-02-13,92.23228703574388,4,100.0,-7.76771296425612,LOW,Within normal range
Edmonton Green,2026-02-14,91.39267668950588,5,100.0,-8.607323310494124,LOW,Within normal range
Elephant & Castle,2026-02-08,74.90708326748465,6,100.0,-25.09291673251535,LOW,Within normal range
Elephant & Castle,2026-02-09,82.36327330341274,0,100.0,-17.63672669658726,LOW,Within normal range
Elephant & Castle,2026-02-10,87.06765433652299,1,100.0,-12.932345663477008,LOW,Within normal range
Elephant & Castle,2026-02-11,91.65522940065792,2,100.0,-8.344770599342084,LOW,Within normal range
Elephant & Castle,2026-02-12,93.52657687435429,3,100.0,-6.473423125645709,LOW,Within normal range
Elephant & Castle,2026-02-13,91.85677999787505,4,100.0,-8.143220002124949,LOW,Within normal range
Elephant & Castle,2026-02-14,91.41147305088425,5,100.0,-8.588526949115746,LOW,Within normal range
Elm Park,2026-02-08,106.46449851820728,6,100.0,6.464498518207279,MED,Slightly above normal
Elm Park,2026-02-09,102.13757721466443,0,100.0,2.1375772146644323,LOW,Within normal range
Elm Park,2026-02-10,99.90149694945,1,100.0,-0.09850305054999353,LOW,Within normal range
Elm Park,2026-02-11,97.04585803370648,2,100.0,-2.9541419662935198,LOW,Within normal range
Elm Park,2026-02-12,96.59241173361417,3,100.0,-3.4075882663858295,LOW,Within normal range
Elm Park,2026-02-13,94.92832850525214,4,100.0,-5.071671494747861,LOW,Within normal range
Elm Park,2026-02-14,92.32792995996988,5,99.83662217158273,-7.508692211612853,LOW,Within normal range
Elverson Road,2026-02-08,80.60682686826448,6,100.0,-19.393173131735523,LOW,Within normal range
Elverson Road,2026-02-09,86.0633686499278,0,100.0,-13.936631350072204,LOW,Within normal range
Elverson Road,2026-02-10,89.80012685222272,1,100.0,-10.199873147777282,LOW,Within normal range
Elverson Road,2026-02-11,92.30071686631256,2,100.0,-7.6992831336874445,LOW,Within normal range
Elverson Road,2026-02-12,93.32054892193278,3,100.0,-6.679451078067217,LOW,Within normal range
Elverson Road,2026-02-13,91.85528487309747,4,100.0,-8.144715126902526,LOW,Within normal range
Elverson Road,2026-02-14,91.37773979655002,5,100.0,-8.622260203449983,LOW,Within normal range
Embankment,2026-02-08,103.56302289598199,6,94.18620759812556,9.376815297856425,HIGH,Above normal + momentum/weather
Embankment,2026-02-09,106.30848731874423,0,100.0,6.308487318744227,MED,Slightly above normal
Embankment,2026-02-10,103.46281287472306,1,99.85043690277233,3.6123759719507262,MED,Slightly above normal
Embankment,2026-02-11,101.44680418306072,2,99.7498814591615,1.6969227238992204,LOW,Within normal range
Embankment,2026-02-12,98.97894011008603,3,100.0,-1.0210598899139711,LOW,Within normal range
Embankment,2026-02-13,99.32264522913688,4,99.15314281858363,0.16950241055324966,LOW,Within normal range
Embankment,2026-02-14,94.0132296412575,5,97.30195597426831,-3.288726333010814,LOW,Within normal range
Emerson Park,2026-02-08,107.70615351991935,6,100.0,7.706153519919354,MED,Slightly above normal
Emerson Park,2026-02-09,104.98605154249826,0,100.0,4.986051542498259,MED,Slightly above normal
Emerson Park,2026-02-10,104.00464659605997,1,100.0,4.00464659605997,MED,Slightly above normal
Emerson Park,2026-02-11,100.17786702030564,2,100.0,0.17786702030564072,LOW,Within normal range
Emerson Park,2026-02-12,98.70980522057029,3,100.0,-1.2901947794297115,LOW,Within normal range
Emerson Park,2026-02-13,98.37191883386426,4,99.74313551815766,-1.371216684293401,LOW,Within normal range
Emerson Park,2026-02-14,94.92847537458947,5,100.0,-5.071524625410532,LOW,Within normal range
Enfield Town,2026-02-08,56.85065341790626,6,100.0,-43.14934658209374,LOW,Within normal range
Enfield Town,2026-02-09,74.88192095355295,0,100.0,-25.11807904644705,LOW,Within normal range
Enfield Town,2026-02-10,81.18773296891399,1,100.0,-18.81226703108601,LOW,Within normal range
Enfield Town,2026-02-11,86.70257163925116,2,100.0,-13.297428360748839,LOW,Within normal range
Enfield Town,2026-02-12,90.06210717460114,3,100.0,-9.937892825398862,LOW,Within normal range
Enfield Town,2026-02-13,92.85479727386982,4,100.0,-7.145202726130179,LOW,Within normal range
Enfield Town,2026-02-14,91.16609439655605,5,99.6533676768784,-8.487273280322356,LOW,Within normal range
Epping,2026-02-08,102.70658599142558,6,100.0,2.706585991425584,LOW,Within normal range
Epping,2026-02-09,106.1315246190932,0,100.0,6.131524619093199,MED,Slightly above normal
Epping,2026-02-10,102.56156645857476,1,100.0,2.5615664585747595,LOW,Within normal range
Epping,2026-02-11,100.0235110098095,2,100.0,0.023511009809496386,LOW,Within normal range
Epping,2026-02-12,99.13044588111357,3,100.0,-0.8695541188864269,LOW,Within normal range
Epping,2026-02-13,97.76348022574133,4,100.0,-2.2365197742586673,LOW,Within normal range
Epping,2026-02-14,92.52584767850657,5,100.0,-7.474152321493435,LOW,Within normal range
Euston,2026-02-08,72.36469018387982,6,100.0,-27.635309816120184,LOW,Within normal range
Euston,2026-02-09,81.13751057551427,0,100.0,-18.86248942448573,LOW,Within normal range
Euston,2026-02-10,87.1347385827868,1,100.0,-12.865261417213205,LOW,Within normal range
Euston,2026-02-11,91.50199616240187,2,100.0,-8.498003837598134,LOW,Within normal range
Euston,2026-02-12,93.80722370032905,3,100.0,-6.192776299670953,LOW,Within normal range
Euston,2026-02-13,92.384168926933,4,100.0,-7.615831073067,LOW,Within normal range
Euston,2026-02-14,90.78669093616314,5,100.0,-9.21330906383686,LOW,Within normal range
Euston NR,2026-02-08,75.15736094502036,6,100.0,-24.842639054979642,LOW,Within normal range
Euston NR,2026-02-09,82.08159894746169,0,97.62498779199332,-15.543388844531634,LOW,Within normal range
Euston NR,2026-02-10,87.41760110215567,1,97.72631799643119,-10.30871689427552,LOW,Within normal range
Euston NR,2026-02-11,91.21429213653093,2,96.42149280825409,-5.207200671723157,LOW,Within normal range
Euston NR,2026-02-12,93.04989132529663,3,97.78025223121142,-4.730360905914793,LOW,Within normal range
Euston NR,2026-02-13,91.66574229493784,4,99.30637572626084,-7.640633431322996,LOW,Within normal range
Euston NR,2026-02-14,91.98640791227973,5,99.36919779624928,-7.382789883969551,LOW,Within normal range
Euston Square,2026-02-08,69.54729168144657,6,100.0,-30.452708318553434,LOW,Within normal range
Euston Square,2026-02-09,79.70842430506399,0,100.0,-20.291575694936014,LOW,Within normal range
Euston Square,2026-02-10,83.09087423256588,1,98.95274776929251,-15.861873536726634,LOW,Within normal range
Euston Square,2026-02-11,87.09686297886208,2,100.0,-12.903137021137923,LOW,Within normal range
Euston Square,2026-02-12,91.47478721087131,3,100.0,-8.525212789128688,LOW,Within normal range
Euston Square,2026-02-13,92.69098439953815,4,100.0,-7.309015600461848,LOW,Within normal range
Euston Square,2026-02-14,90.76648312373288,5,100.0,-9.233516876267117,LOW,Within normal range
Fairlop,2026-02-08,77.38793775678465,6,100.0,-22.612062243215348,LOW,Within normal range
Fairlop,2026-02-09,83.49027232819915,0,100.0,-16.509727671800846,LOW,Within normal range
Fairlop,2026-02-10,88.10676129664762,1,100.0,-11.893238703352381,LOW,Within normal range
Fairlop,2026-02-11,91.69823782575887,2,100.0,-8.301762174241134,LOW,Within normal range
Fairlop,2026-02-12,93.51084926854044,3,100.0,-6.48915073145956,LOW,Within normal range
Fairlop,2026-02-13,91.85677999787508,4,100.0,-8.14322000212492,LOW,Within normal range
Fairlop,2026-02-14,91.60804252118157,5,100.0,-8.391957478818426,LOW,Within normal range
Farringdon,2026-02-08,73.38286914181474,6,100.0,-26.617130858185263,LOW,Within normal range
Farringdon,2026-02-09,81.31501657106584,0,100.0,-18.68498342893416,LOW,Within normal range
Farringdon,2026-02-10,86.46450657424828,1,100.0,-13.535493425751724,LOW,Within normal range
Farringdon,2026-02-11,89.96260183936674,2,100.0,-10.03739816063326,LOW,Within normal range
Farringdon,2026-02-12,92.62455988208467,3,100.0,-7.375440117915332,LOW,Within normal range
Farringdon,2026-02-13,91.36473214183306,4,100.0,-8.63526785816694,LOW,Within normal range
Farringdon,2026-02-14,91.37193947826422,5,100.0,-8.628060521735776,LOW,Within normal range
Finchley Central,2026-02-08,77.19332539204724,6,100.0,-22.806674607952758,LOW,Within normal range
Finchley Central,2026-02-09,82.55798391087455,0,100.0,-17.442016089125445,LOW,Within normal range
Finchley Central,2026-02-10,87.72505966011593,1,100.0,-12.274940339884068,LOW,Within normal range
Finchley Central,2026-02-11,91.95873706809859,2,100.0,-8.041262931901414,LOW,Within normal range
Finchley Central,2026-02-12,93.36017893315679,3,100.0,-6.639821066843211,LOW,Within normal range
Finchley Central,2026-02-13,91.8552848730975,4,100.0,-8.144715126902497,LOW,Within normal range
Finchley Central,2026-02-14,91.52825444751626,5,100.0,-8.471745552483739,LOW,Within normal range
Finchley Road,2026-02-08,77.48347279756538,6,100.0,-22.516527202434617,LOW,Within normal range
Finchley Road,2026-02-09,83.05664859891976,0,100.0,-16.943351401080236,LOW,Within normal range
Finchley Road,2026-02-10,87.43796279864306,1,100.0,-12.562037201356944,LOW,Within normal range
Finchley Road,2026-02-11,91.2195152750072,2,100.0,-8.780484724992803,LOW,Within normal range
Finchley Road,2026-02-12,92.98594747304945,3,100.0,-7.01405252695055,LOW,Within normal range
Finchley Road,2026-02-13,91.61635511747116,4,100.0,-8.383644882528841,LOW,Within normal range
Finchley Road,2026-02-14,91.94035309294867,5,100.0,-8.05964690705133,LOW,Within normal range
Finchley Road & Frognal,2026-02-08,0.41568104305329634,6,100.0,-99.5843189569467,LOW,Within normal range
Finchley Road & Frognal,2026-02-09,55.9923976368254,0,100.0,-44.0076023631746,LOW,Within normal range
Finchley Road & Frognal,2026-02-10,70.48077157222352,1,100.0,-29.519228427776483,LOW,Within normal range
Finchley Road & Frognal,2026-02-11,77.92183931043618,2,100.0,-22.078160689563816,LOW,Within normal range
Finchley Road & Frognal,2026-02-12,82.31531520412663,3,100.0,-17.684684795873366,LOW,Within normal range
Finchley Road & Frognal,2026-02-13,86.85485685954315,4,100.0,-13.145143140456852,LOW,Within normal range
Finchley Road & Frognal,2026-02-14,87.37582031876431,5,100.0,-12.624179681235688,LOW,Within normal range
Finsbury Park,2026-02-08,73.58733878277926,6,94.8610755145857,-21.27373673180645,LOW,Within normal range
Finsbury Park,2026-02-09,81.60096604658489,0,100.0,-18.399033953415113,LOW,Within normal range
Finsbury Park,2026-02-10,86.84264596752126,1,100.0,-13.157354032478736,LOW,Within normal range
Finsbury Park,2026-02-11,88.82363109982572,2,100.0,-11.176368900174282,LOW,Within normal range
Finsbury Park,2026-02-12,92.52370085014789,3,100.0,-7.47629914985211,LOW,Within normal range
Finsbury Park,2026-02-13,91.20688758459461,4,100.0,-8.793112415405389,LOW,Within normal range
Finsbury Park,2026-02-14,90.9669185926718,5,95.96224228083264,-4.995323688160838,LOW,Within normal range
Forest Gate,2026-02-08,80.30897159930288,6,100.0,-19.69102840069712,LOW,Within normal range
Forest Gate,2026-02-09,84.83338742273601,0,100.0,-15.16661257726399,LOW,Within normal range
Forest Gate,2026-02-10,88.18828485950014,1,99.04719769345056,-10.858912833950413,LOW,Within normal range
Forest Gate,2026-02-11,91.61367799334953,2,99.74822742361556,-8.134549430266034,LOW,Within normal range
Forest Gate,2026-02-12,93.50977710238509,3,100.0,-6.490222897614913,LOW,Within normal range
Forest Gate,2026-02-13,91.85677999787505,4,100.0,-8.143220002124949,LOW,Within normal range
Forest Gate,2026-02-14,91.5619877018505,5,100.0,-8.438012298149502,LOW,Within normal range
Forest Hill,2026-02-08,76.46581716652658,6,100.0,-23.534182833473423,LOW,Within normal range
Forest Hill,2026-02-09,83.26738150539884,0,100.0,-16.732618494601155,LOW,Within normal range
Forest Hill,2026-02-10,87.48223624576869,1,100.0,-12.51776375423131,LOW,Within normal range
Forest Hill,2026-02-11,91.04514664444505,2,100.0,-8.954853355554945,LOW,Within normal range
Forest Hill,2026-02-12,92.38737102600636,3,100.0,-7.612628973993637,LOW,Within normal range
Forest Hill,2026-02-13,91.40970368606538,4,100.0,-8.590296313934616,LOW,Within normal range
Forest Hill,2026-02-14,91.37193947826422,5,100.0,-8.628060521735776,LOW,Within normal range
Fulham Broadway,2026-02-08,129.5197273672091,6,78.1907807418176,51.328946625391495,HIGH,Above normal + momentum/weather
Fulham Broadway,2026-02-09,135.39345319099576,0,100.0,35.39345319099576,HIGH,Above normal + momentum/weather
Fulham Broadway,2026-02-10,127.27750193654657,1,96.91107503607503,30.366426900471538,HIGH,Above normal + momentum/weather
Fulham Broadway,2026-02-11,125.80333649164123,2,98.96704377766847,26.836292713972767,HIGH,Above normal + momentum/weather
Fulham Broadway,2026-02-12,121.6742685478526,3,92.50909257702494,29.16517597082766,HIGH,Above normal + momentum/weather
Fulham Broadway,2026-02-13,120.70094345941341,4,98.52027701943643,22.180666439976974,HIGH,Above normal + momentum/weather
Fulham Broadway,2026-02-14,119.41043096837402,5,91.79136274381199,27.619068224562028,HIGH,Above normal + momentum/weather
Gallions Reach,2026-02-08,89.4061286659638,6,100.0,-10.593871334036194,LOW,Within normal range
Gallions Reach,2026-02-09,92.18003905715801,0,100.0,-7.819960942841988,LOW,Within normal range
Gallions Reach,2026-02-10,92.85475519336308,1,100.0,-7.145244806636924,LOW,Within normal range
Gallions Reach,2026-02-11,92.62769975792813,2,100.0,-7.372300242071873,LOW,Within normal range
Gallions Reach,2026-02-12,92.94819877924002,3,100.0,-7.051801220759984,LOW,Within normal range
Gallions Reach,2026-02-13,91.71984027918693,4,100.0,-8.280159720813074,LOW,Within normal range
Gallions Reach,2026-02-14,91.73767210616387,5,100.0,-8.26232789383613,LOW,Within normal range
Gants Hill,2026-02-08,84.93903802089538,6,99.75065496969229,-14.81161694879691,LOW,Within normal range
Gants Hill,2026-02-09,88.54487327037413,0,100.0,-11.455126729625874,LOW,Within normal range
Gants Hill,2026-02-10,92.25723905661056,1,100.0,-7.742760943389442,LOW,Within normal range
Gants Hill,2026-02-11,92.78675106513191,2,100.0,-7.213248934868091,LOW,Within normal range
Gants Hill,2026-02-12,93.16501828664659,3,100.0,-6.8349817133534145,LOW,Within normal range
Gants Hill,2026-02-13,91.67952121816894,4,100.0,-8.320478781831056,LOW,Within normal range
Gants Hill,2026-02-14,91.94035309294867,5,97.99500325061014,-6.05465015766147,LOW,Within normal range
Gidea Park,2026-02-08,98.67168277456872,6,97.90072451970043,0.7709582548682903,LOW,Within normal range
Gidea Park,2026-02-09,100.82751082802984,0,100.0,0.827510828029844,LOW,Within normal range
Gidea Park,2026-02-10,94.67252833601195,1,100.0,-5.3274716639880495,LOW,Within normal range
Gidea Park,2026-02-11,93.7500173626606,2,100.0,-6.2499826373394,LOW,Within normal range
Gidea Park,2026-02-12,94.01635755956687,3,100.0,-5.98364244043313,LOW,Within normal range
Gidea Park,2026-02-13,92.38118424809403,4,100.0,-7.61881575190597,LOW,Within normal range
Gidea Park,2026-02-14,90.6539991750461,5,100.0,-9.346000824953904,LOW,Within normal range
Gloucester Road,2026-02-08,80.35180366354749,6,99.89700368284807,-19.54520001930058,LOW,Within normal range
Gloucester Road,2026-02-09,84.9250216072748,0,100.0,-15.0749783927252,LOW,Within normal range
Gloucester Road,2026-02-10,88.12173952280189,1,100.0,-11.878260477198111,LOW,Within normal range
Gloucester Road,2026-02-11,91.55823048617884,2,100.0,-8.441769513821157,LOW,Within normal range
Gloucester Road,2026-02-12,93.55832927130959,3,100.0,-6.441670728690411,LOW,Within normal range
Gloucester Road,2026-02-13,91.78934945810215,4,100.0,-8.210650541897849,LOW,Within normal range
Gloucester Road,2026-02-14,91.44831181319803,5,99.64980524883737,-8.201493435639335,LOW,Within normal range
Golders Green,2026-02-08,77.89864307375674,6,94.83563615856102,-16.93699308480427,LOW,Within normal range
Golders Green,2026-02-09,84.03123951294882,0,100.0,-15.968760487051185,LOW,Within normal range
Golders Green,2026-02-10,87.31357444114838,1,100.0,-12.686425558851624,LOW,Within normal range
Golders Green,2026-02-11,91.24561210823231,2,100.0,-8.754387891767692,LOW,Within normal range
Golders Green,2026-02-12,93.32413609232586,3,100.0,-6.675863907674142,LOW,Within normal range
Golders Green,2026-02-13,91.77206461983411,4,100.0,-8.227935380165889,LOW,Within normal range
Golders Green,2026-02-14,91.73767210616387,5,94.31494590751326,-2.577273801349392,LOW,Within normal range
Goldhawk Road,2026-02-08,75.18281865097832,6,100.0,-24.81718134902168,LOW,Within normal range
Goldhawk Road,2026-02-09,82.48902618455804,0,100.0,-17.510973815441957,LOW,Within normal range
Goldhawk Road,2026-02-10,87.49541448367253,1,100.0,-12.504585516327467,LOW,Within normal range
Goldhawk Road,2026-02-11,90.98881546199891,2,100.0,-9.011184538001089,LOW,Within normal range
Goldhawk Road,2026-02-12,92.31603320164554,3,100.0,-7.6839667983544615,LOW,Within normal range
Goldhawk Road,2026-02-13,91.2504295117545,4,100.0,-8.749570488245496,LOW,Within normal range
Goldhawk Road,2026-02-14,91.36779881059044,5,100.0,-8.632201189409557,LOW,Within normal range
Goodge Street,2026-02-08,71.05015598019844,6,100.0,-28.94984401980156,LOW,Within normal range
Goodge Street,2026-02-09,80.61246409535634,0,100.0,-19.387535904643656,LOW,Within normal range
Goodge Street,2026-02-10,85.68044133912878,1,98.58274986535355,-12.902308526224772,LOW,Within normal range
Goodge Street,2026-02-11,89.118087373108,2,100.0,-10.881912626892003,LOW,Within normal range
Goodge Street,2026-02-12,92.1699234682247,3,100.0,-7.830076531775305,LOW,Within normal range
Goodge Street,2026-02-13,91.13780878242159,4,100.0,-8.862191217578413,LOW,Within normal range
Goodge Street,2026-02-14,90.81424272077302,5,99.18062838385131,-8.36638566307829,LOW,Within normal range
Goodmayes,2026-02-08,90.61638524507967,6,100.0,-9.38361475492033,LOW,Within normal range
Goodmayes,2026-02-09,91.98578508603227,0,100.0,-8.014214913967734,LOW,Within normal range
Goodmayes,2026-02-10,93.03751691242219,1,100.0,-6.962483087577809,LOW,Within normal range
Goodmayes,2026-02-11,92.87317468169698,2,100.0,-7.12682531830302,LOW,Within normal range
Goodmayes,2026-02-12,93.43482006053664,3,100.0,-6.565179939463363,LOW,Within normal range
Goodmayes,2026-02-13,91.85528487309747,4,100.0,-8.144715126902526,LOW,Within normal range
Goodmayes,2026-02-14,91.52825444751625,5,100.0,-8.471745552483753,LOW,Within normal range
Gospel Oak,2026-02-08,51.963733787794645,6,95.8799864094763,-43.91625262168166,LOW,Within normal range
Gospel Oak,2026-02-09,70.37837393952968,0,100.0,-29.62162606047032,LOW,Within normal range
Gospel Oak,2026-02-10,78.24081253838814,1,100.0,-21.75918746161186,LOW,Within normal range
Gospel Oak,2026-02-11,82.47893132131581,2,100.0,-17.521068678684188,LOW,Within normal range
Gospel Oak,2026-02-12,87.15800033104519,3,100.0,-12.841999668954813,LOW,Within normal range
Gospel Oak,2026-02-13,91.17787236659503,4,100.0,-8.822127633404975,LOW,Within normal range
Gospel Oak,2026-02-14,91.20281086498431,5,99.36912682949178,-8.166315964507461,LOW,Within normal range
Grange Hill,2026-02-08,81.46342437010537,6,98.7012987012987,-17.237874331193325,LOW,Within normal range
Grange Hill,2026-02-09,87.51975842351393,0,100.0,-12.480241576486065,LOW,Within normal range
Grange Hill,2026-02-10,91.16938213550175,1,100.0,-8.830617864498251,LOW,Within normal range
Grange Hill,2026-02-11,91.83457607165869,2,100.0,-8.165423928341312,LOW,Within normal range
Grange Hill,2026-02-12,93.0884986960503,3,100.0,-6.911501303949706,LOW,Within normal range
Grange Hill,2026-02-13,91.69480775525636,4,100.0,-8.305192244743637,LOW,Within normal range
Grange Hill,2026-02-14,91.86893520634422,5,100.0,-8.131064793655781,LOW,Within normal range
Great Portland Street,2026-02-08,73.62817248462248,6,100.0,-26.371827515377518,LOW,Within normal range
Great Portland Street,2026-02-09,81.6317790637526,0,100.0,-18.368220936247397,LOW,Within normal range
Great Portland Street,2026-02-10,86.84264596752126,1,100.0,-13.157354032478736,LOW,Within normal range
Great Portland Street,2026-02-11,88.71891335029859,2,100.0,-11.281086649701408,LOW,Within normal range
Great Portland Street,2026-02-12,92.45667715903639,3,100.0,-7.5433228409636115,LOW,Within normal range
Great Portland Street,2026-02-13,91.31745006147145,4,100.0,-8.682549938528553,LOW,Within normal range
Great Portland Street,2026-02-14,91.37193947826422,5,100.0,-8.628060521735776,LOW,Within normal range
Green Park,2026-02-08,90.72324550775792,6,96.2348870946857,-5.51164158692778,LOW,Within normal range
Green Park,2026-02-09,92.19221961812899,0,100.0,-7.807780381871012,LOW,Within normal range
Green Park,2026-02-10,92.83133890598128,1,100.0,-7.1686610940187165,LOW,Within normal range
Green Park,2026-02-11,92.56983043443333,2,100.0,-7.430169565566672,LOW,Within normal range
Green Park,2026-02-12,92.7896569797174,3,100.0,-7.210343020282593,LOW,Within normal range
Green Park,2026-02-13,91.67131939237971,4,98.35439070835432,-6.683071315974601,LOW,Within normal range
Green Park,2026-02-14,92.07846180293016,5,95.59687147858257,-3.518409675652407,LOW,Within normal range
Greenford,2026-02-08,83.18626775991042,6,100.0,-16.81373224008958,LOW,Within normal range
Greenford,2026-02-09,88.0227344930647,0,100.0,-11.977265506935296,LOW,Within normal range
Greenford,2026-02-10,92.22320509210778,1,100.0,-7.776794907892224,LOW,Within normal range
Greenford,2026-02-11,92.87784753599631,2,100.0,-7.12215246400369,LOW,Within normal range
Greenford,2026-02-12,93.43482006053664,3,100.0,-6.565179939463363,LOW,Within normal range
Greenford,2026-02-13,91.85528487309747,4,100.0,-8.144715126902526,LOW,Within normal range
Greenford,2026-02-14,91.66636315749774,5,100.0,-8.333636842502258,LOW,Within normal range
Greenwich,2026-02-08,93.56125466002096,6,81.73735966716788,11.823894992853084,HIGH,Above normal + momentum/weather
Greenwich,2026-02-09,96.24893762622487,0,86.16354062404804,10.085397002176833,HIGH,Above normal + momentum/weather
Greenwich,2026-02-10,95.00939977686086,1,85.1794806747966,9.829919102064267,HIGH,Above normal + momentum/weather
Greenwich,2026-02-11,93.94613283817554,2,86.34479167464335,7.601341163532197,MED,Slightly above normal
Greenwich,2026-02-12,94.64035763603292,3,85.92191989183708,8.718437744195839,HIGH,Above normal + momentum/weather
Greenwich,2026-02-13,92.3640433908409,4,83.2380173256675,9.126026065173406,HIGH,Above normal + momentum/weather
Greenwich,2026-02-14,90.98365330403887,5,86.16285836706764,4.820794936971225,MED,Slightly above normal
Gunnersbury,2026-02-08,90.82249596661751,6,100.0,-9.17750403338249,LOW,Within normal range
Gunnersbury,2026-02-09,92.36977970644757,0,100.0,-7.630220293552426,LOW,Within normal range
Gunnersbury,2026-02-10,92.7810420190013,1,100.0,-7.218957980998695,LOW,Within normal range
Gunnersbury,2026-02-11,92.51897420778018,2,100.0,-7.481025792219825,LOW,Within normal range
Gunnersbury,2026-02-12,92.7896569797174,3,100.0,-7.210343020282593,LOW,Within normal range
Gunnersbury,2026-02-13,91.6713193923797,4,100.0,-8.3286806076203,LOW,Within normal range
Gunnersbury,2026-02-14,92.07846180293016,5,97.11387430026502,-5.03541249733486,LOW,Within normal range
Hackney Central,2026-02-08,68.46767674018821,6,100.0,-31.53232325981179,LOW,Within normal range
Hackney Central,2026-02-09,78.0654228861964,0,100.0,-21.9345771138036,LOW,Within normal range
Hackney Central,2026-02-10,82.57652759253673,1,100.0,-17.423472407463265,LOW,Within normal range
Hackney Central,2026-02-11,87.56715606773233,2,100.0,-12.432843932267673,LOW,Within normal range
Hackney Central,2026-02-12,91.00814725884024,3,100.0,-8.99185274115976,LOW,Within normal range
Hackney Central,2026-02-13,92.30376363752976,4,100.0,-7.696236362470245,LOW,Within normal range
Hackney Central,2026-02-14,90.16633956523461,5,100.0,-9.833660434765392,LOW,Within normal range
Hackney Downs,2026-02-08,50.406184775368494,6,97.01284643849064,-46.606661663122146,LOW,Within normal range
Hackney Downs,2026-02-09,66.2618958765137,0,100.0,-33.738104123486295,LOW,Within normal range
Hackney Downs,2026-02-10,75.63233101326557,1,100.0,-24.36766898673443,LOW,Within normal range
Hackney Downs,2026-02-11,79.93984312402954,2,100.0,-20.060156875970463,LOW,Within normal range
Hackney Downs,2026-02-12,84.45350762256561,3,100.0,-15.54649237743439,LOW,Within normal range
Hackney Downs,2026-02-13,87.53087024892758,4,100.0,-12.469129751072416,LOW,Within normal range
Hackney Downs,2026-02-14,90.52338445960669,5,98.64947993972605,-8.12609548011936,LOW,Within normal range
Hackney Wick,2026-02-08,71.64991384560275,6,93.49446296752438,-21.84454912192163,LOW,Within normal range
Hackney Wick,2026-02-09,80.45986042264713,0,100.0,-19.540139577352875,LOW,Within normal range
Hackney Wick,2026-02-10,84.01208358905573,1,100.0,-15.987916410944266,LOW,Within normal range
Hackney Wick,2026-02-11,86.89822623433498,2,100.0,-13.101773765665016,LOW,Within normal range
Hackney Wick,2026-02-12,90.56083260578353,3,99.59012637345852,-9.029293767674986,LOW,Within normal range
Hackney Wick,2026-02-13,92.59539249057772,4,99.95385583444032,-7.358463343862596,LOW,Within normal range
Hackney Wick,2026-02-14,90.60794132421027,5,100.0,-9.392058675789727,LOW,Within normal range
Haggerston,2026-02-08,57.61699512934498,6,100.0,-42.38300487065502,LOW,Within normal range
Haggerston,2026-02-09,74.63487370914324,0,100.0,-25.365126290856765,LOW,Within normal range
Haggerston,2026-02-10,80.82257423170309,1,100.0,-19.177425768296914,LOW,Within normal range
Haggerston,2026-02-11,86.55578032434894,2,100.0,-13.444219675651055,LOW,Within normal range
Haggerston,2026-02-12,90.26539261292642,3,100.0,-9.73460738707358,LOW,Within normal range
Haggerston,2026-02-13,92.86797872883093,4,100.0,-7.132021271169066,LOW,Within normal range
Haggerston,2026-02-14,91.17836711623177,5,100.0,-8.821632883768231,LOW,Within normal range
Hainault,2026-02-08,91.20638942499454,6,100.0,-8.79361057500546,LOW,Within normal range
Hainault,2026-02-09,93.90392023294221,0,100.0,-6.0960797670577875,LOW,Within normal range
Hainault,2026-02-10,93.50105645092849,1,100.0,-6.498943549071512,LOW,Within normal range
Hainault,2026-02-11,93.26171123936366,2,100.0,-6.738288760636337,LOW,Within normal range
Hainault,2026-02-12,93.93159325152588,3,100.0,-6.068406748474118,LOW,Within normal range
Hainault,2026-02-13,92.6099969860199,4,100.0,-7.390003013980106,LOW,Within normal range
Hainault,2026-02-14,90.65851038844636,5,100.0,-9.34148961155364,LOW,Within normal range
Hammersmith C&H,2026-02-08,78.25277686558863,6,94.68936342088202,-16.43658655529339,LOW,Within normal range
Hammersmith C&H,2026-02-09,83.71687941496002,0,100.0,-16.28312058503998,LOW,Within normal range
Hammersmith C&H,2026-02-10,87.87999282935186,1,99.98731625213009,-12.107323422778222,LOW,Within normal range
Hammersmith C&H,2026-02-11,92.14936572984035,2,100.0,-7.850634270159645,LOW,Within normal range
Hammersmith C&H,2026-02-12,92.87624981836986,3,100.0,-7.123750181630143,LOW,Within normal range
Hammersmith C&H,2026-02-13,91.93088660497988,4,100.0,-8.069113395020125,LOW,Within normal range
Hammersmith C&H,2026-02-14,91.7962036346178,5,96.38899525759228,-4.592791622974488,LOW,Within normal range
Hammersmith D&P,2026-02-08,76.27778389941062,6,100.0,-23.722216100589378,LOW,Within normal range
Hammersmith D&P,2026-02-09,82.33265026978773,0,100.0,-17.667349730212266,LOW,Within normal range
Hammersmith D&P,2026-02-10,87.88933402848585,1,100.0,-12.110665971514152,LOW,Within normal range
Hammersmith D&P,2026-02-11,92.25213851275242,2,100.0,-7.747861487247576,LOW,Within normal range
Hammersmith D&P,2026-02-12,93.00481489735301,3,100.0,-6.995185102646985,LOW,Within normal range
Hammersmith D&P,2026-02-13,91.73101033200999,4,100.0,-8.268989667990013,LOW,Within normal range
Hammersmith D&P,2026-02-14,91.91531130846249,5,100.0,-8.084688691537508,LOW,Within normal range
Hampstead,2026-02-08,73.69860477639699,6,98.98855693324089,-25.289952156843896,LOW,Within normal range
Hampstead,2026-02-09,81.45214588366451,0,100.0,-18.547854116335486,LOW,Within normal range
Hampstead,2026-02-10,87.25906207418431,1,100.0,-12.740937925815686,LOW,Within normal range
Hampstead,2026-02-11,91.48807231742363,2,100.0,-8.51192768257637,LOW,Within normal range
Hampstead,2026-02-12,93.9804560483958,3,100.0,-6.019543951604206,LOW,Within normal range
Hampstead,2026-02-13,92.5532068542056,4,100.0,-7.446793145794402,LOW,Within normal range
Hampstead,2026-02-14,90.49996858892375,5,100.0,-9.50003141107625,LOW,Within normal range
Hampstead Heath,2026-02-08,66.11542817708491,6,95.17301390645572,-29.057585729370814,LOW,Within normal range
Hampstead Heath,2026-02-09,76.62259659964401,0,100.0,-23.377403400355988,LOW,Within normal range
Hampstead Heath,2026-02-10,82.74607381557533,1,99.39509841089608,-16.649024595320753,LOW,Within normal range
Hampstead Heath,2026-02-11,87.6792334021534,2,100.0,-12.3207665978466,LOW,Within normal range
Hampstead Heath,2026-02-12,92.14085059715734,3,100.0,-7.859149402842661,LOW,Within normal range
Hampstead Heath,2026-02-13,91.90076057419402,4,99.4237777881344,-7.523017213940378,LOW,Within normal range
Hampstead Heath,2026-02-14,92.15052006661796,5,100.0,-7.849479933382042,LOW,Within normal range
Hanger Lane,2026-02-08,79.88412664812263,6,96.36030692692253,-16.4761802787999,LOW,Within normal range
Hanger Lane,2026-02-09,85.85251825129055,0,100.0,-14.147481748709453,LOW,Within normal range
Hanger Lane,2026-02-10,89.75715682901586,1,100.0,-10.242843170984145,LOW,Within normal range
Hanger Lane,2026-02-11,92.76943900145703,2,100.0,-7.23056099854297,LOW,Within normal range
Hanger Lane,2026-02-12,92.99431246936045,3,100.0,-7.005687530639548,LOW,Within normal range
Hanger Lane,2026-02-13,91.73101033200999,4,100.0,-8.268989667990013,LOW,Within normal range
Hanger Lane,2026-02-14,91.91531130846249,5,96.33055594117329,-4.415244632710795,LOW,Within normal range
Hanwell,2026-02-08,82.33773979171369,6,100.0,-17.662260208286312,LOW,Within normal range
Hanwell,2026-02-09,88.12398277249693,0,100.0,-11.87601722750307,LOW,Within normal range
Hanwell,2026-02-10,92.37760328592394,1,100.0,-7.622396714076061,LOW,Within normal range
Hanwell,2026-02-11,92.43214934425572,2,100.0,-7.56785065574428,LOW,Within normal range
Hanwell,2026-02-12,92.94402648576448,3,100.0,-7.055973514235518,LOW,Within normal range
Hanwell,2026-02-13,91.71984027918693,4,100.0,-8.280159720813074,LOW,Within normal range
Hanwell,2026-02-14,91.91531130846249,5,100.0,-8.084688691537508,LOW,Within normal range
Harlesden,2026-02-08,79.47987835524368,6,100.0,-20.520121644756316,LOW,Within normal range
Harlesden,2026-02-09,80.79911995655215,0,100.0,-19.200880043447853,LOW,Within normal range
Harlesden,2026-02-10,87.08786143803778,1,100.0,-12.912138561962223,LOW,Within normal range
Harlesden,2026-02-11,92.0597701904411,2,100.0,-7.9402298095589,LOW,Within normal range
Harlesden,2026-02-12,93.40152169513729,3,100.0,-6.598478304862709,LOW,Within normal range
Harlesden,2026-02-13,92.03039531954309,4,100.0,-7.969604680456911,LOW,Within normal range
Harlesden,2026-02-14,91.51248250104422,5,100.0,-8.487517498955782,LOW,Within normal range
Harold Wood,2026-02-08,105.22758886684032,6,100.0,5.227588866840321,MED,Slightly above normal
Harold Wood,2026-02-09,105.76920357600076,0,100.0,5.769203576000763,MED,Slightly above normal
Harold Wood,2026-02-10,104.00322088451595,1,100.0,4.0032208845159545,MED,Slightly above normal
Harold Wood,2026-02-11,101.54053426557219,2,100.0,1.540534265572191,LOW,Within normal range
Harold Wood,2026-02-12,98.7029196138293,3,99.92591502148943,-1.222995407660136,LOW,Within normal range
Harold Wood,2026-02-13,99.53397695342757,4,99.82747703037208,-0.2935000769445111,LOW,Within normal range
Harold Wood,2026-02-14,95.49054322938174,5,100.0,-4.509456770618257,LOW,Within normal range
Harringay Green Lanes,2026-02-08,67.66986318593985,6,100.0,-32.330136814060154,LOW,Within normal range
Harringay Green Lanes,2026-02-09,77.26704433885841,0,100.0,-22.732955661141588,LOW,Within normal range
Harringay Green Lanes,2026-02-10,80.57419936672702,1,100.0,-19.425800633272985,LOW,Within normal range
Harringay Green Lanes,2026-02-11,85.22675966583583,2,100.0,-14.773240334164171,LOW,Within normal range
Harringay Green Lanes,2026-02-12,87.42951385711439,3,100.0,-12.570486142885613,LOW,Within normal range
Harringay Green Lanes,2026-02-13,91.92292318217523,4,100.0,-8.077076817824775,LOW,Within normal range
Harringay Green Lanes,2026-02-14,92.55826858219922,5,100.0,-7.441731417800781,LOW,Within normal range
Harrow & Wealdstone,2026-02-08,85.56583238983414,6,99.40363174571554,-13.837799355881401,LOW,Within normal range
Harrow & Wealdstone,2026-02-09,90.14911577399498,0,100.0,-9.850884226005022,LOW,Within normal range
Harrow & Wealdstone,2026-02-10,93.2042517538492,1,100.0,-6.795748246150794,LOW,Within normal range
Harrow & Wealdstone,2026-02-11,93.22587108348688,2,100.0,-6.774128916513121,LOW,Within normal range
Harrow & Wealdstone,2026-02-12,93.90405050627703,3,99.68066780225364,-5.776617295976607,LOW,Within normal range
Harrow & Wealdstone,2026-02-13,92.41220959265326,4,100.0,-7.587790407346745,LOW,Within normal range
Harrow & Wealdstone,2026-02-14,90.53943746470993,5,98.27149569780923,-7.732058233099295,LOW,Within normal range
Harrow-on-the-Hill,2026-02-08,82.57835592072269,6,100.0,-17.421644079277314,LOW,Within normal range
Harrow-on-the-Hill,2026-02-09,88.27107078990795,0,100.0,-11.728929210092048,LOW,Within normal range
Harrow-on-the-Hill,2026-02-10,92.24383121483223,1,100.0,-7.756168785167773,LOW,Within normal range
Harrow-on-the-Hill,2026-02-11,92.72260551688365,2,100.0,-7.277394483116353,LOW,Within normal range
Harrow-on-the-Hill,2026-02-12,92.94819877924003,3,100.0,-7.05180122075997,LOW,Within normal range
Harrow-on-the-Hill,2026-02-13,91.58129703299078,4,100.0,-8.418702967009224,LOW,Within normal range
Harrow-on-the-Hill,2026-02-14,91.82350813536893,5,100.0,-8.176491864631075,LOW,Within normal range
Hatch End,2026-02-08,81.08110109978855,6,100.0,-18.918898900211445,LOW,Within normal range
Hatch End,2026-02-09,88.87358134105561,0,100.0,-11.126418658944388,LOW,Within normal range
Hatch End,2026-02-10,92.65971047605198,1,100.0,-7.340289523948016,LOW,Within normal range
Hatch End,2026-02-11,92.20603728222055,2,100.0,-7.793962717779451,LOW,Within normal range
Hatch End,2026-02-12,93.01191334967227,3,100.0,-6.98808665032773,LOW,Within normal range
Hatch End,2026-02-13,91.91419908740306,4,100.0,-8.085800912596937,LOW,Within normal range
Hatch End,2026-02-14,91.5592720946713,5,100.0,-8.4407279053287,LOW,Within normal range
Hatton Cross,2026-02-08,111.27264796718275,6,100.0,11.272647967182749,HIGH,Above normal + momentum/weather
Hatton Cross,2026-02-09,110.85573566539978,0,100.0,10.855735665399777,HIGH,Above normal + momentum/weather
Hatton Cross,2026-02-10,106.59162026881623,1,100.0,6.591620268816229,MED,Slightly above normal
Hatton Cross,2026-02-11,104.35783056107472,2,100.0,4.357830561074721,MED,Slightly above normal
Hatton Cross,2026-02-12,101.81986826496977,3,100.0,1.8198682649697702,LOW,Within normal range
Hatton Cross,2026-02-13,98.82094928643497,4,100.0,-1.179050713565033,LOW,Within normal range
Hatton Cross,2026-02-14,98.91904919317378,5,100.0,-1.0809508068262232,LOW,Within normal range
Hayes & Harlington,2026-02-08,93.46385338602875,6,100.0,-6.536146613971255,LOW,Within normal range
Hayes & Harlington,2026-02-09,96.54312792848265,0,100.0,-3.4568720715173527,LOW,Within normal range
Hayes & Harlington,2026-02-10,95.58399262873849,1,100.0,-4.416007371261514,LOW,Within normal range
Hayes & Harlington,2026-02-11,94.93209228776617,2,100.0,-5.067907712233833,LOW,Within normal range
Hayes & Harlington,2026-02-12,94.75916120066415,3,99.87723471798992,-5.118073517325769,LOW,Within normal range
Hayes & Harlington,2026-02-13,92.8251390073855,4,100.0,-7.174860992614498,LOW,Within normal range
Hayes & Harlington,2026-02-14,91.07499845885943,5,100.0,-8.925001541140574,LOW,Within normal range
Headstone Lane,2026-02-08,86.39208430242863,6,100.0,-13.607915697571372,LOW,Within normal range
Headstone Lane,2026-02-09,91.2721637692841,0,100.0,-8.727836230715894,LOW,Within normal range
Headstone Lane,2026-02-10,93.100117157234,1,100.0,-6.899882842766004,LOW,Within normal range
Headstone Lane,2026-02-11,92.89346609440838,2,100.0,-7.106533905591618,LOW,Within normal range
Headstone Lane,2026-02-12,93.41450882796173,3,100.0,-6.5854911720382745,LOW,Within normal range
Headstone Lane,2026-02-13,91.71674162690135,4,100.0,-8.283258373098647,LOW,Within normal range
Headstone Lane,2026-02-14,91.74837852074403,5,100.0,-8.251621479255974,LOW,Within normal range
Heathrow T2&3 TfL Rail/HEx,2026-02-08,103.33960412572279,6,99.1288401837756,4.210763941947192,MED,Slightly above normal
Heathrow T2&3 TfL Rail/HEx,2026-02-09,107.40946176709016,0,99.74834415538197,7.6611176117081925,MED,Slightly above normal
Heathrow T2&3 TfL Rail/HEx,2026-02-10,104.05396620943486,1,100.0,4.053966209434861,MED,Slightly above normal
Heathrow T2&3 TfL Rail/HEx,2026-02-11,101.62489826177007,2,100.0,1.6248982617700705,LOW,Within normal range
Heathrow T2&3 TfL Rail/HEx,2026-02-12,98.7518350203939,3,100.0,-1.248164979606102,LOW,Within normal range
Heathrow T2&3 TfL Rail/HEx,2026-02-13,99.6168880544945,4,100.0,-0.38311194550550454,LOW,Within normal range
Heathrow T2&3 TfL Rail/HEx,2026-02-14,95.60178078516446,5,98.0338914756447,-2.432110690480229,LOW,Within normal range
Heathrow T4 TfL Rail/HEx,2026-02-08,110.46680098719156,6,96.91658137154556,13.550219615646,HIGH,Above normal + momentum/weather
Heathrow T4 TfL Rail/HEx,2026-02-09,110.13478517062582,0,96.49223863848886,13.642546532136961,HIGH,Above normal + momentum/weather
Heathrow T4 TfL Rail/HEx,2026-02-10,105.9939703335909,1,97.82505159549135,8.16891873809955,HIGH,Above normal + momentum/weather
Heathrow T4 TfL Rail/HEx,2026-02-11,104.74561369749205,2,99.81054135478462,4.935072342707429,MED,Slightly above normal
Heathrow T4 TfL Rail/HEx,2026-02-12,104.68593386508955,3,99.8855888761982,4.800344988891354,MED,Slightly above normal
Heathrow T4 TfL Rail/HEx,2026-02-13,104.28777660429965,4,100.0,4.287776604299651,MED,Slightly above normal
Heathrow T4 TfL Rail/HEx,2026-02-14,102.13878993974645,5,95.95342056018578,6.185369379560669,MED,Slightly above normal
Heathrow T5 TfL Rail/HEx,2026-02-08,113.70084557927457,6,93.13079178454102,20.570053794733553,HIGH,Above normal + momentum/weather
Heathrow T5 TfL Rail/HEx,2026-02-09,113.53012378939842,0,97.03522234145223,16.49490144794619,HIGH,Above normal + momentum/weather
Heathrow T5 TfL Rail/HEx,2026-02-10,110.34801198715111,1,99.22632736241617,11.12168462473494,HIGH,Above normal + momentum/weather
Heathrow T5 TfL Rail/HEx,2026-02-11,107.31083925329993,2,100.0,7.310839253299932,MED,Slightly above normal
Heathrow T5 TfL Rail/HEx,2026-02-12,103.83071363905479,3,99.57954442075618,4.251169218298614,MED,Slightly above normal
Heathrow T5 TfL Rail/HEx,2026-02-13,102.00021163262437,4,99.51321611562119,2.48699551700318,LOW,Within normal range
Heathrow T5 TfL Rail/HEx,2026-02-14,98.45060814134277,5,95.09227474407976,3.35833339726301,MED,Slightly above normal
Heathrow Terminal 4,2026-02-08,108.66004189540918,6,99.8557699173176,8.804271978091577,HIGH,Above normal + momentum/weather
Heathrow Terminal 4,2026-02-09,109.51311404484164,0,100.0,9.513114044841643,HIGH,Above normal + momentum/weather
Heathrow Terminal 4,2026-02-10,105.23172735190225,1,98.84071841497959,6.39100893692266,MED,Slightly above normal
Heathrow Terminal 4,2026-02-11,104.0643344754396,2,98.00284472848432,6.061489746955274,MED,Slightly above normal
Heathrow Terminal 4,2026-02-12,101.85915125581622,3,99.24810255078555,2.6110487050306688,LOW,Within normal range
Heathrow Terminal 4,2026-02-13,98.627790844729,4,98.868374032162,-0.24058318743298912,LOW,Within normal range
Heathrow Terminal 4,2026-02-14,98.80213625118748,5,100.0,-1.197863748812523,LOW,Within normal range
Heathrow Terminal 5,2026-02-08,114.106612810681,6,100.0,14.106612810681,HIGH,Above normal + momentum/weather
Heathrow Terminal 5,2026-02-09,115.33362463323049,0,100.0,15.333624633230485,HIGH,Above normal + momentum/weather
Heathrow Terminal 5,2026-02-10,111.40276758399393,1,100.0,11.402767583993935,HIGH,Above normal + momentum/weather
Heathrow Terminal 5,2026-02-11,106.84036687675207,2,100.0,6.840366876752071,MED,Slightly above normal
Heathrow Terminal 5,2026-02-12,104.68161821745683,3,100.0,4.68161821745683,MED,Slightly above normal
Heathrow Terminal 5,2026-02-13,104.82139007538427,4,98.60712168260784,6.214268392776432,MED,Slightly above normal
Heathrow Terminal 5,2026-02-14,104.16532707404745,5,100.0,4.165327074047454,MED,Slightly above normal
Heathrow Terminals 2&3,2026-02-08,107.13854882618664,6,100.0,7.138548826186636,MED,Slightly above normal
Heathrow Terminals 2&3,2026-02-09,105.45668100891771,0,100.0,5.4566810089177125,MED,Slightly above normal
Heathrow Terminals 2&3,2026-02-10,103.3457680324617,1,100.0,3.345768032461706,MED,Slightly above normal
Heathrow Terminals 2&3,2026-02-11,101.32167823162855,2,100.0,1.3216782316285531,LOW,Within normal range
Heathrow Terminals 2&3,2026-02-12,99.61175336465692,3,100.0,-0.38824663534308,LOW,Within normal range
Heathrow Terminals 2&3,2026-02-13,98.96409455100313,4,100.0,-1.0359054489968713,LOW,Within normal range
Heathrow Terminals 2&3,2026-02-14,96.24784344906388,5,100.0,-3.752156550936121,LOW,Within normal range
Hendon Central,2026-02-08,77.6951872906637,6,98.28221554509892,-20.587028254435225,LOW,Within normal range
Hendon Central,2026-02-09,82.93867945408401,0,100.0,-17.06132054591599,LOW,Within normal range
Hendon Central,2026-02-10,88.72835630388487,1,98.47209822747494,-9.743741923590079,LOW,Within normal range
Hendon Central,2026-02-11,92.85355039892626,2,97.5892281433719,-4.735677744445638,LOW,Within normal range
Hendon Central,2026-02-12,93.13884194828304,3,97.18077143198963,-4.041929483706582,LOW,Within normal range
Hendon Central,2026-02-13,91.70418179215613,4,97.75671032658589,-6.052528534429754,LOW,Within normal range
Hendon Central,2026-02-14,91.9153746591448,5,96.0759022216346,-4.160527562489804,LOW,Within normal range
Heron Quays,2026-02-08,75.02095059718668,6,100.0,-24.979049402813317,LOW,Within normal range
Heron Quays,2026-02-09,81.95137279825916,0,100.0,-18.048627201740842,LOW,Within normal range
Heron Quays,2026-02-10,87.89912650592599,1,100.0,-12.100873494074008,LOW,Within normal range
Heron Quays,2026-02-11,92.62247580611384,2,100.0,-7.37752419388616,LOW,Within normal range
Heron Quays,2026-02-12,92.87866896600059,3,100.0,-7.121331033999411,LOW,Within normal range
Heron Quays,2026-02-13,91.90124820034724,4,100.0,-8.09875179965276,LOW,Within normal range
Heron Quays,2026-02-14,91.66817693623484,5,100.0,-8.331823063765157,LOW,Within normal range
High Barnet,2026-02-08,82.11761243289382,6,99.84456857370849,-17.726956140814664,LOW,Within normal range
High Barnet,2026-02-09,89.1132746400975,0,100.0,-10.8867253599025,LOW,Within normal range
High Barnet,2026-02-10,93.14019806088507,1,100.0,-6.859801939114931,LOW,Within normal range
High Barnet,2026-02-11,92.92920846933947,2,100.0,-7.070791530660529,LOW,Within normal range
High Barnet,2026-02-12,93.60857190455559,3,100.0,-6.391428095444411,LOW,Within normal range
High Barnet,2026-02-13,91.7340264651694,4,100.0,-8.265973534830593,LOW,Within normal range
High Barnet,2026-02-14,91.64593838324811,5,99.05247114976568,-7.4065327665175715,LOW,Within normal range
High Street Kensington,2026-02-08,82.77919284267168,6,100.0,-17.220807157328323,LOW,Within normal range
High Street Kensington,2026-02-09,88.42698433583168,0,100.0,-11.573015664168324,LOW,Within normal range
High Street Kensington,2026-02-10,93.09234327239672,1,100.0,-6.907656727603282,LOW,Within normal range
High Street Kensington,2026-02-11,92.7859559114545,2,100.0,-7.214044088545506,LOW,Within normal range
High Street Kensington,2026-02-12,93.27392312821011,3,100.0,-6.726076871789886,LOW,Within normal range
High Street Kensington,2026-02-13,91.71674162690135,4,100.0,-8.283258373098647,LOW,Within normal range
High Street Kensington,2026-02-14,91.61220512891384,5,100.0,-8.387794871086157,LOW,Within normal range
Highams Park,2026-02-08,52.7320069466801,6,100.0,-47.2679930533199,LOW,Within normal range
Highams Park,2026-02-09,70.69797218255022,0,100.0,-29.302027817449783,LOW,Within normal range
Highams Park,2026-02-10,78.17720540472527,1,100.0,-21.82279459527473,LOW,Within normal range
Highams Park,2026-02-11,82.10107291162004,2,100.0,-17.898927088379963,LOW,Within normal range
Highams Park,2026-02-12,87.67949185846275,3,100.0,-12.320508141537246,LOW,Within normal range
Highams Park,2026-02-13,92.63360063918292,4,100.0,-7.366399360817084,LOW,Within normal range
Highams Park,2026-02-14,91.09291905632854,5,100.0,-8.90708094367146,LOW,Within normal range
Highbury & Islington,2026-02-08,77.7666531170888,6,89.99357374131837,-12.226920624229578,LOW,Within normal range
Highbury & Islington,2026-02-09,83.28782780705602,0,100.0,-16.71217219294398,LOW,Within normal range
Highbury & Islington,2026-02-10,88.2176062801587,1,98.84953207322096,-10.631925793062251,LOW,Within normal range
Highbury & Islington,2026-02-11,92.29489533752275,2,96.3784242802274,-4.08352894270466,LOW,Within normal range
Highbury & Islington,2026-02-12,93.13861248093325,3,100.0,-6.861387519066753,LOW,Within normal range
Highbury & Islington,2026-02-13,92.02591379374535,4,100.0,-7.974086206254654,LOW,Within normal range
Highbury & Islington,2026-02-14,91.62138734260772,5,93.37041978187668,-1.7490324392689587,LOW,Within normal range
Highgate,2026-02-08,72.78624848163534,6,100.0,-27.21375151836466,LOW,Within normal range
Highgate,2026-02-09,80.5585807050199,0,100.0,-19.441419294980093,LOW,Within normal range
Highgate,2026-02-10,86.70618367039455,1,100.0,-13.293816329605448,LOW,Within normal range
Highgate,2026-02-11,90.8403377639803,2,100.0,-9.159662236019699,LOW,Within normal range
Highgate,2026-02-12,92.5805454825384,3,100.0,-7.4194545174616024,LOW,Within normal range
Highgate,2026-02-13,91.49828393926704,4,100.0,-8.50171606073296,LOW,Within normal range
Highgate,2026-02-14,91.98668143692487,5,100.0,-8.013318563075131,LOW,Within normal range
Hillingdon,2026-02-08,92.8517861468707,6,100.0,-7.148213853129306,LOW,Within normal range
Hillingdon,2026-02-09,95.45854713127592,0,100.0,-4.541452868724079,LOW,Within normal range
Hillingdon,2026-02-10,94.63182657007135,1,100.0,-5.368173429928646,LOW,Within normal range
Hillingdon,2026-02-11,93.82840408801886,2,100.0,-6.171595911981143,LOW,Within normal range
Hillingdon,2026-02-12,94.55074180004861,3,100.0,-5.449258199951387,LOW,Within normal range
Hillingdon,2026-02-13,92.20984025734944,4,100.0,-7.790159742650559,LOW,Within normal range
Hillingdon,2026-02-14,90.7189196135068,5,100.0,-9.281080386493201,LOW,Within normal range
Holborn,2026-02-08,80.79160819730437,6,98.14147823625044,-17.349870038946065,LOW,Within normal range
Holborn,2026-02-09,86.98877077763245,0,100.0,-13.011229222367547,LOW,Within normal range
Holborn,2026-02-10,92.43248721440074,1,100.0,-7.567512785599263,LOW,Within normal range
Holborn,2026-02-11,92.39277067043888,2,100.0,-7.607229329561122,LOW,Within normal range
Holborn,2026-02-12,93.06281462215429,3,100.0,-6.937185377845708,LOW,Within normal range
Holborn,2026-02-13,91.81248231084898,4,99.42643344158927,-7.61395113074029,LOW,Within normal range
Holborn,2026-02-14,91.19999398607,5,99.89793844554248,-8.697944459472481,LOW,Within normal range
Holland Park,2026-02-08,71.66627249539043,6,100.0,-28.33372750460957,LOW,Within normal range
Holland Park,2026-02-09,80.0882425125352,0,100.0,-19.911757487464797,LOW,Within normal range
Holland Park,2026-02-10,85.356553756835,1,100.0,-14.643446243165002,LOW,Within normal range
Holland Park,2026-02-11,89.32321578748541,2,100.0,-10.67678421251459,LOW,Within normal range
Holland Park,2026-02-12,92.80221746726875,3,100.0,-7.197782532731253,LOW,Within normal range
Holland Park,2026-02-13,91.88155435491099,4,100.0,-8.118445645089011,LOW,Within normal range
Holland Park,2026-02-14,91.19999398607,5,100.0,-8.800006013930002,LOW,Within normal range
Holloway Road,2026-02-08,92.70502619569261,6,100.0,-7.294973804307389,LOW,Within normal range
Holloway Road,2026-02-09,95.13577065183522,0,98.85523383914456,-3.719463187309344,LOW,Within normal range
Holloway Road,2026-02-10,94.3849342672684,1,98.62888932650652,-4.243955059238118,LOW,Within normal range
Holloway Road,2026-02-11,93.79930925416775,2,100.0,-6.200690745832247,LOW,Within normal range
Holloway Road,2026-02-12,94.44002624333015,3,98.45234205781634,-4.012315814486186,LOW,Within normal range
Holloway Road,2026-02-13,92.20984025734944,4,100.0,-7.790159742650559,LOW,Within normal range
Holloway Road,2026-02-14,90.81658456496599,5,100.0,-9.183415435034007,LOW,Within normal range
Homerton,2026-02-08,61.37688001121317,6,100.0,-38.62311998878683,LOW,Within normal range
Homerton,2026-02-09,75.02675664107267,0,100.0,-24.973243358927334,LOW,Within normal range
Homerton,2026-02-10,80.9148440540418,1,100.0,-19.085155945958206,LOW,Within normal range
Homerton,2026-02-11,86.88489780593625,2,100.0,-13.115102194063752,LOW,Within normal range
Homerton,2026-02-12,88.77203678144232,3,100.0,-11.227963218557676,LOW,Within normal range
Homerton,2026-02-13,93.01783403995564,4,100.0,-6.982165960044355,LOW,Within normal range
Homerton,2026-02-14,91.18718130945206,5,100.0,-8.812818690547942,LOW,Within normal range
Honor Oak Park,2026-02-08,77.06710202543375,6,100.0,-22.932897974566245,LOW,Within normal range
Honor Oak Park,2026-02-09,82.5938730915848,0,100.0,-17.406126908415203,LOW,Within normal range
Honor Oak Park,2026-02-10,88.08785686879355,1,100.0,-11.912143131206449,LOW,Within normal range
Honor Oak Park,2026-02-11,92.00311659757536,2,100.0,-7.996883402424643,LOW,Within normal range
Honor Oak Park,2026-02-12,93.61087700367021,3,100.0,-6.389122996329789,LOW,Within normal range
Honor Oak Park,2026-02-13,92.0557584667586,4,100.0,-7.944241533241396,LOW,Within normal range
Honor Oak Park,2026-02-14,91.5665563399498,5,100.0,-8.433443660050202,LOW,Within normal range
Hornchurch,2026-02-08,81.68219761578791,6,91.04670466019748,-9.364507044409564,LOW,Within normal range
Hornchurch,2026-02-09,87.76188945790959,0,100.0,-12.23811054209041,LOW,Within normal range
Hornchurch,2026-02-10,92.57115229931573,1,100.0,-7.428847700684273,LOW,Within normal range
Hornchurch,2026-02-11,92.09940824441539,2,100.0,-7.900591755584614,LOW,Within normal range
Hornchurch,2026-02-12,93.21062154089856,3,100.0,-6.789378459101442,LOW,Within normal range
Hornchurch,2026-02-13,92.03847362849055,4,100.0,-7.96152637150945,LOW,Within normal range
Hornchurch,2026-02-14,91.6006725324291,5,91.18153046740596,0.4191420650231379,LOW,Within normal range
Hounslow Central,2026-02-08,108.12007663189503,6,100.0,8.120076631895031,HIGH,Above normal + momentum/weather
Hounslow Central,2026-02-09,107.51387996716969,0,100.0,7.513879967169686,MED,Slightly above normal
Hounslow Central,2026-02-10,101.8847289839308,1,100.0,1.884728983930799,LOW,Within normal range
Hounslow Central,2026-02-11,99.92466213354315,2,100.0,-0.0753378664568487,LOW,Within normal range
Hounslow Central,2026-02-12,101.23748987801343,3,100.0,1.2374898780134345,LOW,Within normal range
Hounslow Central,2026-02-13,100.70395418362949,4,100.0,0.7039541836294916,LOW,Within normal range
Hounslow Central,2026-02-14,99.19477047790627,5,100.0,-0.8052295220937253,LOW,Within normal range
Hounslow East,2026-02-08,108.81309346236861,6,100.0,8.813093462368613,HIGH,Above normal + momentum/weather
Hounslow East,2026-02-09,109.37570034535273,0,100.0,9.375700345352726,HIGH,Above normal + momentum/weather
Hounslow East,2026-02-10,105.11671189570423,1,100.0,5.116711895704228,MED,Slightly above normal
Hounslow East,2026-02-11,104.01192949028328,2,100.0,4.011929490283279,MED,Slightly above normal
Hounslow East,2026-02-12,101.57958262039814,3,100.0,1.579582620398142,LOW,Within normal range
Hounslow East,2026-02-13,98.78179946538776,4,100.0,-1.2182005346122367,LOW,Within normal range
Hounslow East,2026-02-14,98.77850090738855,5,100.0,-1.2214990926114524,LOW,Within normal range
Hounslow West,2026-02-08,113.18222966241058,6,100.0,13.182229662410577,HIGH,Above normal + momentum/weather
Hounslow West,2026-02-09,112.55177131244352,0,100.0,12.55177131244352,HIGH,Above normal + momentum/weather
Hounslow West,2026-02-10,109.09574830085909,1,100.0,9.095748300859086,HIGH,Above normal + momentum/weather
Hounslow West,2026-02-11,106.17624692014662,2,100.0,6.176246920146625,MED,Slightly above normal
Hounslow West,2026-02-12,105.00129931165188,3,100.0,5.001299311651877,MED,Slightly above normal
Hounslow West,2026-02-13,104.74086540841675,4,100.0,4.740865408416752,MED,Slightly above normal
Hounslow West,2026-02-14,104.79089149741282,5,100.0,4.790891497412815,MED,Slightly above normal
Hoxton,2026-02-08,51.84642434998025,6,100.0,-48.15357565001975,LOW,Within normal range
Hoxton,2026-02-09,68.68195054052636,0,100.0,-31.31804945947364,LOW,Within normal range
Hoxton,2026-02-10,74.96049245109643,1,100.0,-25.039507548903572,LOW,Within normal range
Hoxton,2026-02-11,80.2797502946236,2,100.0,-19.720249705376403,LOW,Within normal range
Hoxton,2026-02-12,84.11907646094315,3,100.0,-15.880923539056852,LOW,Within normal range
Hoxton,2026-02-13,87.42033096630614,4,100.0,-12.579669033693861,LOW,Within normal range
Hoxton,2026-02-14,90.51600274994018,5,100.0,-9.483997250059815,LOW,Within normal range
Hyde Park Corner,2026-02-08,201.8268011349059,6,79.32013394832536,122.50666718658054,HIGH,Above normal + momentum/weather
Hyde Park Corner,2026-02-09,183.58272706529308,0,87.04251237899808,96.540214686295,HIGH,Above normal + momentum/weather
Hyde Park Corner,2026-02-10,183.92133056772292,1,91.52776047937338,92.39357008834953,HIGH,Above normal + momentum/weather
Hyde Park Corner,2026-02-11,178.93829056801292,2,92.01120407251764,86.92708649549527,HIGH,Above normal + momentum/weather
Hyde Park Corner,2026-02-12,180.22881837313614,3,90.32895643065135,89.89986194248479,HIGH,Above normal + momentum/weather
Hyde Park Corner,2026-02-13,175.97875477923247,4,81.4444234417771,94.53433133745537,HIGH,Above normal + momentum/weather
Hyde Park Corner,2026-02-14,178.03325744966972,5,85.38797395633857,92.64528349333115,HIGH,Above normal + momentum/weather
Ickenham,2026-02-08,84.33853174077781,6,100.0,-15.66146825922219,LOW,Within normal range
Ickenham,2026-02-09,89.06403472010729,0,100.0,-10.935965279892713,LOW,Within normal range
Ickenham,2026-02-10,92.96761055826833,1,100.0,-7.032389441731667,LOW,Within normal range
Ickenham,2026-02-11,92.91411532250979,2,100.0,-7.085884677490213,LOW,Within normal range
Ickenham,2026-02-12,93.67092623117041,3,100.0,-6.329073768829588,LOW,Within normal range
Ickenham,2026-02-13,91.3639431157189,4,100.0,-8.636056884281103,LOW,Within normal range
Ickenham,2026-02-14,91.71902178117593,5,100.0,-8.280978218824075,LOW,Within normal range
Ilford,2026-02-08,95.64668996939034,6,100.0,-4.353310030609663,LOW,Within normal range
Ilford,2026-02-09,97.67847898874189,0,100.0,-2.3215210112581133,LOW,Within normal range
Ilford,2026-02-10,96.253154178384,1,98.65345580135869,-2.4003016229746947,LOW,Within normal range
Ilford,2026-02-11,95.27389055502753,2,98.6784797139652,-3.404589158937668,LOW,Within normal range
Ilford,2026-02-12,95.00230494167805,3,98.31358510103198,-3.3112801593539274,LOW,Within normal range
Ilford,2026-02-13,92.46689664157093,4,99.96992687449,-7.503030232919073,LOW,Within normal range
Ilford,2026-02-14,91.05901476585763,5,100.0,-8.940985234142374,LOW,Within normal range
Imperial Wharf,2026-02-08,76.50409366471801,6,100.0,-23.495906335281987,LOW,Within normal range
Imperial Wharf,2026-02-09,83.39981015890048,0,100.0,-16.60018984109952,LOW,Within normal range
Imperial Wharf,2026-02-10,88.54774679542325,1,100.0,-11.45225320457675,LOW,Within normal range
Imperial Wharf,2026-02-11,92.68479947283426,2,100.0,-7.315200527165743,LOW,Within normal range
Imperial Wharf,2026-02-12,93.03076303708754,3,100.0,-6.969236962912461,LOW,Within normal range
Imperial Wharf,2026-02-13,91.40337756670878,4,100.0,-8.596622433291216,LOW,Within normal range
Imperial Wharf,2026-02-14,91.75888160840647,5,100.0,-8.241118391593531,LOW,Within normal range
Island Gardens,2026-02-08,76.4619511307491,6,93.93390558380322,-17.471954453054124,LOW,Within normal range
Island Gardens,2026-02-09,83.14513117226997,0,100.0,-16.85486882773003,LOW,Within normal range
Island Gardens,2026-02-10,87.83114169401797,1,98.18611987381703,-10.354978179799062,LOW,Within normal range
Island Gardens,2026-02-11,92.4864772052222,2,99.4033490179643,-6.916871812742102,LOW,Within normal range
Island Gardens,2026-02-12,92.78626532252144,3,99.82449864740995,-7.038233324888509,LOW,Within normal range
Island Gardens,2026-02-13,92.08037975711667,4,98.95723715679708,-6.876857399680404,LOW,Within normal range
Island Gardens,2026-02-14,91.64762284267324,5,98.66379564627456,-7.016172803601322,LOW,Within normal range
Iver,2026-02-08,99.47694175447707,6,99.20435510887772,0.27258664559934687,LOW,Within normal range
Iver,2026-02-09,97.10867575547437,0,100.0,-2.8913242445256344,LOW,Within normal range
Iver,2026-02-10,96.6124465790271,1,100.0,-3.387553420972907,LOW,Within normal range
Iver,2026-02-11,95.1142430691861,2,100.0,-4.885756930813898,LOW,Within normal range
Iver,2026-02-12,95.0329528379306,3,100.0,-4.967047162069406,LOW,Within normal range
Iver,2026-02-13,92.1050832918213,4,100.0,-7.894916708178698,LOW,Within normal range
Iver,2026-02-14,91.8506534531449,5,99.47795026789393,-7.62729681474903,LOW,Within normal range
Kennington,2026-02-08,68.86554883899367,6,99.36052466575536,-30.49497582676169,LOW,Within normal range
Kennington,2026-02-09,77.6699067829468,0,100.0,-22.330093217053204,LOW,Within normal range
Kennington,2026-02-10,81.95610622948745,1,100.0,-18.043893770512554,LOW,Within normal range
Kennington,2026-02-11,87.01751409285855,2,100.0,-12.982485907141452,LOW,Within normal range
Kennington,2026-02-12,91.51499126449242,3,100.0,-8.485008735507577,LOW,Within normal range
Kennington,2026-02-13,93.57913332686407,4,100.0,-6.420866673135933,LOW,Within normal range
Kennington,2026-02-14,91.1779560190063,5,100.0,-8.822043980993698,LOW,Within normal range
Kensal Green,2026-02-08,79.28697082988215,6,97.58577322253436,-18.298802392652206,LOW,Within normal range
Kensal Green,2026-02-09,82.33634869475631,0,100.0,-17.66365130524369,LOW,Within normal range
Kensal Green,2026-02-10,86.81772328573751,1,100.0,-13.182276714262485,LOW,Within normal range
Kensal Green,2026-02-11,88.36037244841269,2,100.0,-11.63962755158731,LOW,Within normal range
Kensal Green,2026-02-12,91.3402480289037,3,100.0,-8.659751971096298,LOW,Within normal range
Kensal Green,2026-02-13,92.38729138511772,4,100.0,-7.61270861488228,LOW,Within normal range
Kensal Green,2026-02-14,91.22988505401163,5,100.0,-8.770114945988368,LOW,Within normal range
Kensal Rise,2026-02-08,0.06083255849397363,6,100.0,-99.93916744150603,LOW,Within normal range
Kensal Rise,2026-02-09,56.20666280389297,0,100.0,-43.79333719610703,LOW,Within normal range
Kensal Rise,2026-02-10,70.98976448925995,1,100.0,-29.010235510740046,LOW,Within normal range
Kensal Rise,2026-02-11,77.5845327655383,2,100.0,-22.4154672344617,LOW,Within normal range
Kensal Rise,2026-02-12,80.873093773503,3,100.0,-19.126906226497,LOW,Within normal range
Kensal Rise,2026-02-13,85.46225958685388,4,100.0,-14.537740413146125,LOW,Within normal range
Kensal Rise,2026-02-14,85.60704238157949,5,100.0,-14.39295761842051,LOW,Within normal range
Kensington Olympia,2026-02-08,24.965354485779297,6,80.55815536458778,-55.592800878808475,LOW,Within normal range
Kensington Olympia,2026-02-09,54.588303597027846,0,100.0,-45.411696402972154,LOW,Within normal range
Kensington Olympia,2026-02-10,67.18300394521498,1,96.61495684865454,-29.431952903439566,LOW,Within normal range
Kensington Olympia,2026-02-11,73.93903903913998,2,91.81821362348248,-17.879174584342493,LOW,Within normal range
Kensington Olympia,2026-02-12,79.18887341771213,3,93.76566468436482,-14.576791266652691,LOW,Within normal range
Kensington Olympia,2026-02-13,81.5639582601736,4,93.73878385710111,-12.174825596927505,LOW,Within normal range
Kensington Olympia,2026-02-14,84.23424391108347,5,77.90269828291088,6.3315456281725915,MED,Slightly above normal
Kentish Town,2026-02-08,124.96583221703946,6,88.20524112320835,36.76059109383111,HIGH,Above normal + momentum/weather
Kentish Town,2026-02-09,106.18799614248414,0,80.38148180178152,25.80651434070262,HIGH,Above normal + momentum/weather
Kentish Town,2026-02-10,104.43423604901155,1,75.57025156468677,28.863984484324774,HIGH,Above normal + momentum/weather
Kentish Town,2026-02-11,100.68125277641599,2,54.52453041043201,46.15672236598398,HIGH,Above normal + momentum/weather
Kentish Town,2026-02-12,99.74515498855507,3,50.391116311471094,49.35403867708398,HIGH,Above normal + momentum/weather
Kentish Town,2026-02-13,98.62847819322953,4,57.28772534129523,41.3407528519343,HIGH,Above normal + momentum/weather
Kentish Town,2026-02-14,96.42341357918266,5,84.4016539256695,12.021759653513158,HIGH,Above normal + momentum/weather
Kentish Town West,2026-02-08,3.718494083382845,6,100.0,-96.28150591661715,LOW,Within normal range
Kentish Town West,2026-02-09,54.97510499433898,0,100.0,-45.02489500566102,LOW,Within normal range
Kentish Town West,2026-02-10,69.2567308799459,1,100.0,-30.743269120054094,LOW,Within normal range
Kentish Town West,2026-02-11,87.42113530121435,2,100.0,-12.578864698785651,LOW,Within normal range
Kentish Town West,2026-02-12,89.53217226418862,3,100.0,-10.467827735811383,LOW,Within normal range
Kentish Town West,2026-02-13,91.92289986216957,4,100.0,-8.077100137830428,LOW,Within normal range
Kentish Town West,2026-02-14,91.75922621221038,5,100.0,-8.240773787789621,LOW,Within normal range
Kenton,2026-02-08,79.71378270297969,6,98.4752918529105,-18.761509149930816,LOW,Within normal range
Kenton,2026-02-09,83.77954216607472,0,100.0,-16.22045783392528,LOW,Within normal range
Kenton,2026-02-10,86.63793874790434,1,100.0,-13.362061252095657,LOW,Within normal range
Kenton,2026-02-11,89.24374626247804,2,100.0,-10.75625373752196,LOW,Within normal range
Kenton,2026-02-12,91.56786188608447,3,100.0,-8.432138113915528,LOW,Within normal range
Kenton,2026-02-13,92.81270294834059,4,100.0,-7.187297051659414,LOW,Within normal range
Kenton,2026-02-14,91.482677133277,5,99.67932129773394,-8.196644164456941,LOW,Within normal range
Kew Gardens,2026-02-08,92.08080453556951,6,100.0,-7.919195464430487,LOW,Within normal range
Kew Gardens,2026-02-09,94.66428503618474,0,100.0,-5.3357149638152634,LOW,Within normal range
Kew Gardens,2026-02-10,93.76437453301725,1,98.08021363928589,-4.3158391062686405,LOW,Within normal range
Kew Gardens,2026-02-11,93.15465245775107,2,100.0,-6.8453475422489305,LOW,Within normal range
Kew Gardens,2026-02-12,93.72137475920371,3,100.0,-6.278625240796288,LOW,Within normal range
Kew Gardens,2026-02-13,91.36394311571893,4,100.0,-8.636056884281075,LOW,Within normal range
Kew Gardens,2026-02-14,91.17920247108027,5,100.0,-8.820797528919726,LOW,Within normal range
Kilburn,2026-02-08,76.44623786396801,6,100.0,-23.55376213603199,LOW,Within normal range
Kilburn,2026-02-09,83.00801880823649,0,100.0,-16.991981191763514,LOW,Within normal range
Kilburn,2026-02-10,86.80332489030994,1,100.0,-13.196675109690062,LOW,Within normal range
Kilburn,2026-02-11,88.41462315634871,2,100.0,-11.58537684365129,LOW,Within normal range
Kilburn,2026-02-12,90.67857974151602,3,100.0,-9.321420258483982,LOW,Within normal range
Kilburn,2026-02-13,90.3779221766141,4,100.0,-9.622077823385894,LOW,Within normal range
Kilburn,2026-02-14,87.69434802882274,5,100.0,-12.305651971177255,LOW,Within normal range
Kilburn High Road,2026-02-08,99.83937553564336,6,100.0,-0.16062446435664413,LOW,Within normal range
Kilburn High Road,2026-02-09,97.63871583709295,0,100.0,-2.3612841629070545,LOW,Within normal range
Kilburn High Road,2026-02-10,97.64523636918987,1,98.4863245274369,-0.8410881582470324,LOW,Within normal range
Kilburn High Road,2026-02-11,96.54619194600978,2,100.0,-3.4538080539902154,LOW,Within normal range
Kilburn High Road,2026-02-12,95.56713657313684,3,100.0,-4.432863426863165,LOW,Within normal range
Kilburn High Road,2026-02-13,93.67179841435784,4,99.50440225885754,-5.832603844499701,LOW,Within normal range
Kilburn High Road,2026-02-14,90.89275240725974,5,100.0,-9.107247592740265,LOW,Within normal range
Kilburn Park,2026-02-08,72.41586753640462,6,99.96579750652788,-27.54992997012326,LOW,Within normal range
Kilburn Park,2026-02-09,80.80368949646416,0,100.0,-19.19631050353584,LOW,Within normal range
Kilburn Park,2026-02-10,86.39069198493395,1,100.0,-13.609308015066048,LOW,Within normal range
Kilburn Park,2026-02-11,87.2537643930454,2,100.0,-12.746235606954599,LOW,Within normal range
Kilburn Park,2026-02-12,89.90410683368556,3,100.0,-10.09589316631444,LOW,Within normal range
Kilburn Park,2026-02-13,90.88118537604294,4,100.0,-9.118814623957064,LOW,Within normal range
Kilburn Park,2026-02-14,87.77027578381637,5,100.0,-12.229724216183627,LOW,Within normal range
King George V,2026-02-08,80.68172490331168,6,100.0,-19.318275096688325,LOW,Within normal range
King George V,2026-02-09,87.09262036734239,0,100.0,-12.907379632657609,LOW,Within normal range
King George V,2026-02-10,89.74376392979725,1,100.0,-10.256236070202746,LOW,Within normal range
King George V,2026-02-11,90.05333346012308,2,100.0,-9.946666539876915,LOW,Within normal range
King George V,2026-02-12,90.21988585343925,3,100.0,-9.780114146560749,LOW,Within normal range
King George V,2026-02-13,90.08371507727652,4,100.0,-9.916284922723477,LOW,Within normal range
King George V,2026-02-14,87.6160573151267,5,100.0,-12.383942684873304,LOW,Within normal range
Kings Cross St Pancras,2026-02-08,99.17602305177707,6,100.0,-0.8239769482229349,LOW,Within normal range
Kings Cross St Pancras,2026-02-09,100.54644374428145,0,100.0,0.5464437442814472,LOW,Within normal range
Kings Cross St Pancras,2026-02-10,94.12306196647114,1,100.0,-5.876938033528859,LOW,Within normal range
Kings Cross St Pancras,2026-02-11,94.01754097544907,2,100.0,-5.982459024550934,LOW,Within normal range
Kings Cross St Pancras,2026-02-12,94.46575999474318,3,100.0,-5.5342400052568195,LOW,Within normal range
Kings Cross St Pancras,2026-02-13,91.88518270595412,4,99.92965179913782,-8.044469093183693,LOW,Within normal range
Kings Cross St Pancras,2026-02-14,90.33266128019082,5,100.0,-9.66733871980918,LOW,Within normal range
Kingsbury,2026-02-08,80.56767220053248,6,98.68689217056816,-18.119219970035672,LOW,Within normal range
Kingsbury,2026-02-09,85.50534962070844,0,100.0,-14.494650379291556,LOW,Within normal range
Kingsbury,2026-02-10,87.26560249636888,1,100.0,-12.734397503631115,LOW,Within normal range
Kingsbury,2026-02-11,89.90066096284215,2,100.0,-10.099339037157847,LOW,Within normal range
Kingsbury,2026-02-12,90.91575162328414,3,100.0,-9.084248376715863,LOW,Within normal range
Kingsbury,2026-02-13,90.14359965690893,4,100.0,-9.856400343091067,LOW,Within normal range
Kingsbury,2026-02-14,87.74845673862885,5,99.01490857565136,-11.266451837022515,LOW,Within normal range
Knightsbridge,2026-02-08,123.81053658783323,6,94.82161429636838,28.988922291464846,HIGH,Above normal + momentum/weather
Knightsbridge,2026-02-09,121.53856052380603,0,94.73234494554407,26.806215578261956,HIGH,Above normal + momentum/weather
Knightsbridge,2026-02-10,118.42908524186163,1,98.4537517773793,19.975333464482333,HIGH,Above normal + momentum/weather
Knightsbridge,2026-02-11,116.05463605959521,2,98.43730161334273,17.617334446252485,HIGH,Above normal + momentum/weather
Knightsbridge,2026-02-12,115.52498687907597,3,98.20745028475399,17.31753659432198,HIGH,Above normal + momentum/weather
Knightsbridge,2026-02-13,113.63412150374755,4,95.45500923384587,18.17911226990168,HIGH,Above normal + momentum/weather
Knightsbridge,2026-02-14,109.9263089016931,5,98.28265636260484,11.643652539088265,HIGH,Above normal + momentum/weather
Ladbroke Grove,2026-02-08,77.46455658445508,6,100.0,-22.53544341554492,LOW,Within normal range
Ladbroke Grove,2026-02-09,81.34519758106754,0,100.0,-18.654802418932462,LOW,Within normal range
Ladbroke Grove,2026-02-10,86.15134504322415,1,100.0,-13.848654956775846,LOW,Within normal range
Ladbroke Grove,2026-02-11,87.13256566143993,2,100.0,-12.867434338560074,LOW,Within normal range
Ladbroke Grove,2026-02-12,90.22165140256244,3,100.0,-9.778348597437557,LOW,Within normal range
Ladbroke Grove,2026-02-13,90.90636933883665,4,100.0,-9.093630661163346,LOW,Within normal range
Ladbroke Grove,2026-02-14,87.83184958620201,5,100.0,-12.168150413797989,LOW,Within normal range
Lambeth North,2026-02-08,75.62251727241095,6,100.0,-24.377482727589054,LOW,Within normal range
Lambeth North,2026-02-09,82.73607344756577,0,100.0,-17.263926552434228,LOW,Within normal range
Lambeth North,2026-02-10,86.52823765475496,1,99.3216079818476,-12.793370327092646,LOW,Within normal range
Lambeth North,2026-02-11,87.87511391817908,2,99.7236508436466,-11.848536925467513,LOW,Within normal range
Lambeth North,2026-02-12,90.52084784475608,3,99.9228144387411,-9.401966593985023,LOW,Within normal range
Lambeth North,2026-02-13,90.6184284266536,4,100.0,-9.381571573346406,LOW,Within normal range
Lambeth North,2026-02-14,87.62390728646943,5,100.0,-12.376092713530568,LOW,Within normal range
Lancaster Gate,2026-02-08,69.33836683746247,6,100.0,-30.661633162537527,LOW,Within normal range
Lancaster Gate,2026-02-09,81.80333452664264,0,98.16441969094625,-16.361085164303603,LOW,Within normal range
Lancaster Gate,2026-02-10,86.36477431855701,1,99.85037294093787,-13.485598622380863,LOW,Within normal range
Lancaster Gate,2026-02-11,87.21012377361376,2,98.89492402057516,-11.684800246961402,LOW,Within normal range
Lancaster Gate,2026-02-12,89.90622298857984,3,100.0,-10.093777011420158,LOW,Within normal range
Lancaster Gate,2026-02-13,91.04254011499935,4,100.0,-8.957459885000645,LOW,Within normal range
Lancaster Gate,2026-02-14,88.62994571438342,5,100.0,-11.370054285616575,LOW,Within normal range
Langdon Park,2026-02-08,89.71245933586505,6,100.0,-10.287540664134951,LOW,Within normal range
Langdon Park,2026-02-09,91.12717002656453,0,100.0,-8.872829973435472,LOW,Within normal range
Langdon Park,2026-02-10,90.81928042067564,1,100.0,-9.18071957932436,LOW,Within normal range
Langdon Park,2026-02-11,90.14539745871612,2,100.0,-9.854602541283882,LOW,Within normal range
Langdon Park,2026-02-12,90.55245198083531,3,100.0,-9.447548019164685,LOW,Within normal range
Langdon Park,2026-02-13,90.34342064945487,4,100.0,-9.65657935054513,LOW,Within normal range
Langdon Park,2026-02-14,88.1045007984937,5,100.0,-11.895499201506297,LOW,Within normal range
Langley Berks,2026-02-08,80.04931258302891,6,100.0,-19.950687416971093,LOW,Within normal range
Langley Berks,2026-02-09,86.23487002149125,0,100.0,-13.765129978508753,LOW,Within normal range
Langley Berks,2026-02-10,88.94448989017397,1,100.0,-11.05551010982603,LOW,Within normal range
Langley Berks,2026-02-11,91.67175156493832,2,100.0,-8.328248435061681,LOW,Within normal range
Langley Berks,2026-02-12,93.10168394528729,3,100.0,-6.8983160547127085,LOW,Within normal range
Langley Berks,2026-02-13,91.4914965866747,4,100.0,-8.5085034133253,LOW,Within normal range
Langley Berks,2026-02-14,91.08146940756465,5,98.71466681037968,-7.6331974028150285,LOW,Within normal range
Latimer Road,2026-02-08,70.23019567790982,6,90.5732265267563,-20.34303084884648,LOW,Within normal range
Latimer Road,2026-02-09,78.24183441730696,0,100.0,-21.75816558269304,LOW,Within normal range
Latimer Road,2026-02-10,82.69741124236869,1,100.0,-17.302588757631312,LOW,Within normal range
Latimer Road,2026-02-11,87.12067362164726,2,100.0,-12.879326378352744,LOW,Within normal range
Latimer Road,2026-02-12,90.445415704043,3,100.0,-9.554584295957,LOW,Within normal range
Latimer Road,2026-02-13,92.15278184346705,4,100.0,-7.847218156532946,LOW,Within normal range
Latimer Road,2026-02-14,90.5860051411835,5,100.0,-9.413994858816494,LOW,Within normal range
Leicester Square,2026-02-08,106.36122485758136,6,96.1162007397092,10.245024117872163,HIGH,Above normal + momentum/weather
Leicester Square,2026-02-09,102.212148092563,0,96.05381103578628,6.158337056776716,MED,Slightly above normal
Leicester Square,2026-02-10,99.90149694944999,1,97.7508736266139,2.150623322836097,LOW,Within normal range
Leicester Square,2026-02-11,97.49478140622477,2,97.8480717642239,-0.35329035799912845,LOW,Within normal range
Leicester Square,2026-02-12,96.50620433449636,3,98.23005276160556,-1.7238484271092034,LOW,Within normal range
Leicester Square,2026-02-13,94.33342265274354,4,97.61619785023345,-3.2827751974899115,LOW,Within normal range
Leicester Square,2026-02-14,91.8509105549083,5,99.96678501927087,-8.115874464362577,LOW,Within normal range
Lewisham DLR,2026-02-08,74.33219704982622,6,100.0,-25.66780295017378,LOW,Within normal range
Lewisham DLR,2026-02-09,81.61903566868517,0,100.0,-18.38096433131483,LOW,Within normal range
Lewisham DLR,2026-02-10,87.02182734860345,1,100.0,-12.978172651396548,LOW,Within normal range
Lewisham DLR,2026-02-11,91.14656643463142,2,100.0,-8.853433565368576,LOW,Within normal range
Lewisham DLR,2026-02-12,92.47695448608262,3,99.81378347613918,-7.33682899005656,LOW,Within normal range
Lewisham DLR,2026-02-13,91.5810544739971,4,100.0,-8.4189455260029,LOW,Within normal range
Lewisham DLR,2026-02-14,91.49009130693408,5,100.0,-8.509908693065924,LOW,Within normal range
Leyton,2026-02-08,75.45021137460272,6,100.0,-24.549788625397284,LOW,Within normal range
Leyton,2026-02-09,82.27464887332086,0,100.0,-17.725351126679143,LOW,Within normal range
Leyton,2026-02-10,87.17819335158687,1,99.92886486371704,-12.750671512130168,LOW,Within normal range
Leyton,2026-02-11,90.45038213889893,2,100.0,-9.54961786110107,LOW,Within normal range
Leyton,2026-02-12,92.02599335175182,3,100.0,-7.974006648248178,LOW,Within normal range
Leyton,2026-02-13,92.18591992443363,4,100.0,-7.814080075566366,LOW,Within normal range
Leyton,2026-02-14,91.17824940287797,5,97.21646937486217,-6.038219971984205,LOW,Within normal range
Leyton Midland Road,2026-02-08,70.45076368969305,6,100.0,-29.549236310306952,LOW,Within normal range
Leyton Midland Road,2026-02-09,79.56903052928992,0,100.0,-20.43096947071008,LOW,Within normal range
Leyton Midland Road,2026-02-10,79.31983235102139,1,100.0,-20.68016764897861,LOW,Within normal range
Leyton Midland Road,2026-02-11,81.96230568446752,2,100.0,-18.037694315532477,LOW,Within normal range
Leyton Midland Road,2026-02-12,87.08802305654432,3,100.0,-12.911976943455684,LOW,Within normal range
Leyton Midland Road,2026-02-13,91.0495153673643,4,100.0,-8.950484632635707,LOW,Within normal range
Leyton Midland Road,2026-02-14,90.90292320416108,5,100.0,-9.097076795838916,LOW,Within normal range
Leytonstone,2026-02-08,75.74003135356342,6,97.73322331006491,-21.99319195650149,LOW,Within normal range
Leytonstone,2026-02-09,83.06166496693606,0,100.0,-16.938335033063936,LOW,Within normal range
Leytonstone,2026-02-10,87.04314515101987,1,100.0,-12.956854848980129,LOW,Within normal range
Leytonstone,2026-02-11,91.27327931837617,2,100.0,-8.726720681623831,LOW,Within normal range
Leytonstone,2026-02-12,93.05694830875626,3,100.0,-6.943051691243738,LOW,Within normal range
Leytonstone,2026-02-13,91.46243112635617,4,100.0,-8.537568873643835,LOW,Within normal range
Leytonstone,2026-02-14,90.84842818393568,5,98.86730763379045,-8.018879449854765,LOW,Within normal range
Leytonstone High Road,2026-02-08,68.890106954882,6,100.0,-31.109893045118,LOW,Within normal range
Leytonstone High Road,2026-02-09,76.9941512608166,0,100.0,-23.005848739183406,LOW,Within normal range
Leytonstone High Road,2026-02-10,81.18403880720986,1,100.0,-18.81596119279014,LOW,Within normal range
Leytonstone High Road,2026-02-11,86.78738936492273,2,100.0,-13.212610635077269,LOW,Within normal range
Leytonstone High Road,2026-02-12,89.08665339466141,3,100.0,-10.913346605338589,LOW,Within normal range
Leytonstone High Road,2026-02-13,92.07622023463253,4,100.0,-7.92377976536747,LOW,Within normal range
Leytonstone High Road,2026-02-14,91.45549273923434,5,100.0,-8.544507260765656,LOW,Within normal range
Limehouse DLR,2026-02-08,79.00831774702401,6,100.0,-20.99168225297599,LOW,Within normal range
Limehouse DLR,2026-02-09,83.39700238902006,0,100.0,-16.60299761097994,LOW,Within normal range
Limehouse DLR,2026-02-10,88.17776520202084,1,100.0,-11.822234797979164,LOW,Within normal range
Limehouse DLR,2026-02-11,90.7647325469675,2,100.0,-9.235267453032506,LOW,Within normal range
Limehouse DLR,2026-02-12,91.51865419533755,3,100.0,-8.481345804662453,LOW,Within normal range
Limehouse DLR,2026-02-13,92.26061297187618,4,100.0,-7.739387028123815,LOW,Within normal range
Limehouse DLR,2026-02-14,90.33297080144594,5,100.0,-9.667029198554062,LOW,Within normal range
Liverpool St NR,2026-02-08,45.58798707110779,6,100.0,-54.41201292889221,LOW,Within normal range
Liverpool St NR,2026-02-09,57.836594849098,0,100.0,-42.163405150902,LOW,Within normal range
Liverpool St NR,2026-02-10,72.50803183322468,1,100.0,-27.491968166775322,LOW,Within normal range
Liverpool St NR,2026-02-11,79.29398345986012,2,99.45051451297368,-20.156531053113568,LOW,Within normal range
Liverpool St NR,2026-02-12,83.51034094543053,3,99.82459969980636,-16.314258754375828,LOW,Within normal range
Liverpool St NR,2026-02-13,88.26158952784175,4,98.90477286891374,-10.643183341071989,LOW,Within normal range
Liverpool St NR,2026-02-14,89.74932275115012,5,99.2716983565935,-9.522375605443386,LOW,Within normal range
Liverpool Street,2026-02-08,46.79643993342658,6,100.0,-53.20356006657342,LOW,Within normal range
Liverpool Street,2026-02-09,58.16445674835285,0,100.0,-41.83554325164715,LOW,Within normal range
Liverpool Street,2026-02-10,72.86436358338628,1,100.0,-27.13563641661372,LOW,Within normal range
Liverpool Street,2026-02-11,78.38121109149448,2,100.0,-21.618788908505522,LOW,Within normal range
Liverpool Street,2026-02-12,82.20527293349564,3,100.0,-17.794727066504365,LOW,Within normal range
Liverpool Street,2026-02-13,87.37643477796526,4,100.0,-12.623565222034742,LOW,Within normal range
Liverpool Street,2026-02-14,88.91230543770506,5,100.0,-11.087694562294942,LOW,Within normal range
London Bridge,2026-02-08,82.41798948829774,6,99.29089635110051,-16.87290686280278,LOW,Within normal range
London Bridge,2026-02-09,89.50320277382248,0,100.0,-10.49679722617752,LOW,Within normal range
London Bridge,2026-02-10,92.33597063106818,1,100.0,-7.664029368931821,LOW,Within normal range
London Bridge,2026-02-11,92.74661715350652,2,100.0,-7.25338284649348,LOW,Within normal range
London Bridge,2026-02-12,93.21113762655067,3,100.0,-6.788862373449334,LOW,Within normal range
London Bridge,2026-02-13,91.3584992610868,4,100.0,-8.641500738913194,LOW,Within normal range
London Bridge,2026-02-14,90.80811428206144,5,97.68511392704136,-6.876999644979918,LOW,Within normal range
London City Airport,2026-02-08,126.29591248125794,6,100.0,26.295912481257943,HIGH,Above normal + momentum/weather
London City Airport,2026-02-09,125.75332464697303,0,100.0,25.753324646973027,HIGH,Above normal + momentum/weather
London City Airport,2026-02-10,120.99702204731595,1,100.0,20.99702204731595,HIGH,Above normal + momentum/weather
London City Airport,2026-02-11,118.46973382206735,2,100.0,18.469733822067354,HIGH,Above normal + momentum/weather
London City Airport,2026-02-12,117.63852145838342,3,100.0,17.638521458383423,HIGH,Above normal + momentum/weather
London City Airport,2026-02-13,118.07234256073674,4,100.0,18.072342560736743,HIGH,Above normal + momentum/weather
London City Airport,2026-02-14,117.4889747220909,5,100.0,17.4889747220909,HIGH,Above normal + momentum/weather
London Fields,2026-02-08,47.41269237929555,6,100.0,-52.58730762070445,LOW,Within normal range
London Fields,2026-02-09,60.56480123676377,0,100.0,-39.43519876323623,LOW,Within normal range
London Fields,2026-02-10,72.69843899371506,1,100.0,-27.301561006284942,LOW,Within normal range
London Fields,2026-02-11,77.94896897051072,2,100.0,-22.05103102948928,LOW,Within normal range
London Fields,2026-02-12,81.93376041842565,3,99.81190110020111,-17.878140681775463,LOW,Within normal range
London Fields,2026-02-13,87.24034640130755,4,100.0,-12.759653598692452,LOW,Within normal range
London Fields,2026-02-14,88.66595992034118,5,100.0,-11.33404007965882,LOW,Within normal range
Loughton,2026-02-08,94.72658133415196,6,100.0,-5.273418665848041,LOW,Within normal range
Loughton,2026-02-09,97.24322572240864,0,100.0,-2.7567742775913615,LOW,Within normal range
Loughton,2026-02-10,96.18246516100662,1,100.0,-3.8175348389933816,LOW,Within normal range
Loughton,2026-02-11,94.85815176675852,2,100.0,-5.141848233241475,LOW,Within normal range
Loughton,2026-02-12,94.71406522969261,3,100.0,-5.285934770307392,LOW,Within normal range
Loughton,2026-02-13,92.45457450996645,4,100.0,-7.545425490033551,LOW,Within normal range
Loughton,2026-02-14,90.91192785173789,5,100.0,-9.088072148262114,LOW,Within normal range
Maida Vale,2026-02-08,68.98821649525736,6,100.0,-31.01178350474264,LOW,Within normal range
Maida Vale,2026-02-09,76.53896906739502,0,100.0,-23.461030932604984,LOW,Within normal range
Maida Vale,2026-02-10,81.55188859506538,1,100.0,-18.44811140493462,LOW,Within normal range
Maida Vale,2026-02-11,87.21309201451369,2,100.0,-12.786907985486309,LOW,Within normal range
Maida Vale,2026-02-12,90.57515121850847,3,100.0,-9.424848781491534,LOW,Within normal range
Maida Vale,2026-02-13,92.53516948950764,4,100.0,-7.464830510492362,LOW,Within normal range
Maida Vale,2026-02-14,90.9377156863966,5,100.0,-9.0622843136034,LOW,Within normal range
Maidenhead,2026-02-08,82.46450892255187,6,100.0,-17.53549107744813,LOW,Within normal range
Maidenhead,2026-02-09,89.2917689039508,0,100.0,-10.708231096049204,LOW,Within normal range
Maidenhead,2026-02-10,92.27622678735928,1,100.0,-7.723773212640722,LOW,Within normal range
Maidenhead,2026-02-11,92.61318370981357,2,100.0,-7.386816290186431,LOW,Within normal range
Maidenhead,2026-02-12,92.91675043517589,3,100.0,-7.083249564824115,LOW,Within normal range
Maidenhead,2026-02-13,91.87601665797106,4,100.0,-8.123983342028936,LOW,Within normal range
Maidenhead,2026-02-14,90.7342839627699,5,100.0,-9.265716037230106,LOW,Within normal range
Manor House,2026-02-08,84.43596227820962,6,100.0,-15.564037721790385,LOW,Within normal range
Manor House,2026-02-09,88.41742338352098,0,100.0,-11.582576616479017,LOW,Within normal range
Manor House,2026-02-10,91.99722843485799,1,100.0,-8.002771565142012,LOW,Within normal range
Manor House,2026-02-11,92.62715816510146,2,100.0,-7.372841834898537,LOW,Within normal range
Manor House,2026-02-12,92.91675043517589,3,100.0,-7.083249564824115,LOW,Within normal range
Manor House,2026-02-13,91.87601665797106,4,99.09074351681915,-7.214726858848081,LOW,Within normal range
Manor House,2026-02-14,90.7342839627699,5,100.0,-9.265716037230106,LOW,Within normal range
Manor Park,2026-02-08,84.1815979940054,6,100.0,-15.8184020059946,LOW,Within normal range
Manor Park,2026-02-09,88.2906838481342,0,100.0,-11.709316151865806,LOW,Within normal range
Manor Park,2026-02-10,91.44750941459498,1,98.3305784374069,-6.883069022811924,LOW,Within normal range
Manor Park,2026-02-11,92.27881854277997,2,98.86930702698102,-6.590488484201046,LOW,Within normal range
Manor Park,2026-02-12,93.01820246579011,3,98.266428300558,-5.248225834767894,LOW,Within normal range
Manor Park,2026-02-13,91.52769916342831,4,98.98434938866696,-7.456650225238647,LOW,Within normal range
Manor Park,2026-02-14,91.0941630075058,5,100.0,-8.905836992494201,LOW,Within normal range
Mansion House,2026-02-08,81.43928728832938,6,94.27715693536439,-12.837869647035006,LOW,Within normal range
Mansion House,2026-02-09,88.04076571426229,0,100.0,-11.959234285737708,LOW,Within normal range
Mansion House,2026-02-10,91.62924242132299,1,100.0,-8.370757578677015,LOW,Within normal range
Mansion House,2026-02-11,92.52281850960911,2,100.0,-7.47718149039089,LOW,Within normal range
Mansion House,2026-02-12,92.64669462085604,3,100.0,-7.353305379143961,LOW,Within normal range
Mansion House,2026-02-13,91.69035128814167,4,100.0,-8.30964871185833,LOW,Within normal range
Mansion House,2026-02-14,91.2420256122406,5,100.0,-8.757974387759404,LOW,Within normal range
Marble Arch,2026-02-08,137.0938552147257,6,92.15067714826029,44.94317806646541,HIGH,Above normal + momentum/weather
Marble Arch,2026-02-09,126.93714290365415,0,94.85869313965227,32.078449764001874,HIGH,Above normal + momentum/weather
Marble Arch,2026-02-10,126.37610149518618,1,94.84752721205204,31.528574283134134,HIGH,Above normal + momentum/weather
Marble Arch,2026-02-11,122.58534825970808,2,95.98617109859694,26.599177161111143,HIGH,Above normal + momentum/weather
Marble Arch,2026-02-12,121.05550846384291,3,95.12588598338128,25.92962248046163,HIGH,Above normal + momentum/weather
Marble Arch,2026-02-13,119.2109251721563,4,90.89296938854784,28.317955783608454,HIGH,Above normal + momentum/weather
Marble Arch,2026-02-14,118.96681905416679,5,92.09196352803328,26.874855526133516,HIGH,Above normal + momentum/weather
Maryland,2026-02-08,78.83237687944559,6,100.0,-21.16762312055441,LOW,Within normal range
Maryland,2026-02-09,82.94506706482524,0,100.0,-17.05493293517476,LOW,Within normal range
Maryland,2026-02-10,88.45499330969312,1,100.0,-11.545006690306877,LOW,Within normal range
Maryland,2026-02-11,91.72458833862221,2,100.0,-8.275411661377788,LOW,Within normal range
Maryland,2026-02-12,92.60191881775232,3,99.80072871215869,-7.1988098944063665,LOW,Within normal range
Maryland,2026-02-13,91.51601977512861,4,100.0,-8.483980224871388,LOW,Within normal range
Maryland,2026-02-14,91.1734353498987,5,100.0,-8.826564650101304,LOW,Within normal range
Marylebone,2026-02-08,107.29644093942152,6,100.0,7.296440939421515,MED,Slightly above normal
Marylebone,2026-02-09,105.21922343382519,0,100.0,5.219223433825192,MED,Slightly above normal
Marylebone,2026-02-10,103.42718015128983,1,100.0,3.427180151289832,MED,Slightly above normal
Marylebone,2026-02-11,101.41130873758674,2,100.0,1.4113087375867366,LOW,Within normal range
Marylebone,2026-02-12,98.9400135834933,3,100.0,-1.0599864165067032,LOW,Within normal range
Marylebone,2026-02-13,99.14389058540519,4,99.85761824862196,-0.7137276632167726,LOW,Within normal range
Marylebone,2026-02-14,94.43334906868415,5,100.0,-5.5666509313158485,LOW,Within normal range
Mile End,2026-02-08,71.71480614037225,6,98.40113079553788,-26.686324655165635,LOW,Within normal range
Mile End,2026-02-09,80.32673008290806,0,99.6886958327613,-19.36196574985324,LOW,Within normal range
Mile End,2026-02-10,84.68898867860509,1,96.80875582513085,-12.11976714652576,LOW,Within normal range
Mile End,2026-02-11,87.53143497682986,2,99.33859518175609,-11.807160204926234,LOW,Within normal range
Mile End,2026-02-12,90.85660633001558,3,97.37831178312744,-6.5217054531118634,LOW,Within normal range
Mile End,2026-02-13,92.13984658896881,4,99.58390579709271,-7.444059208123903,LOW,Within normal range
Mile End,2026-02-14,90.82863926296436,5,100.0,-9.171360737035641,LOW,Within normal range
Mill Hill East,2026-02-08,74.77416579078161,6,100.0,-25.22583420921839,LOW,Within normal range
Mill Hill East,2026-02-09,81.654218477372,0,100.0,-18.345781522628002,LOW,Within normal range
Mill Hill East,2026-02-10,87.4327765744002,1,100.0,-12.567223425599806,LOW,Within normal range
Mill Hill East,2026-02-11,90.83618659896118,2,100.0,-9.163813401038823,LOW,Within normal range
Mill Hill East,2026-02-12,91.9748804140556,3,100.0,-8.025119585944395,LOW,Within normal range
Mill Hill East,2026-02-13,91.99887224164857,4,100.0,-8.00112775835143,LOW,Within normal range
Mill Hill East,2026-02-14,91.3138301563753,5,99.4247068346166,-8.110876678241297,LOW,Within normal range
Monument,2026-02-08,94.81490388650401,6,97.19140043838227,-2.3764965518782617,LOW,Within normal range
Monument,2026-02-09,97.2181946754941,0,100.0,-2.7818053245058962,LOW,Within normal range
Monument,2026-02-10,96.20636003539184,1,100.0,-3.793639964608161,LOW,Within normal range
Monument,2026-02-11,95.26214434836079,2,100.0,-4.737855651639208,LOW,Within normal range
Monument,2026-02-12,94.9430814212372,3,100.0,-5.056918578762804,LOW,Within normal range
Monument,2026-02-13,92.46689664157094,4,99.76840029750085,-7.301503655929906,LOW,Within normal range
Monument,2026-02-14,90.817893505554,5,99.34235556280234,-8.524462057248343,LOW,Within normal range
Moor Park,2026-02-08,81.63612953445396,6,99.82749778544454,-18.19136825099058,LOW,Within normal range
Moor Park,2026-02-09,87.33393253466251,0,100.0,-12.666067465337491,LOW,Within normal range
Moor Park,2026-02-10,91.30224254030773,1,100.0,-8.69775745969227,LOW,Within normal range
Moor Park,2026-02-11,92.20328543288915,2,100.0,-7.796714567110854,LOW,Within normal range
Moor Park,2026-02-12,92.89962308490472,3,100.0,-7.100376915095282,LOW,Within normal range
Moor Park,2026-02-13,92.10068829759237,4,100.0,-7.89931170240763,LOW,Within normal range
Moor Park,2026-02-14,91.78903124077067,5,100.0,-8.210968759229331,LOW,Within normal range
Moorgate,2026-02-08,68.01466809913805,6,98.67816356015705,-30.663495461018996,LOW,Within normal range
Moorgate,2026-02-09,77.1191448702722,0,100.0,-22.880855129727806,LOW,Within normal range
Moorgate,2026-02-10,80.91295414128771,1,100.0,-19.087045858712287,LOW,Within normal range
Moorgate,2026-02-11,86.36604551618282,2,100.0,-13.633954483817178,LOW,Within normal range
Moorgate,2026-02-12,88.60595406602624,3,100.0,-11.394045933973757,LOW,Within normal range
Moorgate,2026-02-13,92.35119770277862,4,100.0,-7.64880229722138,LOW,Within normal range
Moorgate,2026-02-14,91.1254038537382,5,100.0,-8.874596146261794,LOW,Within normal range
Morden,2026-02-08,99.74636476157205,6,98.50436357740668,1.2420011841653746,LOW,Within normal range
Morden,2026-02-09,100.90689768043661,0,100.0,0.9068976804366145,LOW,Within normal range
Morden,2026-02-10,94.524921503575,1,100.0,-5.475078496424999,LOW,Within normal range
Morden,2026-02-11,93.32667554674077,2,100.0,-6.673324453259227,LOW,Within normal range
Morden,2026-02-12,93.81393047195756,3,100.0,-6.186069528042438,LOW,Within normal range
Morden,2026-02-13,92.56336107586165,4,100.0,-7.43663892413835,LOW,Within normal range
Morden,2026-02-14,90.41397660333696,5,98.85372347947651,-8.439746876139552,LOW,Within normal range
Mornington Crescent,2026-02-08,109.95385399488718,6,67.39901297751781,42.55484101736937,HIGH,Above normal + momentum/weather
Mornington Crescent,2026-02-09,109.90327386649464,0,100.0,9.903273866494644,HIGH,Above normal + momentum/weather
Mornington Crescent,2026-02-10,105.84248224627898,1,100.0,5.842482246278976,MED,Slightly above normal
Mornington Crescent,2026-02-11,105.49023025412298,2,100.0,5.490230254122977,MED,Slightly above normal
Mornington Crescent,2026-02-12,104.88272477979991,3,99.65490924776853,5.227815532031386,MED,Slightly above normal
Mornington Crescent,2026-02-13,104.67303358048254,4,98.25589549614085,6.417138084341687,MED,Slightly above normal
Mornington Crescent,2026-02-14,104.25195322504916,5,87.92386845846701,16.32808476658215,HIGH,Above normal + momentum/weather
Mudchute,2026-02-08,75.33629771874003,6,100.0,-24.663702281259972,LOW,Within normal range
Mudchute,2026-02-09,82.46078570136223,0,100.0,-17.539214298637773,LOW,Within normal range
Mudchute,2026-02-10,87.38602730325276,1,100.0,-12.61397269674724,LOW,Within normal range
Mudchute,2026-02-11,90.84007482040931,2,100.0,-9.159925179590687,LOW,Within normal range
Mudchute,2026-02-12,91.91637507770915,3,100.0,-8.083624922290852,LOW,Within normal range
Mudchute,2026-02-13,91.62882503953506,4,100.0,-8.371174960464941,LOW,Within normal range
Mudchute,2026-02-14,91.31150483286925,5,100.0,-8.688495167130753,LOW,Within normal range
Neasden,2026-02-08,76.00929824675606,6,100.0,-23.99070175324394,LOW,Within normal range
Neasden,2026-02-09,82.8455204540018,0,100.0,-17.1544795459982,LOW,Within normal range
Neasden,2026-02-10,87.97427734696223,1,100.0,-12.025722653037775,LOW,Within normal range
Neasden,2026-02-11,91.10394753222245,2,100.0,-8.896052467777551,LOW,Within normal range
Neasden,2026-02-12,91.90961797251954,3,100.0,-8.090382027480459,LOW,Within normal range
Neasden,2026-02-13,91.62882503953506,4,100.0,-8.371174960464941,LOW,Within normal range
Neasden,2026-02-14,91.31150483286928,5,100.0,-8.688495167130725,LOW,Within normal range
New Cross,2026-02-08,64.87005688681475,6,100.0,-35.12994311318525,LOW,Within normal range
New Cross,2026-02-09,74.06460565252316,0,100.0,-25.935394347476844,LOW,Within normal range
New Cross,2026-02-10,80.48619934465563,1,100.0,-19.51380065534437,LOW,Within normal range
New Cross,2026-02-11,83.4042462644711,2,100.0,-16.595753735528902,LOW,Within normal range
New Cross,2026-02-12,87.61315837330265,3,99.81651884956855,-12.2033604762659,LOW,Within normal range
New Cross,2026-02-13,91.00438002631658,4,100.0,-8.995619973683418,LOW,Within normal range
New Cross,2026-02-14,91.01755485481449,5,97.71302207391322,-6.695467219098731,LOW,Within normal range
New Cross Gate,2026-02-08,77.27609369391628,6,100.0,-22.72390630608372,LOW,Within normal range
New Cross Gate,2026-02-09,82.7043837603004,0,100.0,-17.295616239699598,LOW,Within normal range
New Cross Gate,2026-02-10,87.65116207764659,1,100.0,-12.348837922353411,LOW,Within normal range
New Cross Gate,2026-02-11,91.27727544478759,2,100.0,-8.722724555212409,LOW,Within normal range
New Cross Gate,2026-02-12,92.79206065434306,3,100.0,-7.207939345656939,LOW,Within normal range
New Cross Gate,2026-02-13,91.76762810961067,4,100.0,-8.23237189038933,LOW,Within normal range
New Cross Gate,2026-02-14,90.65893339847963,5,100.0,-9.341066601520367,LOW,Within normal range
Newbury Park,2026-02-08,78.86119920508708,6,87.74098856032808,-8.879789355241002,LOW,Within normal range
Newbury Park,2026-02-09,81.46785392374228,0,100.0,-18.532146076257717,LOW,Within normal range
Newbury Park,2026-02-10,87.3125962778362,1,100.0,-12.687403722163793,LOW,Within normal range
Newbury Park,2026-02-11,90.97905954682626,2,100.0,-9.020940453173736,LOW,Within normal range
Newbury Park,2026-02-12,92.03599120866942,3,100.0,-7.964008791330585,LOW,Within normal range
Newbury Park,2026-02-13,92.14515845194853,4,100.0,-7.854841548051468,LOW,Within normal range
Newbury Park,2026-02-14,90.8603452834629,5,86.67372935116344,4.1866159322994605,MED,Slightly above normal
Nine Elms,2026-02-08,69.04741404354284,6,100.0,-30.952585956457156,LOW,Within normal range
Nine Elms,2026-02-09,76.85371812101806,0,100.0,-23.146281878981938,LOW,Within normal range
Nine Elms,2026-02-10,81.40991608670079,1,100.0,-18.59008391329921,LOW,Within normal range
Nine Elms,2026-02-11,86.65618957858722,2,100.0,-13.343810421412783,LOW,Within normal range
Nine Elms,2026-02-12,89.68225102666561,3,100.0,-10.317748973334389,LOW,Within normal range
Nine Elms,2026-02-13,92.61806320823534,4,100.0,-7.381936791764659,LOW,Within normal range
Nine Elms,2026-02-14,91.14595816769503,5,100.0,-8.854041832304972,LOW,Within normal range
North Acton,2026-02-08,70.2772621901089,6,100.0,-29.7227378098911,LOW,Within normal range
North Acton,2026-02-09,79.04806075087609,0,100.0,-20.95193924912391,LOW,Within normal range
North Acton,2026-02-10,82.71749762421108,1,100.0,-17.282502375788923,LOW,Within normal range
North Acton,2026-02-11,87.24188987585745,2,100.0,-12.758110124142547,LOW,Within normal range
North Acton,2026-02-12,90.67161090890859,3,100.0,-9.32838909109141,LOW,Within normal range
North Acton,2026-02-13,92.4373879652996,4,100.0,-7.562612034700393,LOW,Within normal range
North Acton,2026-02-14,91.0583799358127,5,100.0,-8.941620064187305,LOW,Within normal range
North Ealing,2026-02-08,85.28223431750764,6,100.0,-14.717765682492356,LOW,Within normal range
North Ealing,2026-02-09,90.23642799293731,0,100.0,-9.763572007062692,LOW,Within normal range
North Ealing,2026-02-10,92.38194202094063,1,100.0,-7.6180579790593725,LOW,Within normal range
North Ealing,2026-02-11,92.48104348598002,2,100.0,-7.518956514019976,LOW,Within normal range
North Ealing,2026-02-12,92.90771855785214,3,100.0,-7.092281442147865,LOW,Within normal range
North Ealing,2026-02-13,92.25378081608812,4,100.0,-7.746219183911876,LOW,Within normal range
North Ealing,2026-02-14,91.19032042175144,5,100.0,-8.809679578248563,LOW,Within normal range
North Greenwich,2026-02-08,77.38876737490065,6,100.0,-22.611232625099348,LOW,Within normal range
North Greenwich,2026-02-09,82.77962484015943,0,93.47363030869838,-10.694005468538947,LOW,Within normal range
North Greenwich,2026-02-10,87.57291126166997,1,98.36659524148757,-10.793683979817601,LOW,Within normal range
North Greenwich,2026-02-11,90.76772409885024,2,97.84260202730285,-7.074877928452608,LOW,Within normal range
North Greenwich,2026-02-12,92.25570412014498,3,99.13027864246985,-6.874574522324863,LOW,Within normal range
North Greenwich,2026-02-13,91.46974571961665,4,100.0,-8.530254280383346,LOW,Within normal range
North Greenwich,2026-02-14,91.10704551224927,5,100.0,-8.892954487750728,LOW,Within normal range
North Harrow,2026-02-08,85.71511435786033,6,100.0,-14.28488564213967,LOW,Within normal range
North Harrow,2026-02-09,90.41602067250774,0,100.0,-9.583979327492258,LOW,Within normal range
North Harrow,2026-02-10,92.42028830610445,1,100.0,-7.579711693895547,LOW,Within normal range
North Harrow,2026-02-11,92.53007122069357,2,100.0,-7.469928779306429,LOW,Within normal range
North Harrow,2026-02-12,92.89296084247464,3,100.0,-7.107039157525364,LOW,Within normal range
North Harrow,2026-02-13,92.28325892276833,4,100.0,-7.716741077231674,LOW,Within normal range
North Harrow,2026-02-14,90.8060765250896,5,98.47337475741574,-7.6672982323261465,LOW,Within normal range
North Wembley,2026-02-08,82.16129583204733,6,100.0,-17.83870416795267,LOW,Within normal range
North Wembley,2026-02-09,89.3245141110787,0,100.0,-10.675485888921301,LOW,Within normal range
North Wembley,2026-02-10,92.29434693814632,1,100.0,-7.705653061853681,LOW,Within normal range
North Wembley,2026-02-11,92.74793591663489,2,100.0,-7.252064083365113,LOW,Within normal range
North Wembley,2026-02-12,93.25185548718811,3,100.0,-6.748144512811891,LOW,Within normal range
North Wembley,2026-02-13,91.4063176794414,4,100.0,-8.5936823205586,LOW,Within normal range
North Wembley,2026-02-14,90.49212033681204,5,100.0,-9.507879663187964,LOW,Within normal range
Northfields,2026-02-08,78.82866477806535,6,100.0,-21.171335221934655,LOW,Within normal range
Northfields,2026-02-09,80.64764212135837,0,100.0,-19.352357878641627,LOW,Within normal range
Northfields,2026-02-10,86.47927556392187,1,100.0,-13.520724436078126,LOW,Within normal range
Northfields,2026-02-11,89.66051376950254,2,100.0,-10.339486230497457,LOW,Within normal range
Northfields,2026-02-12,92.36743782644393,3,100.0,-7.632562173556067,LOW,Within normal range
Northfields,2026-02-13,92.05581729242631,4,100.0,-7.944182707573688,LOW,Within normal range
Northfields,2026-02-14,91.46791101681929,5,100.0,-8.532088983180714,LOW,Within normal range
Northolt,2026-02-08,93.11178393033528,6,100.0,-6.888216069664722,LOW,Within normal range
Northolt,2026-02-09,95.75265842131995,0,100.0,-4.24734157868005,LOW,Within normal range
Northolt,2026-02-10,94.73209237942484,1,100.0,-5.2679076205751585,LOW,Within normal range
Northolt,2026-02-11,93.85484536604828,2,100.0,-6.145154633951719,LOW,Within normal range
Northolt,2026-02-12,94.49286894523921,3,100.0,-5.507131054760791,LOW,Within normal range
Northolt,2026-02-13,91.89941630988949,4,100.0,-8.100583690110511,LOW,Within normal range
Northolt,2026-02-14,90.8887968373027,5,98.84700940638454,-7.958212569081837,LOW,Within normal range
Northwick Park,2026-02-08,80.49552817664099,6,100.0,-19.50447182335901,LOW,Within normal range
Northwick Park,2026-02-09,84.77464210484139,0,100.0,-15.22535789515861,LOW,Within normal range
Northwick Park,2026-02-10,87.58895465239415,1,100.0,-12.41104534760585,LOW,Within normal range
Northwick Park,2026-02-11,90.88182909617524,2,100.0,-9.118170903824762,LOW,Within normal range
Northwick Park,2026-02-12,92.29909510841982,3,100.0,-7.70090489158018,LOW,Within normal range
Northwick Park,2026-02-13,91.46974571961664,4,100.0,-8.53025428038336,LOW,Within normal range
Northwick Park,2026-02-14,91.10704551224927,5,100.0,-8.892954487750728,LOW,Within normal range
Northwood,2026-02-08,78.45310737747866,6,100.0,-21.54689262252134,LOW,Within normal range
Northwood,2026-02-09,81.35496622488938,0,100.0,-18.64503377511062,LOW,Within normal range
Northwood,2026-02-10,87.0348819381814,1,100.0,-12.9651180618186,LOW,Within normal range
Northwood,2026-02-11,91.75258069224427,2,100.0,-8.247419307755735,LOW,Within normal range
Northwood,2026-02-12,92.9874636820388,3,100.0,-7.012536317961207,LOW,Within normal range
Northwood,2026-02-13,91.72619200797998,4,100.0,-8.273807992020025,LOW,Within normal range
Northwood,2026-02-14,90.73256920423827,5,100.0,-9.267430795761726,LOW,Within normal range
Northwood Hills,2026-02-08,94.657662610211,6,100.0,-5.3423373897889945,LOW,Within normal range
Northwood Hills,2026-02-09,97.18881153799956,0,100.0,-2.8111884620004446,LOW,Within normal range
Northwood Hills,2026-02-10,96.1824651610066,1,100.0,-3.817534838993396,LOW,Within normal range
Northwood Hills,2026-02-11,94.85815176675852,2,100.0,-5.141848233241475,LOW,Within normal range
Northwood Hills,2026-02-12,94.71406522969261,3,100.0,-5.285934770307392,LOW,Within normal range
Northwood Hills,2026-02-13,92.50239292832104,4,100.0,-7.4976070716789565,LOW,Within normal range
Northwood Hills,2026-02-14,90.82070784912354,5,100.0,-9.179292150876464,LOW,Within normal range
Norwood Junction,2026-02-08,74.12381906807991,6,100.0,-25.87618093192009,LOW,Within normal range
Norwood Junction,2026-02-09,82.22547007526879,0,100.0,-17.774529924731212,LOW,Within normal range
Norwood Junction,2026-02-10,87.72090750189271,1,100.0,-12.279092498107289,LOW,Within normal range
Norwood Junction,2026-02-11,91.60842493795327,2,100.0,-8.391575062046726,LOW,Within normal range
Norwood Junction,2026-02-12,93.45378621760561,3,100.0,-6.546213782394389,LOW,Within normal range
Norwood Junction,2026-02-13,91.64482942776723,4,100.0,-8.355170572232765,LOW,Within normal range
Norwood Junction,2026-02-14,91.19080315471419,5,99.99606408043188,-8.80526092571769,LOW,Within normal range
Notting Hill Gate,2026-02-08,77.29789062480525,6,99.5623272128592,-22.264436588053954,LOW,Within normal range
Notting Hill Gate,2026-02-09,79.29156474113324,0,100.0,-20.708435258866757,LOW,Within normal range
Notting Hill Gate,2026-02-10,82.78016153840417,1,100.0,-17.219838461595828,LOW,Within normal range
Notting Hill Gate,2026-02-11,87.28099788282744,2,100.0,-12.719002117172565,LOW,Within normal range
Notting Hill Gate,2026-02-12,90.9156512033617,3,100.0,-9.084348796638295,LOW,Within normal range
Notting Hill Gate,2026-02-13,92.5620969231545,4,99.483114432544,-6.9210175093895,LOW,Within normal range
Notting Hill Gate,2026-02-14,91.18360135934375,5,99.53038315020274,-8.346781790858984,LOW,Within normal range
Oakwood,2026-02-08,115.32007820250271,6,100.0,15.320078202502714,HIGH,Above normal + momentum/weather
Oakwood,2026-02-09,115.20128428999274,0,100.0,15.201284289992742,HIGH,Above normal + momentum/weather
Oakwood,2026-02-10,111.7593661425174,1,100.0,11.759366142517393,HIGH,Above normal + momentum/weather
Oakwood,2026-02-11,107.75914536906025,2,100.0,7.759145369060249,MED,Slightly above normal
Oakwood,2026-02-12,104.9583655860187,3,100.0,4.958365586018701,MED,Slightly above normal
Oakwood,2026-02-13,105.3372364552297,4,100.0,5.3372364552297,MED,Slightly above normal
Oakwood,2026-02-14,105.04662228062212,5,100.0,5.046622280622117,MED,Slightly above normal
Old Street,2026-02-08,51.34058133018551,6,99.9952566686573,-48.6546753384718,LOW,Within normal range
Old Street,2026-02-09,70.6313963473831,0,100.0,-29.368603652616898,LOW,Within normal range
Old Street,2026-02-10,78.77540504316717,1,100.0,-21.22459495683283,LOW,Within normal range
Old Street,2026-02-11,82.18098373843921,2,100.0,-17.81901626156079,LOW,Within normal range
Old Street,2026-02-12,87.13404607292996,3,100.0,-12.865953927070038,LOW,Within normal range
Old Street,2026-02-13,91.42173901107286,4,100.0,-8.578260988927141,LOW,Within normal range
Old Street,2026-02-14,91.78195365479401,5,100.0,-8.218046345205991,LOW,Within normal range
Osterley,2026-02-08,104.17413982027057,6,100.0,4.174139820270568,MED,Slightly above normal
Osterley,2026-02-09,106.63422436372306,0,100.0,6.634224363723064,MED,Slightly above normal
Osterley,2026-02-10,103.17819509573333,1,100.0,3.1781950957333294,MED,Slightly above normal
Osterley,2026-02-11,101.30701288175682,2,100.0,1.307012881756819,LOW,Within normal range
Osterley,2026-02-12,100.08326430795343,3,100.0,0.08326430795342787,LOW,Within normal range
Osterley,2026-02-13,100.049912184403,4,100.0,0.049912184402998605,LOW,Within normal range
Osterley,2026-02-14,97.53265153790724,5,100.0,-2.467348462092758,LOW,Within normal range
Oval,2026-02-08,67.42119625449025,6,94.72474362527716,-27.3035473707869,LOW,Within normal range
Oval,2026-02-09,76.94739228034975,0,100.0,-23.052607719650254,LOW,Within normal range
Oval,2026-02-10,81.41279912198202,1,100.0,-18.58720087801798,LOW,Within normal range
Oval,2026-02-11,86.69251612139057,2,100.0,-13.307483878609432,LOW,Within normal range
Oval,2026-02-12,90.18408428298898,3,99.14958110104163,-8.965496818052657,LOW,Within normal range
Oval,2026-02-13,93.05520182987556,4,97.55328756433525,-4.498085734459693,LOW,Within normal range
Oval,2026-02-14,91.46408735792522,5,96.18427551747862,-4.720188159553402,LOW,Within normal range
Oxford Circus,2026-02-08,103.49972397813721,6,93.5909417605134,9.90878221762381,HIGH,Above normal + momentum/weather
Oxford Circus,2026-02-09,101.17146322957024,0,100.0,1.1714632295702359,LOW,Within normal range
Oxford Circus,2026-02-10,96.24080793538765,1,99.88710143343853,-3.6462934980508805,LOW,Within normal range
Oxford Circus,2026-02-11,96.10535492681534,2,100.0,-3.8946450731846625,LOW,Within normal range
Oxford Circus,2026-02-12,94.96025695111447,3,100.0,-5.039743048885526,LOW,Within normal range
Oxford Circus,2026-02-13,92.51471505992555,4,96.88601939080596,-4.371304330880406,LOW,Within normal range
Oxford Circus,2026-02-14,91.25171112463666,5,96.95202012393266,-5.7003089992959985,LOW,Within normal range
Paddington,2026-02-08,93.39552340884718,6,100.0,-6.604476591152817,LOW,Within normal range
Paddington,2026-02-09,96.35452991073217,0,100.0,-3.645470089267832,LOW,Within normal range
Paddington,2026-02-10,95.3212466344596,1,100.0,-4.678753365540402,LOW,Within normal range
Paddington,2026-02-11,94.73100283927255,2,100.0,-5.2689971607274515,LOW,Within normal range
Paddington,2026-02-12,94.66296986600678,3,100.0,-5.337030133993224,LOW,Within normal range
Paddington,2026-02-13,92.4447101487506,4,100.0,-7.555289851249398,LOW,Within normal range
Paddington,2026-02-14,91.31331720174089,5,97.86058674095176,-6.547269539210873,LOW,Within normal range
Paddington EL,2026-02-08,90.32062161300449,6,100.0,-9.67937838699551,LOW,Within normal range
Paddington EL,2026-02-09,92.86470277383285,0,100.0,-7.135297226167154,LOW,Within normal range
Paddington EL,2026-02-10,92.99369814964135,1,100.0,-7.006301850358653,LOW,Within normal range
Paddington EL,2026-02-11,92.88598555598023,2,100.0,-7.114014444019773,LOW,Within normal range
Paddington EL,2026-02-12,93.49696168413658,3,100.0,-6.503038315863421,LOW,Within normal range
Paddington EL,2026-02-13,91.42360251770945,4,99.63323856309833,-8.209636045388876,LOW,Within normal range
Paddington EL,2026-02-14,90.96314715686891,5,100.0,-9.036852843131086,LOW,Within normal range
Park Royal,2026-02-08,81.48688751676974,6,100.0,-18.51311248323026,LOW,Within normal range
Park Royal,2026-02-09,87.33251792849249,0,100.0,-12.667482071507507,LOW,Within normal range
Park Royal,2026-02-10,91.60018031840711,1,100.0,-8.399819681592888,LOW,Within normal range
Park Royal,2026-02-11,92.7263095344973,2,100.0,-7.273690465502696,LOW,Within normal range
Park Royal,2026-02-12,92.91588638228443,3,100.0,-7.084113617715573,LOW,Within normal range
Park Royal,2026-02-13,91.9615269211791,4,100.0,-8.0384730788209,LOW,Within normal range
Park Royal,2026-02-14,90.95705041084283,5,100.0,-9.042949589157175,LOW,Within normal range
Parsons Green,2026-02-08,69.25041110917536,6,100.0,-30.74958889082464,LOW,Within normal range
Parsons Green,2026-02-09,88.04172639468543,0,100.0,-11.958273605314574,LOW,Within normal range
Parsons Green,2026-02-10,91.62556910702406,1,100.0,-8.374430892975937,LOW,Within normal range
Parsons Green,2026-02-11,92.50350820297813,2,100.0,-7.496491797021875,LOW,Within normal range
Parsons Green,2026-02-12,92.66268054489552,3,100.0,-7.337319455104478,LOW,Within normal range
Parsons Green,2026-02-13,91.87292191331763,4,100.0,-8.127078086682374,LOW,Within normal range
Parsons Green,2026-02-14,90.86674042603993,5,100.0,-9.133259573960075,LOW,Within normal range
Peckham Rye,2026-02-08,31.154583614691724,6,100.0,-68.84541638530828,LOW,Within normal range
Peckham Rye,2026-02-09,57.46677699588875,0,100.0,-42.53322300411125,LOW,Within normal range
Peckham Rye,2026-02-10,72.45403063612773,1,100.0,-27.545969363872274,LOW,Within normal range
Peckham Rye,2026-02-11,79.65278415360147,2,100.0,-20.347215846398527,LOW,Within normal range
Peckham Rye,2026-02-12,79.49422788646454,3,100.0,-20.505772113535457,LOW,Within normal range
Peckham Rye,2026-02-13,78.5561564080417,4,100.0,-21.4438435919583,LOW,Within normal range
Peckham Rye,2026-02-14,81.54822198780053,5,100.0,-18.45177801219947,LOW,Within normal range
Penge West,2026-02-08,75.414854109606,6,100.0,-24.585145890394003,LOW,Within normal range
Penge West,2026-02-09,82.45635441175585,0,100.0,-17.543645588244146,LOW,Within normal range
Penge West,2026-02-10,87.28456695487596,1,99.5678517833166,-12.283284828440642,LOW,Within normal range
Penge West,2026-02-11,91.41961364490427,2,100.0,-8.580386355095726,LOW,Within normal range
Penge West,2026-02-12,93.0642096851291,3,100.0,-6.9357903148709,LOW,Within normal range
Penge West,2026-02-13,91.86837358695337,4,100.0,-8.131626413046632,LOW,Within normal range
Penge West,2026-02-14,90.86674042603994,5,100.0,-9.13325957396006,LOW,Within normal range
Perivale,2026-02-08,93.22969917256916,6,100.0,-6.7703008274308445,LOW,Within normal range
Perivale,2026-02-09,96.06950591691252,0,100.0,-3.9304940830874813,LOW,Within normal range
Perivale,2026-02-10,94.80691597544646,1,100.0,-5.193084024553542,LOW,Within normal range
Perivale,2026-02-11,93.99100663700987,2,100.0,-6.008993362990125,LOW,Within normal range
Perivale,2026-02-12,94.58113411559206,3,100.0,-5.418865884407936,LOW,Within normal range
Perivale,2026-02-13,92.58933201092889,4,100.0,-7.410667989071115,LOW,Within normal range
Perivale,2026-02-14,90.79783320250023,5,99.9328372373717,-9.135004034871471,LOW,Within normal range
Piccadilly Circus,2026-02-08,107.47171950676895,6,94.87853930853773,12.593180198231224,HIGH,Above normal + momentum/weather
Piccadilly Circus,2026-02-09,102.76964441974893,0,97.58768080418926,5.181963615559667,MED,Slightly above normal
Piccadilly Circus,2026-02-10,100.8525659859502,1,98.81919049818146,2.033375487768751,LOW,Within normal range
Piccadilly Circus,2026-02-11,95.80414184827474,2,98.90825580599508,-3.104113957720344,LOW,Within normal range
Piccadilly Circus,2026-02-12,93.88334365588297,3,99.10286720406928,-5.2195235481863165,LOW,Within normal range
Piccadilly Circus,2026-02-13,92.76689640294684,4,96.78312623380423,-4.016229830857384,LOW,Within normal range
Piccadilly Circus,2026-02-14,91.06925981083693,5,100.0,-8.930740189163075,LOW,Within normal range
Pimlico,2026-02-08,71.00667007990184,6,100.0,-28.993329920098162,LOW,Within normal range
Pimlico,2026-02-09,80.00984492167885,0,100.0,-19.990155078321152,LOW,Within normal range
Pimlico,2026-02-10,85.11231638424196,1,100.0,-14.887683615758036,LOW,Within normal range
Pimlico,2026-02-11,85.81144619266225,2,100.0,-14.188553807337755,LOW,Within normal range
Pimlico,2026-02-12,89.38250389131626,3,100.0,-10.617496108683738,LOW,Within normal range
Pimlico,2026-02-13,93.07552414249662,4,100.0,-6.924475857503381,LOW,Within normal range
Pimlico,2026-02-14,91.59262433141541,5,98.78446053804137,-7.191836206625965,LOW,Within normal range
Pinner,2026-02-08,93.56241770053012,6,100.0,-6.437582299469881,LOW,Within normal range
Pinner,2026-02-09,96.18255119694557,0,100.0,-3.8174488030544325,LOW,Within normal range
Pinner,2026-02-10,94.59366098859185,1,100.0,-5.40633901140815,LOW,Within normal range
Pinner,2026-02-11,93.79827461650885,2,100.0,-6.201725383491151,LOW,Within normal range
Pinner,2026-02-12,94.97356023056531,3,100.0,-5.026439769434688,LOW,Within normal range
Pinner,2026-02-13,92.67499680939916,4,100.0,-7.325003190600839,LOW,Within normal range
Pinner,2026-02-14,91.2463398234475,5,100.0,-8.7536601765525,LOW,Within normal range
Plaistow,2026-02-08,81.02873952099375,6,100.0,-18.971260479006247,LOW,Within normal range
Plaistow,2026-02-09,88.6566016094448,0,100.0,-11.343398390555194,LOW,Within normal range
Plaistow,2026-02-10,92.60984611106291,1,100.0,-7.390153888937093,LOW,Within normal range
Plaistow,2026-02-11,92.27724180714841,2,100.0,-7.722758192851586,LOW,Within normal range
Plaistow,2026-02-12,93.23759701514058,3,100.0,-6.7624029848594205,LOW,Within normal range
Plaistow,2026-02-13,92.0750277823808,4,100.0,-7.9249722176191995,LOW,Within normal range
Plaistow,2026-02-14,91.0416161280024,5,100.0,-8.958383871997597,LOW,Within normal range
Pontoon Dock DLR,2026-02-08,76.98780580059146,6,100.0,-23.01219419940854,LOW,Within normal range
Pontoon Dock DLR,2026-02-09,82.91326886182665,0,100.0,-17.08673113817335,LOW,Within normal range
Pontoon Dock DLR,2026-02-10,87.98503783816842,1,100.0,-12.014962161831576,LOW,Within normal range
Pontoon Dock DLR,2026-02-11,91.57561690684828,2,100.0,-8.424383093151718,LOW,Within normal range
Pontoon Dock DLR,2026-02-12,93.37637381729877,3,100.0,-6.62362618270123,LOW,Within normal range
Pontoon Dock DLR,2026-02-13,91.99180752911744,4,100.0,-8.008192470882562,LOW,Within normal range
Pontoon Dock DLR,2026-02-14,91.17237303641073,5,100.0,-8.827626963589267,LOW,Within normal range
Poplar,2026-02-08,74.86922837621668,6,98.7748851454824,-23.90565676926572,LOW,Within normal range
Poplar,2026-02-09,82.45328026224472,0,100.0,-17.546719737755282,LOW,Within normal range
Poplar,2026-02-10,87.54910410935653,1,100.0,-12.450895890643466,LOW,Within normal range
Poplar,2026-02-11,91.21625404109174,2,100.0,-8.783745958908256,LOW,Within normal range
Poplar,2026-02-12,92.91350195722035,3,100.0,-7.0864980427796525,LOW,Within normal range
Poplar,2026-02-13,92.16860370822947,4,100.0,-7.831396291770531,LOW,Within normal range
Poplar,2026-02-14,91.02781129477484,5,100.0,-8.972188705225165,LOW,Within normal range
Preston Road,2026-02-08,81.06744933798201,6,100.0,-18.932550662017988,LOW,Within normal range
Preston Road,2026-02-09,88.3989638124814,0,100.0,-11.601036187518602,LOW,Within normal range
Preston Road,2026-02-10,92.24140998565925,1,100.0,-7.758590014340754,LOW,Within normal range
Preston Road,2026-02-11,92.6900824255511,2,100.0,-7.309917574448903,LOW,Within normal range
Preston Road,2026-02-12,93.0257484887428,3,100.0,-6.974251511257194,LOW,Within normal range
Preston Road,2026-02-13,91.76722782123139,4,100.0,-8.232772178768613,LOW,Within normal range
Preston Road,2026-02-14,91.12222389379185,5,100.0,-8.877776106208145,LOW,Within normal range
Prince Regent,2026-02-08,67.78355025536543,6,92.73869650854431,-24.95514625317888,LOW,Within normal range
Prince Regent,2026-02-09,76.25126377666004,0,99.5526870726564,-23.301423295996358,LOW,Within normal range
Prince Regent,2026-02-10,81.72134900534942,1,97.03904667055875,-15.317697665209323,LOW,Within normal range
Prince Regent,2026-02-11,87.12948880115773,2,94.60737088387178,-7.477882082714046,LOW,Within normal range
Prince Regent,2026-02-12,91.20059677142098,3,96.87392897629906,-5.673332204878079,LOW,Within normal range
Prince Regent,2026-02-13,92.92117645040062,4,93.72647346563264,-0.8052970152320142,LOW,Within normal range
Prince Regent,2026-02-14,91.83322778338608,5,91.22300079462543,0.610226988760644,LOW,Within normal range
Pudding Mill Lane,2026-02-08,115.00826780509509,6,100.0,15.008267805095088,HIGH,Above normal + momentum/weather
Pudding Mill Lane,2026-02-09,114.6631015240267,0,100.0,14.6631015240267,HIGH,Above normal + momentum/weather
Pudding Mill Lane,2026-02-10,111.55610662340234,1,99.85035783994796,11.705748783454382,HIGH,Above normal + momentum/weather
Pudding Mill Lane,2026-02-11,107.59106812713716,2,85.07001133242417,22.52105679471299,HIGH,Above normal + momentum/weather
Pudding Mill Lane,2026-02-12,105.0058825791657,3,99.43978049611022,5.566102083055483,MED,Slightly above normal
Pudding Mill Lane,2026-02-13,105.279807700182,4,100.0,5.279807700182005,MED,Slightly above normal
Pudding Mill Lane,2026-02-14,104.94341585167264,5,100.0,4.94341585167264,MED,Slightly above normal
Putney Bridge,2026-02-08,69.33070860693584,6,91.3884350243134,-22.057726417377552,LOW,Within normal range
Putney Bridge,2026-02-09,85.2604314800305,0,100.0,-14.739568519969495,LOW,Within normal range
Putney Bridge,2026-02-10,88.50420898227443,1,100.0,-11.495791017725566,LOW,Within normal range
Putney Bridge,2026-02-11,92.15476813206551,2,100.0,-7.845231867934487,LOW,Within normal range
Putney Bridge,2026-02-12,92.86059586368772,3,100.0,-7.1394041363122795,LOW,Within normal range
Putney Bridge,2026-02-13,92.08156103366295,4,100.0,-7.91843896633705,LOW,Within normal range
Putney Bridge,2026-02-14,91.03781910534207,5,95.65349805282622,-4.615678947484156,LOW,Within normal range
Queens Park,2026-02-08,72.31221412727841,6,98.93109020616798,-26.61887607888957,LOW,Within normal range
Queens Park,2026-02-09,81.42384940948199,0,100.0,-18.57615059051801,LOW,Within normal range
Queens Park,2026-02-10,87.30025798272567,1,100.0,-12.699742017274332,LOW,Within normal range
Queens Park,2026-02-11,91.26192123306673,2,100.0,-8.73807876693327,LOW,Within normal range
Queens Park,2026-02-12,93.01002293481774,3,100.0,-6.989977065182259,LOW,Within normal range
Queens Park,2026-02-13,91.97430460828178,4,100.0,-8.025695391718216,LOW,Within normal range
Queens Park,2026-02-14,92.41038340459993,5,100.0,-7.589616595400074,LOW,Within normal range
Queens Rd Peckham,2026-02-08,45.599340875021745,6,100.0,-54.400659124978255,LOW,Within normal range
Queens Rd Peckham,2026-02-09,61.43977737430458,0,100.0,-38.56022262569542,LOW,Within normal range
Queens Rd Peckham,2026-02-10,73.04028537260267,1,100.0,-26.959714627397332,LOW,Within normal range
Queens Rd Peckham,2026-02-11,78.20218684528065,2,100.0,-21.79781315471935,LOW,Within normal range
Queens Rd Peckham,2026-02-12,81.92129330851625,3,100.0,-18.078706691483745,LOW,Within normal range
Queens Rd Peckham,2026-02-13,86.79338641902828,4,100.0,-13.20661358097172,LOW,Within normal range
Queens Rd Peckham,2026-02-14,88.64476204972247,5,100.0,-11.355237950277527,LOW,Within normal range
Queensbury,2026-02-08,76.42958125170762,6,98.85112549963767,-22.421544247930058,LOW,Within normal range
Queensbury,2026-02-09,80.92044311429788,0,100.0,-19.079556885702118,LOW,Within normal range
Queensbury,2026-02-10,86.7692571157121,1,100.0,-13.230742884287906,LOW,Within normal range
Queensbury,2026-02-11,90.21177246972069,2,100.0,-9.788227530279315,LOW,Within normal range
Queensbury,2026-02-12,92.64725455487752,3,100.0,-7.35274544512248,LOW,Within normal range
Queensbury,2026-02-13,91.75826669877878,4,100.0,-8.241733301221217,LOW,Within normal range
Queensbury,2026-02-14,91.09034246065728,5,97.72556997467994,-6.6352275140226595,LOW,Within normal range
Queensway,2026-02-08,76.8509032475567,6,99.47329429149435,-22.622391043937654,LOW,Within normal range
Queensway,2026-02-09,82.49953283617913,0,100.0,-17.500467163820872,LOW,Within normal range
Queensway,2026-02-10,87.72680632831563,1,100.0,-12.273193671684368,LOW,Within normal range
Queensway,2026-02-11,91.7593817536861,2,100.0,-8.2406182463139,LOW,Within normal range
Queensway,2026-02-12,93.01280690510741,3,99.31116625999509,-6.29835935488768,LOW,Within normal range
Queensway,2026-02-13,92.07317010933015,4,100.0,-7.92682989066985,LOW,Within normal range
Queensway,2026-02-14,90.99832997342578,5,99.58917305928152,-8.590843085855738,LOW,Within normal range
Ravenscourt Park,2026-02-08,65.30370765539772,6,100.0,-34.696292344602284,LOW,Within normal range
Ravenscourt Park,2026-02-09,75.15762201709697,0,100.0,-24.84237798290303,LOW,Within normal range
Ravenscourt Park,2026-02-10,80.71532445010948,1,100.0,-19.284675549890522,LOW,Within normal range
Ravenscourt Park,2026-02-11,85.99193179132884,2,100.0,-14.008068208671162,LOW,Within normal range
Ravenscourt Park,2026-02-12,88.78061360427968,3,100.0,-11.21938639572032,LOW,Within normal range
Ravenscourt Park,2026-02-13,92.83843559370018,4,100.0,-7.161564406299817,LOW,Within normal range
Ravenscourt Park,2026-02-14,91.68915985482346,5,100.0,-8.310840145176542,LOW,Within normal range
Rayners Lane,2026-02-08,92.87593942185772,6,100.0,-7.124060578142277,LOW,Within normal range
Rayners Lane,2026-02-09,95.61282758828831,0,100.0,-4.387172411711688,LOW,Within normal range
Rayners Lane,2026-02-10,94.73209237942483,1,100.0,-5.267907620575173,LOW,Within normal range
Rayners Lane,2026-02-11,93.85484536604828,2,100.0,-6.145154633951719,LOW,Within normal range
Rayners Lane,2026-02-12,94.49286894523921,3,100.0,-5.507131054760791,LOW,Within normal range
Rayners Lane,2026-02-13,92.58933201092889,4,100.0,-7.410667989071115,LOW,Within normal range
Rayners Lane,2026-02-14,91.03224471607878,5,100.0,-8.967755283921221,LOW,Within normal range
Reading,2026-02-08,97.78176876324017,6,100.0,-2.2182312367598342,LOW,Within normal range
Reading,2026-02-09,97.24265476325064,0,99.83315521178524,-2.5905004485345984,LOW,Within normal range
Reading,2026-02-10,96.36565979025708,1,99.79233571629462,-3.4266759260375323,LOW,Within normal range
Reading,2026-02-11,95.5930418930618,2,99.14085794139424,-3.54781604833245,LOW,Within normal range
Reading,2026-02-12,95.34400477512962,3,100.0,-4.655995224870381,LOW,Within normal range
Reading,2026-02-13,92.80279751336523,4,99.2188972420581,-6.4160997286928705,LOW,Within normal range
Reading,2026-02-14,91.65621671081817,5,98.78654270104477,-7.130325990226595,LOW,Within normal range
Rectory Road,2026-02-08,32.05273014132556,6,100.0,-67.94726985867445,LOW,Within normal range
Rectory Road,2026-02-09,55.85017117246422,0,100.0,-44.14982882753578,LOW,Within normal range
Rectory Road,2026-02-10,71.07409072897829,1,100.0,-28.92590927102171,LOW,Within normal range
Rectory Road,2026-02-11,78.80484803104781,2,100.0,-21.19515196895219,LOW,Within normal range
Rectory Road,2026-02-12,81.65047593104832,3,100.0,-18.34952406895168,LOW,Within normal range
Rectory Road,2026-02-13,86.51884483461708,4,100.0,-13.481155165382916,LOW,Within normal range
Rectory Road,2026-02-14,88.27373856354784,5,100.0,-11.726261436452162,LOW,Within normal range
Redbridge,2026-02-08,104.1513170301188,6,100.0,4.151317030118804,MED,Slightly above normal
Redbridge,2026-02-09,105.24419725657668,0,100.0,5.244197256576683,MED,Slightly above normal
Redbridge,2026-02-10,103.37827097119762,1,100.0,3.3782709711976224,MED,Slightly above normal
Redbridge,2026-02-11,101.31925307800118,2,100.0,1.3192530780011822,LOW,Within normal range
Redbridge,2026-02-12,99.56697967139456,3,100.0,-0.43302032860543704,LOW,Within normal range
Redbridge,2026-02-13,98.9963381036915,4,100.0,-1.0036618963085004,LOW,Within normal range
Redbridge,2026-02-14,96.65636075690111,5,100.0,-3.3436392430988917,LOW,Within normal range
Regents Park,2026-02-08,66.42102888100419,6,95.45210716157474,-29.031078280570554,LOW,Within normal range
Regents Park,2026-02-09,76.26740490438645,0,100.0,-23.732595095613547,LOW,Within normal range
Regents Park,2026-02-10,81.44173924217264,1,100.0,-18.558260757827355,LOW,Within normal range
Regents Park,2026-02-11,86.86050685404567,2,100.0,-13.139493145954333,LOW,Within normal range
Regents Park,2026-02-12,88.61705560475082,3,99.86785500449714,-11.250799399746327,LOW,Within normal range
Regents Park,2026-02-13,92.87435575370527,4,100.0,-7.125644246294726,LOW,Within normal range
Regents Park,2026-02-14,91.83820720400173,5,97.66348062466616,-5.8252734206644305,LOW,Within normal range
Richmond,2026-02-08,78.5468831186443,6,98.5561435613367,-20.009260442692394,LOW,Within normal range
Richmond,2026-02-09,82.91142336766812,0,100.0,-17.08857663233188,LOW,Within normal range
Richmond,2026-02-10,88.06605106583226,1,100.0,-11.933948934167745,LOW,Within normal range
Richmond,2026-02-11,91.3850764485053,2,100.0,-8.614923551494698,LOW,Within normal range
Richmond,2026-02-12,92.393127717958,3,100.0,-7.606872282042005,LOW,Within normal range
Richmond,2026-02-13,91.75428184323852,4,100.0,-8.245718156761484,LOW,Within normal range
Richmond,2026-02-14,91.22432314280141,5,98.6562628038011,-7.431939660999689,LOW,Within normal range
Rickmansworth,2026-02-08,83.33448703829515,6,100.0,-16.66551296170485,LOW,Within normal range
Rickmansworth,2026-02-09,89.37177666676183,0,100.0,-10.628223333238168,LOW,Within normal range
Rickmansworth,2026-02-10,92.39944017021418,1,100.0,-7.600559829785823,LOW,Within normal range
Rickmansworth,2026-02-11,92.49284199181525,2,100.0,-7.507158008184746,LOW,Within normal range
Rickmansworth,2026-02-12,92.71333474479046,3,100.0,-7.286665255209542,LOW,Within normal range
Rickmansworth,2026-02-13,91.87292191331763,4,100.0,-8.127078086682374,LOW,Within normal range
Rickmansworth,2026-02-14,90.89827286386402,5,100.0,-9.101727136135978,LOW,Within normal range
Roding Valley,2026-02-08,106.10722277984328,6,100.0,6.107222779843283,MED,Slightly above normal
Roding Valley,2026-02-09,106.48645738089861,0,100.0,6.486457380898614,MED,Slightly above normal
Roding Valley,2026-02-10,103.27010348813508,1,100.0,3.270103488135078,MED,Slightly above normal
Roding Valley,2026-02-11,101.33096527472584,2,100.0,1.3309652747258411,LOW,Within normal range
Roding Valley,2026-02-12,100.01360856894564,3,100.0,0.013608568945642219,LOW,Within normal range
Roding Valley,2026-02-13,100.04364040180127,4,100.0,0.04364040180126949,LOW,Within normal range
Roding Valley,2026-02-14,97.53335628553909,5,100.0,-2.466643714460915,LOW,Within normal range
Romford,2026-02-08,93.601726925202,6,100.0,-6.398273074797999,LOW,Within normal range
Romford,2026-02-09,96.15679704369113,0,100.0,-3.843202956308872,LOW,Within normal range
Romford,2026-02-10,94.57278086698692,1,100.0,-5.427219133013082,LOW,Within normal range
Romford,2026-02-11,93.80914375255556,2,100.0,-6.190856247444444,LOW,Within normal range
Romford,2026-02-12,95.03650027724396,3,100.0,-4.9634997227560405,LOW,Within normal range
Romford,2026-02-13,92.32405259569623,4,99.9053994180268,-7.581346822330573,LOW,Within normal range
Romford,2026-02-14,91.70459184915781,5,100.0,-8.295408150842192,LOW,Within normal range
Rotherhithe,2026-02-08,49.760298012907825,6,89.63284600620808,-39.87254799330026,LOW,Within normal range
Rotherhithe,2026-02-09,60.85421366688641,0,100.0,-39.14578633311359,LOW,Within normal range
Rotherhithe,2026-02-10,72.83865760653784,1,100.0,-27.161342393462164,LOW,Within normal range
Rotherhithe,2026-02-11,79.4602110923226,2,100.0,-20.539788907677405,LOW,Within normal range
Rotherhithe,2026-02-12,81.21728198217824,3,100.0,-18.782718017821765,LOW,Within normal range
Rotherhithe,2026-02-13,85.95564093006156,4,100.0,-14.044359069938437,LOW,Within normal range
Rotherhithe,2026-02-14,87.03313117592454,5,99.17095260161221,-12.137821425687676,LOW,Within normal range
Royal Albert,2026-02-08,107.82178096093723,6,100.0,7.821780960937232,MED,Slightly above normal
Royal Albert,2026-02-09,105.98363181751166,0,100.0,5.9836318175116645,MED,Slightly above normal
Royal Albert,2026-02-10,103.7636145443218,1,100.0,3.763614544321797,MED,Slightly above normal
Royal Albert,2026-02-11,102.2462024362222,2,100.0,2.2462024362222053,LOW,Within normal range
Royal Albert,2026-02-12,99.17791410508057,3,100.0,-0.8220858949194252,LOW,Within normal range
Royal Albert,2026-02-13,98.80107947183797,4,100.0,-1.1989205281620343,LOW,Within normal range
Royal Albert,2026-02-14,96.03013752847106,5,100.0,-3.9698624715289412,LOW,Within normal range
Royal Oak,2026-02-08,69.77159159591491,6,100.0,-30.228408404085087,LOW,Within normal range
Royal Oak,2026-02-09,80.98328067863201,0,100.0,-19.016719321367987,LOW,Within normal range
Royal Oak,2026-02-10,87.22710765744696,1,100.0,-12.772892342553035,LOW,Within normal range
Royal Oak,2026-02-11,91.2185939000179,2,100.0,-8.781406099982107,LOW,Within normal range
Royal Oak,2026-02-12,92.53518534572719,3,100.0,-7.464814654272814,LOW,Within normal range
Royal Oak,2026-02-13,91.5997248992562,4,100.0,-8.400275100743798,LOW,Within normal range
Royal Oak,2026-02-14,91.5118199517382,5,100.0,-8.488180048261796,LOW,Within normal range
Royal Victoria,2026-02-08,85.73216222518833,6,100.0,-14.267837774811667,LOW,Within normal range
Royal Victoria,2026-02-09,90.48557864020418,0,100.0,-9.514421359795818,LOW,Within normal range
Royal Victoria,2026-02-10,92.40699242166075,1,100.0,-7.593007578339254,LOW,Within normal range
Royal Victoria,2026-02-11,92.50431706743915,2,100.0,-7.495682932560854,LOW,Within normal range
Royal Victoria,2026-02-12,92.74844040643835,3,100.0,-7.251559593561652,LOW,Within normal range
Royal Victoria,2026-02-13,92.03815272581986,4,100.0,-7.961847274180144,LOW,Within normal range
Royal Victoria,2026-02-14,91.3262459845228,5,100.0,-8.6737540154772,LOW,Within normal range
Ruislip,2026-02-08,75.71962823889471,6,97.1996063344368,-21.47997809554208,LOW,Within normal range
Ruislip,2026-02-09,83.5471149475421,0,100.0,-16.4528850524579,LOW,Within normal range
Ruislip,2026-02-10,87.75107401951067,1,100.0,-12.248925980489332,LOW,Within normal range
Ruislip,2026-02-11,91.3862022911596,2,100.0,-8.613797708840394,LOW,Within normal range
Ruislip,2026-02-12,92.66553876170734,3,100.0,-7.334461238292661,LOW,Within normal range
Ruislip,2026-02-13,91.75826669877878,4,100.0,-8.241733301221217,LOW,Within normal range
Ruislip,2026-02-14,90.90259114121216,5,100.0,-9.097408858787844,LOW,Within normal range
Ruislip Gardens,2026-02-08,80.19871098533726,6,96.45835797941558,-16.259646994078324,LOW,Within normal range
Ruislip Gardens,2026-02-09,85.30321331959753,0,100.0,-14.696786680402468,LOW,Within normal range
Ruislip Gardens,2026-02-10,89.39381371691738,1,100.0,-10.606186283082621,LOW,Within normal range
Ruislip Gardens,2026-02-11,92.44762063670908,2,100.0,-7.552379363290925,LOW,Within normal range
Ruislip Gardens,2026-02-12,92.98855767166204,3,100.0,-7.011442328337964,LOW,Within normal range
Ruislip Gardens,2026-02-13,92.25913829820536,4,100.0,-7.740861701794643,LOW,Within normal range
Ruislip Gardens,2026-02-14,91.83691989147611,5,98.69909058410134,-6.862170692625227,LOW,Within normal range
Ruislip Manor,2026-02-08,77.01081542027279,6,100.0,-22.98918457972721,LOW,Within normal range
Ruislip Manor,2026-02-09,82.1450148278538,0,100.0,-17.8549851721462,LOW,Within normal range
Ruislip Manor,2026-02-10,87.75872539350121,1,100.0,-12.241274606498791,LOW,Within normal range
Ruislip Manor,2026-02-11,91.71134002612148,2,100.0,-8.288659973878524,LOW,Within normal range
Ruislip Manor,2026-02-12,93.0498592529744,3,100.0,-6.9501407470256,LOW,Within normal range
Ruislip Manor,2026-02-13,92.22850277664567,4,100.0,-7.771497223354331,LOW,Within normal range
Ruislip Manor,2026-02-14,91.70476536645694,5,100.0,-8.29523463354306,LOW,Within normal range
Russell Square,2026-02-08,83.11112116938949,6,100.0,-16.88887883061051,LOW,Within normal range
Russell Square,2026-02-09,88.66120456062916,0,98.30663763554443,-9.645433074915275,LOW,Within normal range
Russell Square,2026-02-10,92.43446488707494,1,98.81505193828718,-6.380587051212245,LOW,Within normal range
Russell Square,2026-02-11,92.33573941177012,2,99.70182900375858,-7.366089591988455,LOW,Within normal range
Russell Square,2026-02-12,93.46357450542955,3,98.40779063839429,-4.9442161329647405,LOW,Within normal range
Russell Square,2026-02-13,92.1078258066413,4,99.05005741585757,-6.942231609216265,LOW,Within normal range
Russell Square,2026-02-14,91.3897619241213,5,100.0,-8.610238075878698,LOW,Within normal range
Seven Kings,2026-02-08,86.2021668547192,6,100.0,-13.797833145280805,LOW,Within normal range
Seven Kings,2026-02-09,90.45123426262339,0,100.0,-9.548765737376613,LOW,Within normal range
Seven Kings,2026-02-10,92.41564180123429,1,100.0,-7.584358198765713,LOW,Within normal range
Seven Kings,2026-02-11,92.64169751856343,2,100.0,-7.358302481436567,LOW,Within normal range
Seven Kings,2026-02-12,93.19592696412758,3,100.0,-6.80407303587242,LOW,Within normal range
Seven Kings,2026-02-13,91.78609380505208,4,100.0,-8.213906194947924,LOW,Within normal range
Seven Kings,2026-02-14,90.88946198435855,5,100.0,-9.110538015641453,LOW,Within normal range
Seven Sisters,2026-02-08,69.45125101958058,6,87.91317918326736,-18.46192816368678,LOW,Within normal range
Seven Sisters,2026-02-09,80.70285085050023,0,100.0,-19.297149149499774,LOW,Within normal range
Seven Sisters,2026-02-10,87.4925148993247,1,99.94775765836752,-12.455242759042818,LOW,Within normal range
Seven Sisters,2026-02-11,90.88417634109463,2,100.0,-9.11582365890537,LOW,Within normal range
Seven Sisters,2026-02-12,92.41693958149324,3,98.5906683519344,-6.1737287704411585,LOW,Within normal range
Seven Sisters,2026-02-13,91.89166229436279,4,99.81777576960329,-7.9261134752404985,LOW,Within normal range
Seven Sisters,2026-02-14,91.3573853165775,5,91.25777678562761,0.09960853094989375,LOW,Within normal range
Shadwell DLR,2026-02-08,70.84933009478381,6,100.0,-29.15066990521619,LOW,Within normal range
Shadwell DLR,2026-02-09,81.29067927315751,0,100.0,-18.709320726842492,LOW,Within normal range
Shadwell DLR,2026-02-10,86.38642862006016,1,100.0,-13.613571379939842,LOW,Within normal range
Shadwell DLR,2026-02-11,89.23348093091681,2,100.0,-10.766519069083188,LOW,Within normal range
Shadwell DLR,2026-02-12,92.6036245333974,3,100.0,-7.396375466602606,LOW,Within normal range
Shadwell DLR,2026-02-13,91.76990193049397,4,100.0,-8.230098069506028,LOW,Within normal range
Shadwell DLR,2026-02-14,91.36170359392565,5,100.0,-8.638296406074346,LOW,Within normal range
Shadwell LO,2026-02-08,70.08300316649488,6,98.52037065115708,-28.437367484662204,LOW,Within normal range
Shadwell LO,2026-02-09,81.60017477887466,0,100.0,-18.39982522112534,LOW,Within normal range
Shadwell LO,2026-02-10,86.96476056175052,1,100.0,-13.035239438249477,LOW,Within normal range
Shadwell LO,2026-02-11,91.99590199076128,2,100.0,-8.004098009238717,LOW,Within normal range
Shadwell LO,2026-02-12,93.73209211660571,3,100.0,-6.267907883394287,LOW,Within normal range
Shadwell LO,2026-02-13,92.1132696612734,4,100.0,-7.8867303387265935,LOW,Within normal range
Shadwell LO,2026-02-14,91.34052086044535,5,100.0,-8.659479139554648,LOW,Within normal range
Shenfield,2026-02-08,116.50342998365885,6,100.0,16.503429983658847,HIGH,Above normal + momentum/weather
Shenfield,2026-02-09,114.1124567358362,0,100.0,14.112456735836204,HIGH,Above normal + momentum/weather
Shenfield,2026-02-10,111.28112462126317,1,100.0,11.281124621263174,HIGH,Above normal + momentum/weather
Shenfield,2026-02-11,108.58922970448104,2,100.0,8.589229704481042,HIGH,Above normal + momentum/weather
Shenfield,2026-02-12,106.48083969704409,3,100.0,6.48083969704409,MED,Slightly above normal
Shenfield,2026-02-13,105.56725021943896,4,99.45599598714932,6.111254232289639,MED,Slightly above normal
Shenfield,2026-02-14,104.66805102566512,5,100.0,4.668051025665122,MED,Slightly above normal
Shepherds Bush,2026-02-08,99.45113793598597,6,100.0,-0.5488620640140311,LOW,Within normal range
Shepherds Bush,2026-02-09,99.99162884731584,0,99.116160079316,0.8754687679998341,LOW,Within normal range
Shepherds Bush,2026-02-10,96.40714240381223,1,99.3810227336629,-2.9738803298506724,LOW,Within normal range
Shepherds Bush,2026-02-11,96.3105208753901,2,99.23871069351158,-2.9281898181214814,LOW,Within normal range
Shepherds Bush,2026-02-12,95.66459226433645,3,100.0,-4.335407735663551,LOW,Within normal range
Shepherds Bush,2026-02-13,93.60555609274574,4,98.76088461647382,-5.155328523728073,LOW,Within normal range
Shepherds Bush,2026-02-14,91.42419658322848,5,100.0,-8.575803416771521,LOW,Within normal range
Shepherds Bush LO,2026-02-08,69.87062182393323,6,100.0,-30.129378176066766,LOW,Within normal range
Shepherds Bush LO,2026-02-09,81.0121721175367,0,100.0,-18.987827882463307,LOW,Within normal range
Shepherds Bush LO,2026-02-10,87.05315057218628,1,100.0,-12.946849427813717,LOW,Within normal range
Shepherds Bush LO,2026-02-11,91.99590199076128,2,100.0,-8.004098009238717,LOW,Within normal range
Shepherds Bush LO,2026-02-12,93.73209211660571,3,100.0,-6.267907883394287,LOW,Within normal range
Shepherds Bush LO,2026-02-13,92.1132696612734,4,100.0,-7.8867303387265935,LOW,Within normal range
Shepherds Bush LO,2026-02-14,91.34052086044535,5,100.0,-8.659479139554648,LOW,Within normal range
Shepherds Bush Market,2026-02-08,76.11740800211082,6,99.4569395552627,-23.339531553151872,LOW,Within normal range
Shepherds Bush Market,2026-02-09,83.41253150387806,0,100.0,-16.587468496121943,LOW,Within normal range
Shepherds Bush Market,2026-02-10,87.94634036158074,1,99.76542570347854,-11.819085341897804,LOW,Within normal range
Shepherds Bush Market,2026-02-11,91.53945732466823,2,100.0,-8.460542675331766,LOW,Within normal range
Shepherds Bush Market,2026-02-12,93.5950052033536,3,100.0,-6.404994796646406,LOW,Within normal range
Shepherds Bush Market,2026-02-13,92.00909236738549,4,100.0,-7.990907632614508,LOW,Within normal range
Shepherds Bush Market,2026-02-14,91.56386082366674,5,96.47269458899137,-4.90883376532463,LOW,Within normal range
Shoreditch High Street,2026-02-08,50.16069658802495,6,100.0,-49.83930341197505,LOW,Within normal range
Shoreditch High Street,2026-02-09,62.1826053892988,0,100.0,-37.8173946107012,LOW,Within normal range
Shoreditch High Street,2026-02-10,72.6719547466036,1,100.0,-27.328045253396397,LOW,Within normal range
Shoreditch High Street,2026-02-11,79.99805069363588,2,100.0,-20.001949306364125,LOW,Within normal range
Shoreditch High Street,2026-02-12,84.62861922660403,3,100.0,-15.37138077339597,LOW,Within normal range
Shoreditch High Street,2026-02-13,87.12726507559836,4,100.0,-12.872734924401641,LOW,Within normal range
Shoreditch High Street,2026-02-14,91.06112373098547,5,100.0,-8.938876269014528,LOW,Within normal range
Silver Street,2026-02-08,68.83170006252901,6,100.0,-31.16829993747099,LOW,Within normal range
Silver Street,2026-02-09,79.15081444006849,0,100.0,-20.849185559931513,LOW,Within normal range
Silver Street,2026-02-10,82.2126755918095,1,100.0,-17.7873244081905,LOW,Within normal range
Silver Street,2026-02-11,87.32262721800386,2,100.0,-12.67737278199614,LOW,Within normal range
Silver Street,2026-02-12,91.10836146804894,3,100.0,-8.89163853195106,LOW,Within normal range
Silver Street,2026-02-13,92.07839947809944,4,100.0,-7.921600521900558,LOW,Within normal range
Silver Street,2026-02-14,91.77691583283486,5,100.0,-8.22308416716514,LOW,Within normal range
Sloane Square,2026-02-08,77.99989700474097,6,99.7668264681503,-21.766929463409326,LOW,Within normal range
Sloane Square,2026-02-09,82.32359988987938,0,100.0,-17.676400110120625,LOW,Within normal range
Sloane Square,2026-02-10,87.74902918855594,1,100.0,-12.250970811444063,LOW,Within normal range
Sloane Square,2026-02-11,91.58728206094467,2,100.0,-8.412717939055327,LOW,Within normal range
Sloane Square,2026-02-12,93.40128418266183,3,99.10405916407905,-5.702774981417221,LOW,Within normal range
Sloane Square,2026-02-13,91.99180752911745,4,99.43454539763502,-7.442737868517568,LOW,Within normal range
Sloane Square,2026-02-14,91.53012756933255,5,100.0,-8.46987243066745,LOW,Within normal range
Slough,2026-02-08,101.5036354362204,6,100.0,1.5036354362204065,LOW,Within normal range
Slough,2026-02-09,103.80030151689911,0,100.0,3.800301516899111,MED,Slightly above normal
Slough,2026-02-10,97.65185602653357,1,100.0,-2.348143973466435,LOW,Within normal range
Slough,2026-02-11,100.07974640216091,2,100.0,0.07974640216090734,LOW,Within normal range
Slough,2026-02-12,98.4535591207396,3,99.83303496062408,-1.3794758398844778,LOW,Within normal range
Slough,2026-02-13,98.24291976743721,4,100.0,-1.7570802325627852,LOW,Within normal range
Slough,2026-02-14,94.78132565600696,5,100.0,-5.218674343993044,LOW,Within normal range
Snaresbrook,2026-02-08,75.29671233635581,6,100.0,-24.70328766364419,LOW,Within normal range
Snaresbrook,2026-02-09,81.20477742411295,0,100.0,-18.795222575887053,LOW,Within normal range
Snaresbrook,2026-02-10,86.65904275755604,1,100.0,-13.340957242443963,LOW,Within normal range
Snaresbrook,2026-02-11,90.24824990859378,2,100.0,-9.751750091406223,LOW,Within normal range
Snaresbrook,2026-02-12,92.8533233348292,3,100.0,-7.146676665170801,LOW,Within normal range
Snaresbrook,2026-02-13,92.10428627024835,4,100.0,-7.895713729751648,LOW,Within normal range
Snaresbrook,2026-02-14,92.31581875857741,5,100.0,-7.684181241422593,LOW,Within normal range
South Acton,2026-02-08,0.07667344135875814,6,100.0,-99.92332655864124,LOW,Within normal range
South Acton,2026-02-09,53.393336184849616,0,100.0,-46.606663815150384,LOW,Within normal range
South Acton,2026-02-10,66.86218141327267,1,100.0,-33.137818586727334,LOW,Within normal range
South Acton,2026-02-11,75.28165035820605,2,100.0,-24.71834964179395,LOW,Within normal range
South Acton,2026-02-12,80.68516667022062,3,100.0,-19.314833329779376,LOW,Within normal range
South Acton,2026-02-13,85.0962809695825,4,100.0,-14.903719030417506,LOW,Within normal range
South Acton,2026-02-14,82.12204634184366,5,100.0,-17.877953658156343,LOW,Within normal range
South Ealing,2026-02-08,83.29313563159931,6,100.0,-16.706864368400687,LOW,Within normal range
South Ealing,2026-02-09,88.96961304528345,0,100.0,-11.030386954716548,LOW,Within normal range
South Ealing,2026-02-10,91.83773321036738,1,100.0,-8.162266789632625,LOW,Within normal range
South Ealing,2026-02-11,92.44378746093852,2,100.0,-7.556212539061477,LOW,Within normal range
South Ealing,2026-02-12,93.17128696262846,3,100.0,-6.828713037371543,LOW,Within normal range
South Ealing,2026-02-13,92.07066315135702,4,100.0,-7.929336848642976,LOW,Within normal range
South Ealing,2026-02-14,91.38796593948211,5,100.0,-8.612034060517885,LOW,Within normal range
South Hampstead,2026-02-08,102.80866308174413,6,91.08195175610908,11.726711325635051,HIGH,Above normal + momentum/weather
South Hampstead,2026-02-09,105.5956843121318,0,100.0,5.5956843121317945,MED,Slightly above normal
South Hampstead,2026-02-10,102.72330108856978,1,100.0,2.7233010885697837,LOW,Within normal range
South Hampstead,2026-02-11,100.03363980459434,2,100.0,0.033639804594344014,LOW,Within normal range
South Hampstead,2026-02-12,99.18228387178792,3,98.53533689785368,0.6469469739342344,LOW,Within normal range
South Hampstead,2026-02-13,97.76348022574129,4,100.0,-2.23651977425871,LOW,Within normal range
South Hampstead,2026-02-14,94.60415116631087,5,99.86099249541184,-5.256841329100965,LOW,Within normal range
South Harrow,2026-02-08,91.38942854790788,6,100.0,-8.610571452092117,LOW,Within normal range
South Harrow,2026-02-09,94.59951782144526,0,100.0,-5.400482178554739,LOW,Within normal range
South Harrow,2026-02-10,93.68722963433646,1,100.0,-6.312770365663539,LOW,Within normal range
South Harrow,2026-02-11,92.96667908341888,2,100.0,-7.033320916581118,LOW,Within normal range
South Harrow,2026-02-12,93.5985609675576,3,100.0,-6.401439032442397,LOW,Within normal range
South Harrow,2026-02-13,91.80337864332014,4,100.0,-8.196621356679856,LOW,Within normal range
South Harrow,2026-02-14,91.27893413277167,5,100.0,-8.721065867228333,LOW,Within normal range
South Kensington,2026-02-08,83.21355854795324,6,100.0,-16.78644145204676,LOW,Within normal range
South Kensington,2026-02-09,88.25054129821406,0,100.0,-11.74945870178594,LOW,Within normal range
South Kensington,2026-02-10,90.80294820953148,1,99.87804713881935,-9.075098929287876,LOW,Within normal range
South Kensington,2026-02-11,90.94838517881487,2,99.99396792724576,-9.045582748430888,LOW,Within normal range
South Kensington,2026-02-12,90.862431501211,3,100.0,-9.137568498788994,LOW,Within normal range
South Kensington,2026-02-13,90.66227316901822,4,100.0,-9.33772683098178,LOW,Within normal range
South Kensington,2026-02-14,90.18579184732855,5,99.24384232696082,-9.058050479632271,LOW,Within normal range
South Kenton,2026-02-08,76.72311577986765,6,99.30698052576562,-22.58386474589797,LOW,Within normal range
South Kenton,2026-02-09,82.0552576304083,0,100.0,-17.944742369591694,LOW,Within normal range
South Kenton,2026-02-10,87.35557957235316,1,100.0,-12.644420427646835,LOW,Within normal range
South Kenton,2026-02-11,90.27379315131499,2,100.0,-9.72620684868501,LOW,Within normal range
South Kenton,2026-02-12,91.81967147229365,3,100.0,-8.18032852770635,LOW,Within normal range
South Kenton,2026-02-13,92.01671411291524,4,100.0,-7.983285887084762,LOW,Within normal range
South Kenton,2026-02-14,91.85185957092173,5,100.0,-8.148140429078268,LOW,Within normal range
South Quay,2026-02-08,75.16716647330573,6,100.0,-24.832833526694273,LOW,Within normal range
South Quay,2026-02-09,82.66257657791442,0,100.0,-17.33742342208558,LOW,Within normal range
South Quay,2026-02-10,87.05776029932464,1,100.0,-12.942239700675358,LOW,Within normal range
South Quay,2026-02-11,91.07444469504213,2,100.0,-8.925555304957868,LOW,Within normal range
South Quay,2026-02-12,91.31253810046286,3,100.0,-8.68746189953714,LOW,Within normal range
South Quay,2026-02-13,91.78136388623402,4,100.0,-8.218636113765982,LOW,Within normal range
South Quay,2026-02-14,91.37812538267734,5,100.0,-8.62187461732266,LOW,Within normal range
South Ruislip,2026-02-08,79.95448176875308,6,99.01101747862793,-19.05653570987485,LOW,Within normal range
South Ruislip,2026-02-09,85.64715652864606,0,100.0,-14.352843471353935,LOW,Within normal range
South Ruislip,2026-02-10,88.69769678331969,1,100.0,-11.302303216680315,LOW,Within normal range
South Ruislip,2026-02-11,91.74688845662891,2,100.0,-8.25311154337109,LOW,Within normal range
South Ruislip,2026-02-12,92.74195243205924,3,100.0,-7.258047567940764,LOW,Within normal range
South Ruislip,2026-02-13,92.15974346345367,4,100.0,-7.840256536546335,LOW,Within normal range
South Ruislip,2026-02-14,91.4745659668796,5,97.29574516369564,-5.821179196816047,LOW,Within normal range
South Tottenham,2026-02-08,69.47425994096014,6,98.7048495108541,-29.230589569893965,LOW,Within normal range
South Tottenham,2026-02-09,82.31353485466973,0,100.0,-17.686465145330274,LOW,Within normal range
South Tottenham,2026-02-10,86.85485943707889,1,100.0,-13.145140562921114,LOW,Within normal range
South Tottenham,2026-02-11,88.73162734157424,2,100.0,-11.268372658425761,LOW,Within normal range
South Tottenham,2026-02-12,91.94089690700015,3,96.58329253445518,-4.642395627455031,LOW,Within normal range
South Tottenham,2026-02-13,92.18486510787372,4,100.0,-7.815134892126281,LOW,Within normal range
South Tottenham,2026-02-14,91.92725520942705,5,98.72046244998047,-6.7932072405534285,LOW,Within normal range
South Wimbledon,2026-02-08,99.47248826757968,6,93.69579014173894,5.776698125840738,MED,Slightly above normal
South Wimbledon,2026-02-09,97.11268255467498,0,100.0,-2.8873174453250243,LOW,Within normal range
South Wimbledon,2026-02-10,96.68614179571395,1,100.0,-3.313858204286049,LOW,Within normal range
South Wimbledon,2026-02-11,95.84142246821979,2,100.0,-4.15857753178021,LOW,Within normal range
South Wimbledon,2026-02-12,95.47709444559806,3,100.0,-4.5229055544019445,LOW,Within normal range
South Wimbledon,2026-02-13,93.4336236337872,4,100.0,-6.566376366212793,LOW,Within normal range
South Wimbledon,2026-02-14,91.42419658322848,5,96.38246197111081,-4.958265387882335,LOW,Within normal range
South Woodford,2026-02-08,82.26008637849527,6,100.0,-17.739913621504726,LOW,Within normal range
South Woodford,2026-02-09,87.29569876029042,0,100.0,-12.70430123970958,LOW,Within normal range
South Woodford,2026-02-10,90.38856456180449,1,100.0,-9.611435438195514,LOW,Within normal range
South Woodford,2026-02-11,91.12889759030926,2,100.0,-8.871102409690735,LOW,Within normal range
South Woodford,2026-02-12,91.32903823838942,3,100.0,-8.670961761610585,LOW,Within normal range
South Woodford,2026-02-13,91.82320065090897,4,100.0,-8.176799349091027,LOW,Within normal range
South Woodford,2026-02-14,91.57551868624314,5,100.0,-8.424481313756857,LOW,Within normal range
Southall,2026-02-08,90.35853893994226,6,99.40287429023633,-9.044335350294062,LOW,Within normal range
Southall,2026-02-09,91.47112075878147,0,100.0,-8.528879241218533,LOW,Within normal range
Southall,2026-02-10,92.72514589143941,1,100.0,-7.274854108560589,LOW,Within normal range
Southall,2026-02-11,92.47427928314647,2,100.0,-7.525720716853527,LOW,Within normal range
Southall,2026-02-12,93.29625848214441,3,100.0,-6.70374151785559,LOW,Within normal range
Southall,2026-02-13,92.10782580664129,4,100.0,-7.892174193358713,LOW,Within normal range
Southall,2026-02-14,91.57195560909226,5,100.0,-8.428044390907743,LOW,Within normal range
Southbury,2026-02-08,69.5922782098961,6,100.0,-30.407721790103906,LOW,Within normal range
Southbury,2026-02-09,82.59006909295005,0,100.0,-17.409930907049954,LOW,Within normal range
Southbury,2026-02-10,86.73289047947395,1,100.0,-13.267109520526049,LOW,Within normal range
Southbury,2026-02-11,89.56518602757808,2,100.0,-10.43481397242192,LOW,Within normal range
Southbury,2026-02-12,91.5143493780968,3,100.0,-8.485650621903204,LOW,Within normal range
Southbury,2026-02-13,92.19155887289507,4,100.0,-7.808441127104928,LOW,Within normal range
Southbury,2026-02-14,90.7994973708554,5,100.0,-9.200502629144594,LOW,Within normal range
Southfields,2026-02-08,72.61722292976813,6,94.18836795069744,-21.571145020929308,LOW,Within normal range
Southfields,2026-02-09,80.84797455987662,0,98.65027454729173,-17.80229998741511,LOW,Within normal range
Southfields,2026-02-10,85.59081146718576,1,98.3266190142902,-12.735807547104443,LOW,Within normal range
Southfields,2026-02-11,88.19633889837945,2,97.35179307980671,-9.15545418142726,LOW,Within normal range
Southfields,2026-02-12,90.83687435162912,3,97.07546745630546,-6.23859310467634,LOW,Within normal range
Southfields,2026-02-13,90.68555639376416,4,98.1516947143873,-7.466138320623145,LOW,Within normal range
Southfields,2026-02-14,89.34617178545048,5,98.19273756877416,-8.846565783323683,LOW,Within normal range
Southgate,2026-02-08,100.07942126677278,6,100.0,0.07942126677278338,LOW,Within normal range
Southgate,2026-02-09,100.87654220197105,0,100.0,0.8765422019710485,LOW,Within normal range
Southgate,2026-02-10,94.93171321759603,1,100.0,-5.068286782403973,LOW,Within normal range
Southgate,2026-02-11,92.91857544769353,2,100.0,-7.081424552306473,LOW,Within normal range
Southgate,2026-02-12,93.70920406403424,3,100.0,-6.290795935965761,LOW,Within normal range
Southgate,2026-02-13,91.79153765968418,4,100.0,-8.208462340315819,LOW,Within normal range
Southgate,2026-02-14,90.52762797388645,5,100.0,-9.472372026113547,LOW,Within normal range
Southwark,2026-02-08,71.16585527222365,6,100.0,-28.834144727776348,LOW,Within normal range
Southwark,2026-02-09,81.2980479807282,0,100.0,-18.7019520192718,LOW,Within normal range
Southwark,2026-02-10,85.7003882351629,1,100.0,-14.299611764837096,LOW,Within normal range
Southwark,2026-02-11,88.44479085421405,2,100.0,-11.555209145785952,LOW,Within normal range
Southwark,2026-02-12,91.24478431188626,3,100.0,-8.755215688113736,LOW,Within normal range
Southwark,2026-02-13,91.91505686167325,4,100.0,-8.08494313832675,LOW,Within normal range
Southwark,2026-02-14,91.17823223669652,5,100.0,-8.821767763303484,LOW,Within normal range
St James Street,2026-02-08,29.781958276997017,6,100.0,-70.21804172300298,LOW,Within normal range
St James Street,2026-02-09,51.804563701440486,0,100.0,-48.195436298559514,LOW,Within normal range
St James Street,2026-02-10,66.9698522914423,1,100.0,-33.030147708557706,LOW,Within normal range
St James Street,2026-02-11,75.88174479418066,2,100.0,-24.118255205819338,LOW,Within normal range
St James Street,2026-02-12,79.87698091850592,3,100.0,-20.12301908149408,LOW,Within normal range
St James Street,2026-02-13,83.39018404799235,4,100.0,-16.60981595200765,LOW,Within normal range
St James Street,2026-02-14,85.04329492156725,5,100.0,-14.956705078432748,LOW,Within normal range
St James's Park,2026-02-08,74.14139357973085,6,100.0,-25.858606420269155,LOW,Within normal range
St James's Park,2026-02-09,81.67765373340661,0,100.0,-18.322346266593385,LOW,Within normal range
St James's Park,2026-02-10,86.30201170974863,1,100.0,-13.697988290251374,LOW,Within normal range
St James's Park,2026-02-11,88.489987926266,2,100.0,-11.510012073734003,LOW,Within normal range
St James's Park,2026-02-12,91.40327325152708,3,100.0,-8.596726748472918,LOW,Within normal range
St James's Park,2026-02-13,91.86829543471666,4,100.0,-8.131704565283343,LOW,Within normal range
St James's Park,2026-02-14,91.0160976418756,5,100.0,-8.983902358124396,LOW,Within normal range
St Johns Wood,2026-02-08,65.86916772203688,6,96.64396991194609,-30.77480218990921,LOW,Within normal range
St Johns Wood,2026-02-09,85.81203887980318,0,100.0,-14.187961120196817,LOW,Within normal range
St Johns Wood,2026-02-10,88.23787942305478,1,100.0,-11.762120576945222,LOW,Within normal range
St Johns Wood,2026-02-11,90.4652852920458,2,99.40700583981501,-8.941720547769208,LOW,Within normal range
St Johns Wood,2026-02-12,90.90843084024192,3,96.4283647739244,-5.519933933682481,LOW,Within normal range
St Johns Wood,2026-02-13,90.75844517638602,4,98.34305339178883,-7.58460821540281,LOW,Within normal range
St Johns Wood,2026-02-14,89.17752356494857,5,97.43327018772911,-8.255746622780535,LOW,Within normal range
St Pauls,2026-02-08,77.694722692852,6,100.0,-22.305277307148003,LOW,Within normal range
St Pauls,2026-02-09,79.03126703859098,0,100.0,-20.968732961409017,LOW,Within normal range
St Pauls,2026-02-10,81.97360261145619,1,100.0,-18.026397388543813,LOW,Within normal range
St Pauls,2026-02-11,87.04920293737665,2,100.0,-12.950797062623352,LOW,Within normal range
St Pauls,2026-02-12,90.61996255020944,3,100.0,-9.380037449790564,LOW,Within normal range
St Pauls,2026-02-13,91.42610562996511,4,100.0,-8.573894370034893,LOW,Within normal range
St Pauls,2026-02-14,91.17141785004382,5,100.0,-8.828582149956176,LOW,Within normal range
Stamford Brook,2026-02-08,76.76840520140189,6,100.0,-23.23159479859811,LOW,Within normal range
Stamford Brook,2026-02-09,82.91628950395798,0,100.0,-17.083710496042016,LOW,Within normal range
Stamford Brook,2026-02-10,87.11292865320276,1,100.0,-12.887071346797242,LOW,Within normal range
Stamford Brook,2026-02-11,90.34139048457936,2,100.0,-9.658609515420636,LOW,Within normal range
Stamford Brook,2026-02-12,91.5253874710572,3,100.0,-8.4746125289428,LOW,Within normal range
Stamford Brook,2026-02-13,92.3689598546595,4,100.0,-7.631040145340506,LOW,Within normal range
Stamford Brook,2026-02-14,91.06818108840213,5,100.0,-8.931818911597873,LOW,Within normal range
Stamford Hill,2026-02-08,45.51310974262444,6,100.0,-54.48689025737556,LOW,Within normal range
Stamford Hill,2026-02-09,53.363050813149,0,100.0,-46.636949186851,LOW,Within normal range
Stamford Hill,2026-02-10,69.88047855322368,1,100.0,-30.119521446776318,LOW,Within normal range
Stamford Hill,2026-02-11,80.92506889226972,2,100.0,-19.07493110773028,LOW,Within normal range
Stamford Hill,2026-02-12,85.84351755839472,3,100.0,-14.156482441605277,LOW,Within normal range
Stamford Hill,2026-02-13,88.14575947161316,4,100.0,-11.854240528386839,LOW,Within normal range
Stamford Hill,2026-02-14,89.2735520545369,5,100.0,-10.726447945463093,LOW,Within normal range
Stanmore,2026-02-08,81.75458195671206,6,92.60080611628254,-10.846224159570482,LOW,Within normal range
Stanmore,2026-02-09,87.9650206738757,0,100.0,-12.0349793261243,LOW,Within normal range
Stanmore,2026-02-10,90.57143547107,1,100.0,-9.428564528929996,LOW,Within normal range
Stanmore,2026-02-11,91.14462886904548,2,100.0,-8.855371130954524,LOW,Within normal range
Stanmore,2026-02-12,91.5196773373778,3,99.7718197375927,-8.252142400214893,LOW,Within normal range
Stanmore,2026-02-13,92.48473069158041,4,98.39297612981616,-5.9082454382357525,LOW,Within normal range
Stanmore,2026-02-14,90.66014583897996,5,95.9076162740102,-5.2474704350302375,LOW,Within normal range
Star Lane DLR,2026-02-08,96.64449070864474,6,100.0,-3.3555092913552613,LOW,Within normal range
Star Lane DLR,2026-02-09,100.7324236511133,0,100.0,0.7324236511132938,LOW,Within normal range
Star Lane DLR,2026-02-10,94.83658602559446,1,100.0,-5.163413974405543,LOW,Within normal range
Star Lane DLR,2026-02-11,92.75462660878941,2,100.0,-7.245373391210592,LOW,Within normal range
Star Lane DLR,2026-02-12,93.44879808016444,3,100.0,-6.551201919835563,LOW,Within normal range
Star Lane DLR,2026-02-13,91.78609380505206,4,100.0,-8.213906194947938,LOW,Within normal range
Star Lane DLR,2026-02-14,90.73729422103196,5,100.0,-9.26270577896804,LOW,Within normal range
Stepney Green,2026-02-08,70.22298918712094,6,99.53160900601569,-29.30861981889474,LOW,Within normal range
Stepney Green,2026-02-09,80.39626833724597,0,100.0,-19.60373166275403,LOW,Within normal range
Stepney Green,2026-02-10,82.59177704587708,1,97.54388960867806,-14.952112562800977,LOW,Within normal range
Stepney Green,2026-02-11,86.21067205391633,2,100.0,-13.789327946083674,LOW,Within normal range
Stepney Green,2026-02-12,88.20147352109466,3,99.03749646765344,-10.836022946558785,LOW,Within normal range
Stepney Green,2026-02-13,91.0862311704036,4,98.72540025035185,-7.63916907994826,LOW,Within normal range
Stepney Green,2026-02-14,89.95227179589615,5,100.0,-10.047728204103848,LOW,Within normal range
Stockwell,2026-02-08,68.00487677998663,6,99.79514134230712,-31.790264562320488,LOW,Within normal range
Stockwell,2026-02-09,77.79251885265326,0,100.0,-22.20748114734674,LOW,Within normal range
Stockwell,2026-02-10,81.77890091019736,1,100.0,-18.221099089802635,LOW,Within normal range
Stockwell,2026-02-11,86.87776872041066,2,100.0,-13.122231279589343,LOW,Within normal range
Stockwell,2026-02-12,88.21891869545108,3,100.0,-11.78108130454892,LOW,Within normal range
Stockwell,2026-02-13,91.07530495119993,4,100.0,-8.924695048800075,LOW,Within normal range
Stockwell,2026-02-14,89.95227179589615,5,100.0,-10.047728204103848,LOW,Within normal range
Stoke Newington,2026-02-08,42.049289709199805,6,100.0,-57.950710290800195,LOW,Within normal range
Stoke Newington,2026-02-09,52.5770987405999,0,100.0,-47.4229012594001,LOW,Within normal range
Stoke Newington,2026-02-10,69.94023776155959,1,100.0,-30.059762238440413,LOW,Within normal range
Stoke Newington,2026-02-11,81.3123138115545,2,100.0,-18.687686188445497,LOW,Within normal range
Stoke Newington,2026-02-12,85.38119805835032,3,100.0,-14.618801941649679,LOW,Within normal range
Stoke Newington,2026-02-13,88.0434228886341,4,100.0,-11.956577111365903,LOW,Within normal range
Stoke Newington,2026-02-14,89.39307875196754,5,100.0,-10.606921248032464,LOW,Within normal range
Stonebridge Park,2026-02-08,75.50409094508302,6,100.0,-24.49590905491698,LOW,Within normal range
Stonebridge Park,2026-02-09,82.06268585434563,0,100.0,-17.93731414565437,LOW,Within normal range
Stonebridge Park,2026-02-10,86.8653149303564,1,100.0,-13.134685069643595,LOW,Within normal range
Stonebridge Park,2026-02-11,88.52568152940192,2,100.0,-11.474318470598078,LOW,Within normal range
Stonebridge Park,2026-02-12,91.56337284651546,3,100.0,-8.436627153484537,LOW,Within normal range
Stonebridge Park,2026-02-13,92.70608745389485,4,100.0,-7.2939125461051475,LOW,Within normal range
Stonebridge Park,2026-02-14,91.28097507387548,5,99.94058515040886,-8.659610076533383,LOW,Within normal range
Stratford,2026-02-08,109.02928403110896,6,97.84044957566547,11.188834455443484,HIGH,Above normal + momentum/weather
Stratford,2026-02-09,110.43369650760854,0,100.0,10.433696507608545,HIGH,Above normal + momentum/weather
Stratford,2026-02-10,106.50885588721023,1,99.59860042699377,6.910255460216462,MED,Slightly above normal
Stratford,2026-02-11,105.25060969776209,2,100.0,5.250609697762087,MED,Slightly above normal
Stratford,2026-02-12,105.19181048474258,3,98.9076984516609,6.284112033081669,MED,Slightly above normal
Stratford,2026-02-13,104.99828742592553,4,98.34373257140278,6.654554854522743,MED,Slightly above normal
Stratford,2026-02-14,104.83987151395044,5,98.37041039212164,6.4694611218288,MED,Slightly above normal
Stratford High Street,2026-02-08,110.005044959262,6,99.68492486669898,10.320120092563016,HIGH,Above normal + momentum/weather
Stratford High Street,2026-02-09,109.01248213226492,0,100.0,9.012482132264921,HIGH,Above normal + momentum/weather
Stratford High Street,2026-02-10,105.1940456095356,1,100.0,5.194045609535607,MED,Slightly above normal
Stratford High Street,2026-02-11,104.41897297230247,2,100.0,4.41897297230247,MED,Slightly above normal
Stratford High Street,2026-02-12,102.10123699552545,3,100.0,2.101236995525454,LOW,Within normal range
Stratford High Street,2026-02-13,98.79899721771996,4,100.0,-1.2010027822800424,LOW,Within normal range
Stratford High Street,2026-02-14,98.81304359774444,5,96.83522198075131,1.9778216169931255,LOW,Within normal range
Stratford International,2026-02-08,99.45254474087352,6,100.0,-0.5474552591264796,LOW,Within normal range
Stratford International,2026-02-09,100.43817306949352,0,100.0,0.43817306949351575,LOW,Within normal range
Stratford International,2026-02-10,96.13286141266853,1,100.0,-3.8671385873314676,LOW,Within normal range
Stratford International,2026-02-11,95.9890680395249,2,100.0,-4.010931960475105,LOW,Within normal range
Stratford International,2026-02-12,95.30305840431609,3,100.0,-4.69694159568391,LOW,Within normal range
Stratford International,2026-02-13,92.82964115875873,4,100.0,-7.170358841241267,LOW,Within normal range
Stratford International,2026-02-14,91.30518693467262,5,100.0,-8.69481306532738,LOW,Within normal range
Sudbury Hill,2026-02-08,77.2262421729241,6,100.0,-22.773757827075897,LOW,Within normal range
Sudbury Hill,2026-02-09,76.70679822371169,0,100.0,-23.293201776288313,LOW,Within normal range
Sudbury Hill,2026-02-10,80.92052393360748,1,100.0,-19.079476066392516,LOW,Within normal range
Sudbury Hill,2026-02-11,86.20875591573095,2,100.0,-13.791244084269053,LOW,Within normal range
Sudbury Hill,2026-02-12,88.3665796276916,3,100.0,-11.633420372308393,LOW,Within normal range
Sudbury Hill,2026-02-13,91.4164271729042,4,100.0,-8.583572827095793,LOW,Within normal range
Sudbury Hill,2026-02-14,91.64640488182394,5,100.0,-8.35359511817606,LOW,Within normal range
Sudbury Town,2026-02-08,98.47510759453557,6,100.0,-1.5248924054644277,LOW,Within normal range
Sudbury Town,2026-02-09,100.73064275020165,0,100.0,0.7306427502016533,LOW,Within normal range
Sudbury Town,2026-02-10,94.90507352244323,1,100.0,-5.094926477556768,LOW,Within normal range
Sudbury Town,2026-02-11,92.82322726098322,2,100.0,-7.1767727390167835,LOW,Within normal range
Sudbury Town,2026-02-12,93.47549930367,3,100.0,-6.524500696329994,LOW,Within normal range
Sudbury Town,2026-02-13,91.78609380505209,4,100.0,-8.21390619494791,LOW,Within normal range
Sudbury Town,2026-02-14,91.33516592595586,5,100.0,-8.664834074044137,LOW,Within normal range
Surrey Quays,2026-02-08,67.57135374806109,6,100.0,-32.428646251938915,LOW,Within normal range
Surrey Quays,2026-02-09,78.04115162796046,0,100.0,-21.95884837203954,LOW,Within normal range
Surrey Quays,2026-02-10,81.61781307399342,1,100.0,-18.382186926006582,LOW,Within normal range
Surrey Quays,2026-02-11,86.86248129759036,2,100.0,-13.137518702409636,LOW,Within normal range
Surrey Quays,2026-02-12,89.7406926439499,3,100.0,-10.259307356050101,LOW,Within normal range
Surrey Quays,2026-02-13,93.18186719361323,4,100.0,-6.818132806386771,LOW,Within normal range
Surrey Quays,2026-02-14,91.7582421225306,5,100.0,-8.241757877469396,LOW,Within normal range
Swiss Cottage,2026-02-08,75.65118692955019,6,100.0,-24.348813070449808,LOW,Within normal range
Swiss Cottage,2026-02-09,82.49126259203211,0,100.0,-17.508737407967885,LOW,Within normal range
Swiss Cottage,2026-02-10,86.89466060023977,1,100.0,-13.105339399760226,LOW,Within normal range
Swiss Cottage,2026-02-11,90.04745547790073,2,100.0,-9.952544522099274,LOW,Within normal range
Swiss Cottage,2026-02-12,93.05323148710185,3,100.0,-6.946768512898146,LOW,Within normal range
Swiss Cottage,2026-02-13,92.16107223687276,4,100.0,-7.838927763127245,LOW,Within normal range
Swiss Cottage,2026-02-14,91.5811616625836,5,100.0,-8.418838337416403,LOW,Within normal range
Sydenham SR,2026-02-08,77.2558737546114,6,100.0,-22.7441262453886,LOW,Within normal range
Sydenham SR,2026-02-09,81.24481146367707,0,100.0,-18.755188536322933,LOW,Within normal range
Sydenham SR,2026-02-10,86.00909674984123,1,100.0,-13.990903250158766,LOW,Within normal range
Sydenham SR,2026-02-11,89.4007401131758,2,100.0,-10.5992598868242,LOW,Within normal range
Sydenham SR,2026-02-12,93.15442820676215,3,100.0,-6.845571793237852,LOW,Within normal range
Sydenham SR,2026-02-13,91.88979479866057,4,100.0,-8.110205201339426,LOW,Within normal range
Sydenham SR,2026-02-14,91.40085938428324,5,100.0,-8.599140615716763,LOW,Within normal range
Taplow,2026-02-08,82.31921184850202,6,100.0,-17.68078815149798,LOW,Within normal range
Taplow,2026-02-09,87.25375236015746,0,100.0,-12.746247639842537,LOW,Within normal range
Taplow,2026-02-10,91.9737601326713,1,100.0,-8.026239867328698,LOW,Within normal range
Taplow,2026-02-11,93.1449539992991,2,99.65034045797512,-6.505386458676014,LOW,Within normal range
Taplow,2026-02-12,93.69097569889135,3,100.0,-6.30902430110865,LOW,Within normal range
Taplow,2026-02-13,91.7915376596842,4,100.0,-8.208462340315805,LOW,Within normal range
Taplow,2026-02-14,91.27903609972664,5,99.94017255494677,-8.66113645522013,LOW,Within normal range
Temple,2026-02-08,79.5978797747656,6,92.75748266898896,-13.159602894223354,LOW,Within normal range
Temple,2026-02-09,79.24764781440552,0,96.19304107171092,-16.945393257305398,LOW,Within normal range
Temple,2026-02-10,81.23481143877567,1,97.54807134529004,-16.313259906514375,LOW,Within normal range
Temple,2026-02-11,86.0738489481479,2,99.57746988022708,-13.503620932079187,LOW,Within normal range
Temple,2026-02-12,89.47644103411707,3,98.92972814051527,-9.453287106398193,LOW,Within normal range
Temple,2026-02-13,93.41616682976209,4,93.95055089011154,-0.5343840603494527,LOW,Within normal range
Temple,2026-02-14,91.56695625048984,5,100.0,-8.433043749510162,LOW,Within normal range
Theobalds Grove,2026-02-08,52.05751446946793,6,95.59799983605214,-43.54048536658421,LOW,Within normal range
Theobalds Grove,2026-02-09,68.76140103325211,0,100.0,-31.238598966747887,LOW,Within normal range
Theobalds Grove,2026-02-10,77.18913224709979,1,100.0,-22.810867752900208,LOW,Within normal range
Theobalds Grove,2026-02-11,80.47006846886661,2,100.0,-19.529931531133386,LOW,Within normal range
Theobalds Grove,2026-02-12,82.65968568433195,3,100.0,-17.340314315668053,LOW,Within normal range
Theobalds Grove,2026-02-13,86.08285386873612,4,100.0,-13.917146131263877,LOW,Within normal range
Theobalds Grove,2026-02-14,88.5234484862901,5,94.8613368283093,-6.337888342019198,LOW,Within normal range
Theydon Bois,2026-02-08,94.47530766072427,6,100.0,-5.524692339275731,LOW,Within normal range
Theydon Bois,2026-02-09,97.34225277967245,0,100.0,-2.6577472203275505,LOW,Within normal range
Theydon Bois,2026-02-10,96.17339009808111,1,100.0,-3.8266099019188857,LOW,Within normal range
Theydon Bois,2026-02-11,94.86894433819363,2,100.0,-5.131055661806371,LOW,Within normal range
Theydon Bois,2026-02-12,94.74090887508612,3,100.0,-5.25909112491388,LOW,Within normal range
Theydon Bois,2026-02-13,93.23147440635842,4,100.0,-6.768525593641584,LOW,Within normal range
Theydon Bois,2026-02-14,91.42419658322848,5,100.0,-8.575803416771521,LOW,Within normal range
Tooting Bec,2026-02-08,67.74954816374347,6,99.70337804732708,-31.95382988358361,LOW,Within normal range
Tooting Bec,2026-02-09,78.04006514059826,0,100.0,-21.95993485940174,LOW,Within normal range
Tooting Bec,2026-02-10,81.56975885104539,1,100.0,-18.430241148954607,LOW,Within normal range
Tooting Bec,2026-02-11,86.51251779427017,2,100.0,-13.487482205729833,LOW,Within normal range
Tooting Bec,2026-02-12,90.40686269447083,3,100.0,-9.593137305529169,LOW,Within normal range
Tooting Bec,2026-02-13,93.08470622161572,4,100.0,-6.915293778384282,LOW,Within normal range
Tooting Bec,2026-02-14,92.42536216551059,5,100.0,-7.574637834489408,LOW,Within normal range
Tooting Broadway,2026-02-08,69.30687572027783,6,99.69398487365643,-30.387109153378603,LOW,Within normal range
Tooting Broadway,2026-02-09,90.78636948560404,0,100.0,-9.213630514395959,LOW,Within normal range
Tooting Broadway,2026-02-10,92.07926563215625,1,100.0,-7.92073436784375,LOW,Within normal range
Tooting Broadway,2026-02-11,92.71440495358594,2,100.0,-7.285595046414059,LOW,Within normal range
Tooting Broadway,2026-02-12,93.30939947204031,3,100.0,-6.690600527959688,LOW,Within normal range
Tooting Broadway,2026-02-13,91.78609380505208,4,100.0,-8.213906194947924,LOW,Within normal range
Tooting Broadway,2026-02-14,91.2453028453924,5,100.0,-8.754697154607598,LOW,Within normal range
Tottenham Court Road,2026-02-08,81.45727631533192,6,99.38924191215256,-17.931965596820632,LOW,Within normal range
Tottenham Court Road,2026-02-09,86.52026621961832,0,100.0,-13.479733780381679,LOW,Within normal range
Tottenham Court Road,2026-02-10,90.79557303959717,1,99.82667979075097,-9.0311067511538,LOW,Within normal range
Tottenham Court Road,2026-02-11,92.42115519348239,2,100.0,-7.578844806517608,LOW,Within normal range
Tottenham Court Road,2026-02-12,93.15486615198981,3,100.0,-6.845133848010192,LOW,Within normal range
Tottenham Court Road,2026-02-13,92.21663499533496,4,99.78160856957912,-7.5649735742441635,LOW,Within normal range
Tottenham Court Road,2026-02-14,91.89188598727377,5,99.72289622764785,-7.831010240374084,LOW,Within normal range
Tottenham Hale,2026-02-08,95.30875547388645,6,100.0,-4.69124452611355,LOW,Within normal range
Tottenham Hale,2026-02-09,97.39568330277584,0,100.0,-2.6043166972241636,LOW,Within normal range
Tottenham Hale,2026-02-10,96.2247185827059,1,100.0,-3.775281417294096,LOW,Within normal range
Tottenham Hale,2026-02-11,95.34880700155398,2,100.0,-4.651192998446021,LOW,Within normal range
Tottenham Hale,2026-02-12,94.9699250666307,3,100.0,-5.030074933369306,LOW,Within normal range
Tottenham Hale,2026-02-13,93.26785116372646,4,100.0,-6.732148836273538,LOW,Within normal range
Tottenham Hale,2026-02-14,91.28897942942734,5,100.0,-8.711020570572657,LOW,Within normal range
Totteridge & Whetstone,2026-02-08,76.3739204025245,6,96.52370179070711,-20.149781388182603,LOW,Within normal range
Totteridge & Whetstone,2026-02-09,81.49617037960613,0,100.0,-18.503829620393873,LOW,Within normal range
Totteridge & Whetstone,2026-02-10,87.35385782271693,1,100.0,-12.646142177283068,LOW,Within normal range
Totteridge & Whetstone,2026-02-11,91.3392119117169,2,100.0,-8.660788088283098,LOW,Within normal range
Totteridge & Whetstone,2026-02-12,93.29024297639515,3,100.0,-6.709757023604851,LOW,Within normal range
Totteridge & Whetstone,2026-02-13,92.14655519674098,4,100.0,-7.853444803259023,LOW,Within normal range
Totteridge & Whetstone,2026-02-14,91.68102965467278,5,96.45976520222528,-4.7787355475525,LOW,Within normal range
Tower Gateway,2026-02-08,81.21429715173994,6,96.14628204343003,-14.931984891690092,LOW,Within normal range
Tower Gateway,2026-02-09,86.69473381544496,0,100.0,-13.305266184555038,LOW,Within normal range
Tower Gateway,2026-02-10,91.19420818964807,1,99.93648052017136,-8.742272330523292,LOW,Within normal range
Tower Gateway,2026-02-11,92.08427431053322,2,99.28488375595678,-7.2006094454235665,LOW,Within normal range
Tower Gateway,2026-02-12,93.13623354924762,3,99.71404481064845,-6.577811261400825,LOW,Within normal range
Tower Gateway,2026-02-13,92.3886146391639,4,100.0,-7.6113853608360955,LOW,Within normal range
Tower Gateway,2026-02-14,91.71018375913073,5,100.0,-8.289816240869271,LOW,Within normal range
Tower Hill,2026-02-08,102.36393293766616,6,100.0,2.3639329376661635,LOW,Within normal range
Tower Hill,2026-02-09,106.01574327165073,0,100.0,6.015743271650734,MED,Slightly above normal
Tower Hill,2026-02-10,102.00513169825031,1,100.0,2.0051316982503096,LOW,Within normal range
Tower Hill,2026-02-11,99.89839530670768,2,100.0,-0.10160469329231603,LOW,Within normal range
Tower Hill,2026-02-12,98.23152035426841,3,100.0,-1.7684796457315883,LOW,Within normal range
Tower Hill,2026-02-13,98.11345594616684,4,100.0,-1.8865440538331626,LOW,Within normal range
Tower Hill,2026-02-14,94.74641238441153,5,100.0,-5.253587615588472,LOW,Within normal range
Tufnell Park,2026-02-08,55.07550672454654,6,93.69509870241684,-38.6195919778703,LOW,Within normal range
Tufnell Park,2026-02-09,72.90052643324535,0,96.19603356216629,-23.295507128920946,LOW,Within normal range
Tufnell Park,2026-02-10,80.60564867372895,1,94.41887002865775,-13.8132213549288,LOW,Within normal range
Tufnell Park,2026-02-11,83.89190194737117,2,92.4878841954123,-8.595982248041139,LOW,Within normal range
Tufnell Park,2026-02-12,85.29967504249655,3,95.70191215302177,-10.40223711052522,LOW,Within normal range
Tufnell Park,2026-02-13,89.26423484963132,4,93.49857207787878,-4.234337228247455,LOW,Within normal range
Tufnell Park,2026-02-14,91.9241049518268,5,95.19689488130142,-3.2727899294746123,LOW,Within normal range
Turkey Street,2026-02-08,52.31039275071091,6,100.0,-47.68960724928909,LOW,Within normal range
Turkey Street,2026-02-09,69.7639518567682,0,100.0,-30.2360481432318,LOW,Within normal range
Turkey Street,2026-02-10,80.54553308222759,1,100.0,-19.454466917772407,LOW,Within normal range
Turkey Street,2026-02-11,83.6197707768246,2,100.0,-16.380229223175405,LOW,Within normal range
Turkey Street,2026-02-12,86.94375541124774,3,100.0,-13.056244588752264,LOW,Within normal range
Turkey Street,2026-02-13,92.27070859561672,4,100.0,-7.729291404383275,LOW,Within normal range
Turkey Street,2026-02-14,91.87339993070427,5,97.01046833784031,-5.1370684071360415,LOW,Within normal range
Turnham Green,2026-02-08,76.57954567210908,6,100.0,-23.420454327890923,LOW,Within normal range
Turnham Green,2026-02-09,82.66347061234008,0,100.0,-17.336529387659922,LOW,Within normal range
Turnham Green,2026-02-10,87.59365346814299,1,100.0,-12.406346531857011,LOW,Within normal range
Turnham Green,2026-02-11,91.51508976541443,2,100.0,-8.48491023458557,LOW,Within normal range
Turnham Green,2026-02-12,93.79774559631342,3,100.0,-6.202254403686581,LOW,Within normal range
Turnham Green,2026-02-13,93.89943612617117,4,100.0,-6.100563873828833,LOW,Within normal range
Turnham Green,2026-02-14,92.30601548405006,5,100.0,-7.693984515949936,LOW,Within normal range
Turnpike Lane,2026-02-08,68.6463533701819,6,100.0,-31.3536466298181,LOW,Within normal range
Turnpike Lane,2026-02-09,77.71162387322678,0,100.0,-22.288376126773215,LOW,Within normal range
Turnpike Lane,2026-02-10,80.2558172392857,1,100.0,-19.744182760714295,LOW,Within normal range
Turnpike Lane,2026-02-11,82.56169850197331,2,100.0,-17.43830149802669,LOW,Within normal range
Turnpike Lane,2026-02-12,86.37003997305366,3,100.0,-13.629960026946335,LOW,Within normal range
Turnpike Lane,2026-02-13,89.42529440293309,4,100.0,-10.57470559706691,LOW,Within normal range
Turnpike Lane,2026-02-14,92.0605605218887,5,100.0,-7.9394394781112965,LOW,Within normal range
Twyford,2026-02-08,106.93827195041031,6,100.0,6.938271950410311,MED,Slightly above normal
Twyford,2026-02-09,106.16649119377415,0,100.0,6.166491193774149,MED,Slightly above normal
Twyford,2026-02-10,103.16482364926819,1,100.0,3.164823649268186,MED,Slightly above normal
Twyford,2026-02-11,101.30373198146128,2,100.0,1.3037319814612829,LOW,Within normal range
Twyford,2026-02-12,100.08890272083377,3,100.0,0.08890272083377226,LOW,Within normal range
Twyford,2026-02-13,100.049912184403,4,99.48491537895512,0.5649968054478762,LOW,Within normal range
Twyford,2026-02-14,97.53265153790723,5,98.4730968416446,-0.940445303737377,LOW,Within normal range
Upminster,2026-02-08,106.46089069317146,6,94.7452177265984,11.715672966573067,HIGH,Above normal + momentum/weather
Upminster,2026-02-09,105.81460901603468,0,100.0,5.81460901603468,MED,Slightly above normal
Upminster,2026-02-10,103.61968577056835,1,100.0,3.6196857705683527,MED,Slightly above normal
Upminster,2026-02-11,101.5219911292007,2,100.0,1.5219911292006998,LOW,Within normal range
Upminster,2026-02-12,99.04670380379592,3,99.97792965658834,-0.9312258527924229,LOW,Within normal range
Upminster,2026-02-13,99.21705916186792,4,100.0,-0.7829408381320775,LOW,Within normal range
Upminster,2026-02-14,94.52498120882674,5,95.83055901635996,-1.3055778075332114,LOW,Within normal range
Upminster Bridge,2026-02-08,82.58500629354299,6,96.21024840993638,-13.625242116393395,LOW,Within normal range
Upminster Bridge,2026-02-09,87.3108883922749,0,100.0,-12.689111607725096,LOW,Within normal range
Upminster Bridge,2026-02-10,91.71178551239986,1,100.0,-8.288214487600143,LOW,Within normal range
Upminster Bridge,2026-02-11,92.72553993838163,2,100.0,-7.27446006161837,LOW,Within normal range
Upminster Bridge,2026-02-12,93.16508743298256,3,100.0,-6.83491256701744,LOW,Within normal range
Upminster Bridge,2026-02-13,91.90367881739135,4,100.0,-8.096321182608648,LOW,Within normal range
Upminster Bridge,2026-02-14,91.42632502707833,5,97.79688339602363,-6.3705583689452965,LOW,Within normal range
Upney,2026-02-08,81.38985365660025,6,100.0,-18.610146343399748,LOW,Within normal range
Upney,2026-02-09,85.7795429657921,0,100.0,-14.220457034207897,LOW,Within normal range
Upney,2026-02-10,89.62408733442207,1,100.0,-10.375912665577928,LOW,Within normal range
Upney,2026-02-11,92.67325279363648,2,100.0,-7.326747206363521,LOW,Within normal range
Upney,2026-02-12,93.11300480217336,3,100.0,-6.886995197826636,LOW,Within normal range
Upney,2026-02-13,91.93475506796925,4,100.0,-8.065244932030751,LOW,Within normal range
Upney,2026-02-14,91.51663501188119,5,100.0,-8.483364988118808,LOW,Within normal range
Upper Holloway,2026-02-08,67.15481921229099,6,100.0,-32.84518078770901,LOW,Within normal range
Upper Holloway,2026-02-09,77.2422606870413,0,100.0,-22.757739312958705,LOW,Within normal range
Upper Holloway,2026-02-10,78.82244300676086,1,100.0,-21.177556993239136,LOW,Within normal range
Upper Holloway,2026-02-11,81.29058034340328,2,100.0,-18.709419656596722,LOW,Within normal range
Upper Holloway,2026-02-12,85.80300628060792,3,100.0,-14.196993719392083,LOW,Within normal range
Upper Holloway,2026-02-13,89.00421327393849,4,100.0,-10.99578672606151,LOW,Within normal range
Upper Holloway,2026-02-14,92.1694979317517,5,100.0,-7.830502068248293,LOW,Within normal range
Upton Park,2026-02-08,81.9550046298467,6,100.0,-18.044995370153302,LOW,Within normal range
Upton Park,2026-02-09,87.87855611727363,0,100.0,-12.121443882726368,LOW,Within normal range
Upton Park,2026-02-10,92.13950359451309,1,100.0,-7.860496405486913,LOW,Within normal range
Upton Park,2026-02-11,92.91246063413793,2,100.0,-7.087539365862071,LOW,Within normal range
Upton Park,2026-02-12,93.71302174950469,3,100.0,-6.286978250495309,LOW,Within normal range
Upton Park,2026-02-13,91.94628532730775,4,100.0,-8.053714672692251,LOW,Within normal range
Upton Park,2026-02-14,91.60090558192866,5,100.0,-8.399094418071343,LOW,Within normal range
Uxbridge,2026-02-08,76.90060404625129,6,100.0,-23.09939595374871,LOW,Within normal range
Uxbridge,2026-02-09,78.29884388234649,0,100.0,-21.70115611765351,LOW,Within normal range
Uxbridge,2026-02-10,81.74085545863537,1,100.0,-18.259144541364634,LOW,Within normal range
Uxbridge,2026-02-11,87.5670802436818,2,100.0,-12.4329197563182,LOW,Within normal range
Uxbridge,2026-02-12,91.0103344119106,3,100.0,-8.989665588089395,LOW,Within normal range
Uxbridge,2026-02-13,92.48028749743102,4,100.0,-7.519712502568979,LOW,Within normal range
Uxbridge,2026-02-14,91.71585058926932,5,100.0,-8.284149410730677,LOW,Within normal range
Vauxhall,2026-02-08,47.807353809992584,6,100.0,-52.192646190007416,LOW,Within normal range
Vauxhall,2026-02-09,58.534598621087945,0,100.0,-41.465401378912055,LOW,Within normal range
Vauxhall,2026-02-10,73.2262047909712,1,100.0,-26.773795209028805,LOW,Within normal range
Vauxhall,2026-02-11,79.48410888272885,2,100.0,-20.515891117271153,LOW,Within normal range
Vauxhall,2026-02-12,77.36565823932703,3,100.0,-22.634341760672967,LOW,Within normal range
Vauxhall,2026-02-13,79.93358729667136,4,100.0,-20.066412703328638,LOW,Within normal range
Vauxhall,2026-02-14,81.44498269922879,5,100.0,-18.555017300771212,LOW,Within normal range
Victoria,2026-02-08,93.97722135828029,6,100.0,-6.022778641719711,LOW,Within normal range
Victoria,2026-02-09,97.26836824644761,0,100.0,-2.731631753552392,LOW,Within normal range
Victoria,2026-02-10,97.05509656664057,1,100.0,-2.9449034333594284,LOW,Within normal range
Victoria,2026-02-11,97.71675422152104,2,100.0,-2.283245778478957,LOW,Within normal range
Victoria,2026-02-12,96.61980437397713,3,100.0,-3.380195626022868,LOW,Within normal range
Victoria,2026-02-13,94.72279263185716,4,100.0,-5.2772073681428395,LOW,Within normal range
Victoria,2026-02-14,92.63290460822189,5,100.0,-7.367095391778108,LOW,Within normal range
W Silvertown,2026-02-08,75.06352671397838,6,100.0,-24.936473286021624,LOW,Within normal range
W Silvertown,2026-02-09,81.55932223231359,0,100.0,-18.44067776768641,LOW,Within normal range
W Silvertown,2026-02-10,86.63442305908038,1,100.0,-13.365576940919624,LOW,Within normal range
W Silvertown,2026-02-11,90.65284693673235,2,100.0,-9.347153063267655,LOW,Within normal range
W Silvertown,2026-02-12,92.87379124340377,3,100.0,-7.1262087565962275,LOW,Within normal range
W Silvertown,2026-02-13,92.5323675702151,4,100.0,-7.467632429784899,LOW,Within normal range
W Silvertown,2026-02-14,91.50325991721078,5,100.0,-8.496740082789216,LOW,Within normal range
Walthamstow Central,2026-02-08,71.01760329486208,6,100.0,-28.982396705137916,LOW,Within normal range
Walthamstow Central,2026-02-09,80.65942451217592,0,100.0,-19.340575487824083,LOW,Within normal range
Walthamstow Central,2026-02-10,86.2347415549712,1,100.0,-13.765258445028806,LOW,Within normal range
Walthamstow Central,2026-02-11,89.78851205170702,2,100.0,-10.211487948292984,LOW,Within normal range
Walthamstow Central,2026-02-12,93.41938284345359,3,100.0,-6.58061715654641,LOW,Within normal range
Walthamstow Central,2026-02-13,92.09983843575004,4,100.0,-7.900161564249956,LOW,Within normal range
Walthamstow Central,2026-02-14,92.82181254315023,5,100.0,-7.17818745684977,LOW,Within normal range
Walthamstow Queens Road,2026-02-08,71.3227211691783,6,100.0,-28.677278830821706,LOW,Within normal range
Walthamstow Queens Road,2026-02-09,79.74851736883248,0,100.0,-20.25148263116752,LOW,Within normal range
Walthamstow Queens Road,2026-02-10,81.99736337601372,1,100.0,-18.002636623986277,LOW,Within normal range
Walthamstow Queens Road,2026-02-11,87.42226910454457,2,100.0,-12.577730895455431,LOW,Within normal range
Walthamstow Queens Road,2026-02-12,91.25314325863954,3,100.0,-8.74685674136046,LOW,Within normal range
Walthamstow Queens Road,2026-02-13,93.02749086108452,4,100.0,-6.972509138915484,LOW,Within normal range
Walthamstow Queens Road,2026-02-14,91.90663151412463,5,100.0,-8.093368485875374,LOW,Within normal range
Wandsworth Road,2026-02-08,45.81067543221868,6,100.0,-54.18932456778132,LOW,Within normal range
Wandsworth Road,2026-02-09,55.52752721810212,0,100.0,-44.47247278189788,LOW,Within normal range
Wandsworth Road,2026-02-10,71.98561850008247,1,100.0,-28.014381499917533,LOW,Within normal range
Wandsworth Road,2026-02-11,79.15177752794797,2,100.0,-20.84822247205203,LOW,Within normal range
Wandsworth Road,2026-02-12,80.97149174541623,3,99.89736881823212,-18.925877072815894,LOW,Within normal range
Wandsworth Road,2026-02-13,86.04847229516234,4,100.0,-13.951527704837659,LOW,Within normal range
Wandsworth Road,2026-02-14,89.02358842703097,5,100.0,-10.976411572969027,LOW,Within normal range
Wanstead,2026-02-08,80.4338030043666,6,100.0,-19.566196995633405,LOW,Within normal range
Wanstead,2026-02-09,81.9210945914876,0,100.0,-18.078905408512398,LOW,Within normal range
Wanstead,2026-02-10,87.07177347465715,1,100.0,-12.92822652534285,LOW,Within normal range
Wanstead,2026-02-11,92.23210592555455,2,100.0,-7.767894074445451,LOW,Within normal range
Wanstead,2026-02-12,93.49109853392547,3,100.0,-6.5089014660745335,LOW,Within normal range
Wanstead,2026-02-13,92.2798583125329,4,100.0,-7.720141687467105,LOW,Within normal range
Wanstead,2026-02-14,91.95884187709174,5,100.0,-8.041158122908257,LOW,Within normal range
Wanstead Park,2026-02-08,68.89247399052289,6,100.0,-31.107526009477112,LOW,Within normal range
Wanstead Park,2026-02-09,77.05060302228895,0,100.0,-22.949396977711046,LOW,Within normal range
Wanstead Park,2026-02-10,78.81399410669631,1,100.0,-21.186005893303687,LOW,Within normal range
Wanstead Park,2026-02-11,80.4248030902992,2,100.0,-19.575196909700793,LOW,Within normal range
Wanstead Park,2026-02-12,81.42220711934486,3,100.0,-18.57779288065514,LOW,Within normal range
Wanstead Park,2026-02-13,85.49838692018746,4,100.0,-14.501613079812543,LOW,Within normal range
Wanstead Park,2026-02-14,87.84397748359244,5,100.0,-12.15602251640756,LOW,Within normal range
Wapping,2026-02-08,69.64295782277092,6,100.0,-30.357042177229076,LOW,Within normal range
Wapping,2026-02-09,81.82051415016639,0,100.0,-18.17948584983361,LOW,Within normal range
Wapping,2026-02-10,87.0013602974883,1,100.0,-12.998639702511696,LOW,Within normal range
Wapping,2026-02-11,92.23210592555455,2,100.0,-7.767894074445451,LOW,Within normal range
Wapping,2026-02-12,93.49109853392545,3,100.0,-6.508901466074548,LOW,Within normal range
Wapping,2026-02-13,92.2798583125329,4,100.0,-7.720141687467105,LOW,Within normal range
Wapping,2026-02-14,91.95884187709174,5,100.0,-8.041158122908257,LOW,Within normal range
Warren Street,2026-02-08,69.59933157981474,6,99.80162259840456,-30.20229101858982,LOW,Within normal range
Warren Street,2026-02-09,81.42667908423256,0,100.0,-18.57332091576744,LOW,Within normal range
Warren Street,2026-02-10,86.71206987868267,1,100.0,-13.28793012131733,LOW,Within normal range
Warren Street,2026-02-11,90.93972507129662,2,100.0,-9.060274928703379,LOW,Within normal range
Warren Street,2026-02-12,92.71174606218315,3,100.0,-7.288253937816847,LOW,Within normal range
Warren Street,2026-02-13,92.16386732543936,4,100.0,-7.836132674560645,LOW,Within normal range
Warren Street,2026-02-14,91.83967557843235,5,100.0,-8.160324421567651,LOW,Within normal range
Warwick Avenue,2026-02-08,68.92899635451904,6,100.0,-31.071003645480957,LOW,Within normal range
Warwick Avenue,2026-02-09,77.7647786922262,0,100.0,-22.2352213077738,LOW,Within normal range
Warwick Avenue,2026-02-10,80.58252126673025,1,100.0,-19.417478733269746,LOW,Within normal range
Warwick Avenue,2026-02-11,84.51294616129194,2,100.0,-15.487053838708064,LOW,Within normal range
Warwick Avenue,2026-02-12,86.87660261834027,3,100.0,-13.123397381659728,LOW,Within normal range
Warwick Avenue,2026-02-13,90.4660160842426,4,100.0,-9.533983915757403,LOW,Within normal range
Warwick Avenue,2026-02-14,92.43790873050544,5,100.0,-7.562091269494559,LOW,Within normal range
Waterloo,2026-02-08,47.752984481730245,6,100.0,-52.247015518269755,LOW,Within normal range
Waterloo,2026-02-09,55.364380802784034,0,100.0,-44.635619197215966,LOW,Within normal range
Waterloo,2026-02-10,71.54776478895192,1,100.0,-28.452235211048077,LOW,Within normal range
Waterloo,2026-02-11,78.5974843820445,2,100.0,-21.4025156179555,LOW,Within normal range
Waterloo,2026-02-12,80.06246834256501,3,100.0,-19.937531657434988,LOW,Within normal range
Waterloo,2026-02-13,83.20441366025462,4,99.62522894090783,-16.420815280653215,LOW,Within normal range
Waterloo,2026-02-14,85.3154943070316,5,100.0,-14.6845056929684,LOW,Within normal range
Watford High Street,2026-02-08,80.6600200733195,6,100.0,-19.3399799266805,LOW,Within normal range
Watford High Street,2026-02-09,85.00838011969785,0,100.0,-14.991619880302153,LOW,Within normal range
Watford High Street,2026-02-10,88.30986776338365,1,99.744647321472,-11.434779558088351,LOW,Within normal range
Watford High Street,2026-02-11,92.13004515123772,2,100.0,-7.869954848762276,LOW,Within normal range
Watford High Street,2026-02-12,93.46035100784553,3,100.0,-6.5396489921544685,LOW,Within normal range
Watford High Street,2026-02-13,92.26257347426484,4,100.0,-7.7374265257351595,LOW,Within normal range
Watford High Street,2026-02-14,91.95884187709174,5,98.92761259060389,-6.968770713512143,LOW,Within normal range
Watford Junction,2026-02-08,74.87080236245266,6,100.0,-25.129197637547335,LOW,Within normal range
Watford Junction,2026-02-09,81.23031149883904,0,100.0,-18.769688501160957,LOW,Within normal range
Watford Junction,2026-02-10,86.03775077909054,1,100.0,-13.962249220909456,LOW,Within normal range
Watford Junction,2026-02-11,90.11431641875448,2,100.0,-9.885683581245516,LOW,Within normal range
Watford Junction,2026-02-12,93.05744509176252,3,99.02162040401723,-5.96417531225471,LOW,Within normal range
Watford Junction,2026-02-13,92.31581990449631,4,100.0,-7.684180095503692,LOW,Within normal range
Watford Junction,2026-02-14,91.95884187709173,5,98.95564759575063,-6.996805718658905,LOW,Within normal range
Watford Met,2026-02-08,75.89120004781763,6,99.66142257444389,-23.770222526626256,LOW,Within normal range
Watford Met,2026-02-09,81.69461572432347,0,100.0,-18.30538427567653,LOW,Within normal range
Watford Met,2026-02-10,87.3254964528442,1,100.0,-12.674503547155794,LOW,Within normal range
Watford Met,2026-02-11,91.40033394832595,2,100.0,-8.599666051674049,LOW,Within normal range
Watford Met,2026-02-12,93.58873763485438,3,100.0,-6.4112623651456175,LOW,Within normal range
Watford Met,2026-02-13,92.16384003500903,4,100.0,-7.836159964990969,LOW,Within normal range
Watford Met,2026-02-14,91.83967557843235,5,100.0,-8.160324421567651,LOW,Within normal range
Wembley Central,2026-02-08,76.06823708056551,6,95.88799938837059,-19.819762307805078,LOW,Within normal range
Wembley Central,2026-02-09,81.93661314055133,0,100.0,-18.06338685944867,LOW,Within normal range
Wembley Central,2026-02-10,87.50060214550409,1,100.0,-12.49939785449591,LOW,Within normal range
Wembley Central,2026-02-11,91.16406190152016,2,100.0,-8.835938098479843,LOW,Within normal range
Wembley Central,2026-02-12,92.79473044960852,3,99.38155729441074,-6.586826844802218,LOW,Within normal range
Wembley Central,2026-02-13,92.35579936144717,4,99.89731974329935,-7.54152038185218,LOW,Within normal range
Wembley Central,2026-02-14,91.95587806365334,5,100.0,-8.044121936346656,LOW,Within normal range
Wembley Park,2026-02-08,68.65201402457816,6,74.0413295525898,-5.389315528011636,LOW,Within normal range
Wembley Park,2026-02-09,77.66015843824316,0,98.04780976407497,-20.38765132583181,LOW,Within normal range
Wembley Park,2026-02-10,79.85749712346237,1,96.42412573465737,-16.566628611195,LOW,Within normal range
Wembley Park,2026-02-11,83.42399526469764,2,95.292010059824,-11.868014795126356,LOW,Within normal range
Wembley Park,2026-02-12,87.55018673154272,3,91.90016085345655,-4.3499741219138315,LOW,Within normal range
Wembley Park,2026-02-13,91.24538776346287,4,88.76357853528498,2.4818092281778945,LOW,Within normal range
Wembley Park,2026-02-14,92.50287577960621,5,78.76849447096052,13.734381308645695,HIGH,Above normal + momentum/weather
West Acton,2026-02-08,75.60643555929047,6,99.06925644161603,-23.46282088232556,LOW,Within normal range
West Acton,2026-02-09,81.54078534909742,0,100.0,-18.45921465090258,LOW,Within normal range
West Acton,2026-02-10,86.71373720991816,1,100.0,-13.286262790081835,LOW,Within normal range
West Acton,2026-02-11,90.90896300590417,2,100.0,-9.09103699409583,LOW,Within normal range
West Acton,2026-02-12,92.63483376899723,3,100.0,-7.365166231002775,LOW,Within normal range
West Acton,2026-02-13,92.16386732543933,4,100.0,-7.836132674560673,LOW,Within normal range
West Acton,2026-02-14,91.83967557843232,5,98.89646335581679,-7.056787777384471,LOW,Within normal range
West Brompton,2026-02-08,70.94491890302913,6,97.97329873007406,-27.02837982704493,LOW,Within normal range
West Brompton,2026-02-09,80.72749342922064,0,100.0,-19.272506570779356,LOW,Within normal range
West Brompton,2026-02-10,86.02866902427371,1,99.94460231265006,-13.915933288376351,LOW,Within normal range
West Brompton,2026-02-11,89.82990123330951,2,100.0,-10.170098766690487,LOW,Within normal range
West Brompton,2026-02-12,93.34247055026765,3,100.0,-6.657529449732351,LOW,Within normal range
West Brompton,2026-02-13,92.09983843575004,4,100.0,-7.900161564249956,LOW,Within normal range
West Brompton,2026-02-14,92.75261312952429,5,100.0,-7.247386870475708,LOW,Within normal range
West Croydon,2026-02-08,81.63840058995244,6,100.0,-18.36159941004756,LOW,Within normal range
West Croydon,2026-02-09,87.2934551951091,0,100.0,-12.706544804890896,LOW,Within normal range
West Croydon,2026-02-10,91.71522230159701,1,99.89328374412321,-8.1780614425262,LOW,Within normal range
West Croydon,2026-02-11,92.90208756213335,2,100.0,-7.097912437866654,LOW,Within normal range
West Croydon,2026-02-12,93.56870971044692,3,100.0,-6.4312902895530755,LOW,Within normal range
West Croydon,2026-02-13,91.95812631094368,4,100.0,-8.041873689056317,LOW,Within normal range
West Croydon,2026-02-14,91.9578786404523,5,100.0,-8.042121359547707,LOW,Within normal range
West Drayton,2026-02-08,73.87849671190605,6,100.0,-26.121503288093948,LOW,Within normal range
West Drayton,2026-02-09,79.76419805337143,0,100.0,-20.23580194662857,LOW,Within normal range
West Drayton,2026-02-10,81.33788987565703,1,100.0,-18.662110124342973,LOW,Within normal range
West Drayton,2026-02-11,86.8591588179271,2,100.0,-13.140841182072904,LOW,Within normal range
West Drayton,2026-02-12,89.60261758108909,3,100.0,-10.397382418910908,LOW,Within normal range
West Drayton,2026-02-13,93.23615377124493,4,100.0,-6.763846228755071,LOW,Within normal range
West Drayton,2026-02-14,91.7217039181134,5,100.0,-8.278296081886594,LOW,Within normal range
West Ealing,2026-02-08,78.1017978534275,6,100.0,-21.8982021465725,LOW,Within normal range
West Ealing,2026-02-09,81.10133376935875,0,100.0,-18.898666230641254,LOW,Within normal range
West Ealing,2026-02-10,87.63162936019224,1,100.0,-12.368370639807765,LOW,Within normal range
West Ealing,2026-02-11,91.71250309245593,2,100.0,-8.287496907544067,LOW,Within normal range
West Ealing,2026-02-12,93.74825445880933,3,100.0,-6.251745541190672,LOW,Within normal range
West Ealing,2026-02-13,91.85047455498272,4,100.0,-8.149525445017275,LOW,Within normal range
West Ealing,2026-02-14,91.86756865564944,5,100.0,-8.132431344350564,LOW,Within normal range
West Finchley,2026-02-08,79.23970906923716,6,100.0,-20.760290930762835,LOW,Within normal range
West Finchley,2026-02-09,79.23319102049796,0,100.0,-20.766808979502045,LOW,Within normal range
West Finchley,2026-02-10,80.67194585898446,1,100.0,-19.328054141015542,LOW,Within normal range
West Finchley,2026-02-11,86.61124266246551,2,100.0,-13.388757337534486,LOW,Within normal range
West Finchley,2026-02-12,90.96584045735408,3,100.0,-9.034159542645924,LOW,Within normal range
West Finchley,2026-02-13,92.9647521829642,4,100.0,-7.0352478170357955,LOW,Within normal range
West Finchley,2026-02-14,91.86186209512965,5,100.0,-8.138137904870348,LOW,Within normal range
West Ham,2026-02-08,80.4470500051993,6,100.0,-19.5529499948007,LOW,Within normal range
West Ham,2026-02-09,80.3980378757944,0,100.0,-19.6019621242056,LOW,Within normal range
West Ham,2026-02-10,82.0023133534461,1,100.0,-17.997686646553902,LOW,Within normal range
West Ham,2026-02-11,87.11967318883052,2,100.0,-12.880326811169482,LOW,Within normal range
West Ham,2026-02-12,91.38782554214472,3,100.0,-8.612174457855275,LOW,Within normal range
West Ham,2026-02-13,92.77936153752574,4,100.0,-7.2206384624742554,LOW,Within normal range
West Ham,2026-02-14,91.98652605287015,5,100.0,-8.013473947129853,LOW,Within normal range
West Hampstead,2026-02-08,56.09083052506395,6,98.0140386440697,-41.92320811900575,LOW,Within normal range
West Hampstead,2026-02-09,73.43649720573003,0,100.0,-26.563502794269965,LOW,Within normal range
West Hampstead,2026-02-10,78.7100029137698,1,100.0,-21.2899970862302,LOW,Within normal range
West Hampstead,2026-02-11,79.74560302018132,2,100.0,-20.25439697981868,LOW,Within normal range
West Hampstead,2026-02-12,80.1803044440455,3,100.0,-19.819695555954496,LOW,Within normal range
West Hampstead,2026-02-13,82.77642626373347,4,100.0,-17.22357373626653,LOW,Within normal range
West Hampstead,2026-02-14,85.61967424887033,5,97.45315124404536,-11.833476995175033,LOW,Within normal range
West Hampstead LO,2026-02-08,0.06634753411534698,6,100.0,-99.93365246588465,LOW,Within normal range
West Hampstead LO,2026-02-09,53.812959547850426,0,100.0,-46.187040452149574,LOW,Within normal range
West Hampstead LO,2026-02-10,69.04461091087636,1,100.0,-30.955389089123642,LOW,Within normal range
West Hampstead LO,2026-02-11,76.13056364678172,2,100.0,-23.869436353218276,LOW,Within normal range
West Hampstead LO,2026-02-12,78.77068709858345,3,100.0,-21.22931290141655,LOW,Within normal range
West Hampstead LO,2026-02-13,79.27944415734356,4,100.0,-20.720555842656438,LOW,Within normal range
West Hampstead LO,2026-02-14,76.31815058630522,5,100.0,-23.681849413694778,LOW,Within normal range
West Harrow,2026-02-08,95.50612948159241,6,100.0,-4.49387051840759,LOW,Within normal range
West Harrow,2026-02-09,97.15268813709575,0,100.0,-2.847311862904249,LOW,Within normal range
West Harrow,2026-02-10,97.20128950695235,1,100.0,-2.7987104930476505,LOW,Within normal range
West Harrow,2026-02-11,97.47237549226902,2,100.0,-2.5276245077309767,LOW,Within normal range
West Harrow,2026-02-12,96.56687940970231,3,100.0,-3.4331205902976905,LOW,Within normal range
West Harrow,2026-02-13,94.49091276700236,4,100.0,-5.5090872329976435,LOW,Within normal range
West Harrow,2026-02-14,92.69973041647096,5,100.0,-7.300269583529044,LOW,Within normal range
West India Quay,2026-02-08,75.26958713357507,6,100.0,-24.730412866424928,LOW,Within normal range
West India Quay,2026-02-09,82.1251086686646,0,100.0,-17.874891331335405,LOW,Within normal range
West India Quay,2026-02-10,87.59047803899874,1,100.0,-12.40952196100126,LOW,Within normal range
West India Quay,2026-02-11,91.48983233211479,2,100.0,-8.510167667885213,LOW,Within normal range
West India Quay,2026-02-12,93.95636691026486,3,100.0,-6.043633089735138,LOW,Within normal range
West India Quay,2026-02-13,92.94430874895016,4,100.0,-7.055691251049836,LOW,Within normal range
West India Quay,2026-02-14,91.58644095036787,5,100.0,-8.413559049632127,LOW,Within normal range
West Kensington,2026-02-08,68.4670640987134,6,100.0,-31.532935901286606,LOW,Within normal range
West Kensington,2026-02-09,77.05813504278622,0,100.0,-22.94186495721378,LOW,Within normal range
West Kensington,2026-02-10,79.37455373584746,1,100.0,-20.625446264152544,LOW,Within normal range
West Kensington,2026-02-11,80.52381498876268,2,100.0,-19.47618501123732,LOW,Within normal range
West Kensington,2026-02-12,83.13010517931207,3,100.0,-16.869894820687932,LOW,Within normal range
West Kensington,2026-02-13,87.46618945761549,4,100.0,-12.533810542384515,LOW,Within normal range
West Kensington,2026-02-14,90.64826987386876,5,100.0,-9.351730126131244,LOW,Within normal range
West Ruislip,2026-02-08,79.12695397882133,6,91.24384358576008,-12.116889606938742,LOW,Within normal range
West Ruislip,2026-02-09,79.58644470961124,0,100.0,-20.413555290388757,LOW,Within normal range
West Ruislip,2026-02-10,77.83042354926853,1,100.0,-22.16957645073147,LOW,Within normal range
West Ruislip,2026-02-11,80.06517415320923,2,100.0,-19.934825846790773,LOW,Within normal range
West Ruislip,2026-02-12,83.80258614986434,3,99.36423566146112,-15.561649511596784,LOW,Within normal range
West Ruislip,2026-02-13,87.24919186330212,4,99.5147397792066,-12.265547915904477,LOW,Within normal range
West Ruislip,2026-02-14,90.96293374304662,5,88.23121969649267,2.7317140465539467,LOW,Within normal range
Westbourne Park,2026-02-08,74.51896627269016,6,100.0,-25.481033727309836,LOW,Within normal range
Westbourne Park,2026-02-09,81.03643852222842,0,100.0,-18.963561477771577,LOW,Within normal range
Westbourne Park,2026-02-10,87.2480222498119,1,100.0,-12.751977750188104,LOW,Within normal range
Westbourne Park,2026-02-11,91.52082073503256,2,100.0,-8.479179264967442,LOW,Within normal range
Westbourne Park,2026-02-12,94.00873298952543,3,100.0,-5.991267010474573,LOW,Within normal range
Westbourne Park,2026-02-13,92.74054083738527,4,100.0,-7.259459162614732,LOW,Within normal range
Westbourne Park,2026-02-14,91.64697024601381,5,100.0,-8.353029753986192,LOW,Within normal range
Westferry,2026-02-08,81.63939663066043,6,100.0,-18.36060336933957,LOW,Within normal range
Westferry,2026-02-09,88.1419973666343,0,100.0,-11.8580026333657,LOW,Within normal range
Westferry,2026-02-10,92.39228997724753,1,100.0,-7.607710022752471,LOW,Within normal range
Westferry,2026-02-11,92.73608274836343,2,100.0,-7.26391725163657,LOW,Within normal range
Westferry,2026-02-12,93.32773416221985,3,100.0,-6.672265837780145,LOW,Within normal range
Westferry,2026-02-13,91.93060914511982,4,100.0,-8.069390854880183,LOW,Within normal range
Westferry,2026-02-14,91.92984727977769,5,100.0,-8.07015272022231,LOW,Within normal range
Westminster,2026-02-08,104.89490570348353,6,100.0,4.894905703483531,MED,Slightly above normal
Westminster,2026-02-09,106.34531614535548,0,100.0,6.345316145355483,MED,Slightly above normal
Westminster,2026-02-10,103.34009609118125,1,100.0,3.340096091181252,MED,Slightly above normal
Westminster,2026-02-11,101.32768437443032,2,99.7591660605809,1.5685183138494239,LOW,Within normal range
Westminster,2026-02-12,99.61739177753726,3,100.0,-0.3826082224627356,LOW,Within normal range
Westminster,2026-02-13,98.7809545290438,4,100.0,-1.2190454709562033,LOW,Within normal range
Westminster,2026-02-14,96.4275387800471,5,99.16794539157539,-2.740406611528286,LOW,Within normal range
White City,2026-02-08,77.46113778860166,6,98.66250858625789,-21.201370797656224,LOW,Within normal range
White City,2026-02-09,84.45848181692965,0,100.0,-15.541518183070352,LOW,Within normal range
White City,2026-02-10,87.48931731005285,1,100.0,-12.510682689947146,LOW,Within normal range
White City,2026-02-11,91.8296633072429,2,100.0,-8.170336692757104,LOW,Within normal range
White City,2026-02-12,94.53632745350713,3,100.0,-5.463672546492873,LOW,Within normal range
White City,2026-02-13,94.34524730633366,4,100.0,-5.654752693666339,LOW,Within normal range
White City,2026-02-14,93.33234769210407,5,99.7156977999568,-6.383350107852735,LOW,Within normal range
White Hart Lane,2026-02-08,46.554881387452184,6,46.595421849243216,-0.0405404617910321,LOW,Within normal range
White Hart Lane,2026-02-09,57.06548140981551,0,100.0,-42.93451859018449,LOW,Within normal range
White Hart Lane,2026-02-10,107.15988174744668,1,93.47284909962309,13.687032647823585,HIGH,Above normal + momentum/weather
White Hart Lane,2026-02-11,104.51271384883263,2,91.41754981400524,13.095164034827391,HIGH,Above normal + momentum/weather
White Hart Lane,2026-02-12,104.01907357325317,3,84.79543223085471,19.22364134239845,HIGH,Above normal + momentum/weather
White Hart Lane,2026-02-13,102.07770282772677,4,90.039546460177,12.038156367549774,HIGH,Above normal + momentum/weather
White Hart Lane,2026-02-14,98.60318368122084,5,54.89953328420535,43.703650397015494,HIGH,Above normal + momentum/weather
Whitechapel,2026-02-08,82.71487877178656,6,100.0,-17.28512122821344,LOW,Within normal range
Whitechapel,2026-02-09,90.57405816663623,0,100.0,-9.425941833363765,LOW,Within normal range
Whitechapel,2026-02-10,93.00308071496991,1,100.0,-6.9969192850300885,LOW,Within normal range
Whitechapel,2026-02-11,92.95159862248934,2,100.0,-7.0484013775106575,LOW,Within normal range
Whitechapel,2026-02-12,93.8482097959947,3,100.0,-6.1517902040052945,LOW,Within normal range
Whitechapel,2026-02-13,92.13106066096545,4,100.0,-7.868939339034554,LOW,Within normal range
Whitechapel,2026-02-14,91.19411271367959,5,100.0,-8.805887286320413,LOW,Within normal range
Willesden Green,2026-02-08,79.73186579698637,6,100.0,-20.26813420301363,LOW,Within normal range
Willesden Green,2026-02-09,85.90997433324377,0,100.0,-14.090025666756233,LOW,Within normal range
Willesden Green,2026-02-10,91.49194332325511,1,100.0,-8.508056676744886,LOW,Within normal range
Willesden Green,2026-02-11,92.95340654418371,2,100.0,-7.046593455816293,LOW,Within normal range
Willesden Green,2026-02-12,93.73076942920507,3,100.0,-6.269230570794932,LOW,Within normal range
Willesden Green,2026-02-13,91.93719837619494,4,100.0,-8.062801623805058,LOW,Within normal range
Willesden Green,2026-02-14,92.53877444614125,5,100.0,-7.461225553858753,LOW,Within normal range
Willesden Junction,2026-02-08,84.80941563808003,6,100.0,-15.190584361919974,LOW,Within normal range
Willesden Junction,2026-02-09,91.36154681957582,0,100.0,-8.638453180424179,LOW,Within normal range
Willesden Junction,2026-02-10,93.00398980246734,1,100.0,-6.996010197532655,LOW,Within normal range
Willesden Junction,2026-02-11,92.95159862248934,2,100.0,-7.0484013775106575,LOW,Within normal range
Willesden Junction,2026-02-12,93.84820979599468,3,100.0,-6.151790204005323,LOW,Within normal range
Willesden Junction,2026-02-13,92.13106066096543,4,100.0,-7.8689393390345685,LOW,Within normal range
Willesden Junction,2026-02-14,91.19411271367959,5,100.0,-8.805887286320413,LOW,Within normal range
Wimbledon,2026-02-08,80.17187116479458,6,99.37891765643184,-19.207046491637257,LOW,Within normal range
Wimbledon,2026-02-09,86.4774891766988,0,100.0,-13.522510823301204,LOW,Within normal range
Wimbledon,2026-02-10,91.09511015450187,1,100.0,-8.904889845498133,LOW,Within normal range
Wimbledon,2026-02-11,91.58942401532906,2,100.0,-8.410575984670942,LOW,Within normal range
Wimbledon,2026-02-12,93.90216365499491,3,100.0,-6.097836345005092,LOW,Within normal range
Wimbledon,2026-02-13,92.86790759234232,4,100.0,-7.13209240765768,LOW,Within normal range
Wimbledon,2026-02-14,91.75468745763142,5,99.7637346739914,-8.009047216359974,LOW,Within normal range
Wimbledon Park,2026-02-08,74.14532875097898,6,100.0,-25.854671249021024,LOW,Within normal range
Wimbledon Park,2026-02-09,86.15457543756526,0,100.0,-13.845424562434744,LOW,Within normal range
Wimbledon Park,2026-02-10,91.23602491075111,1,99.71296188824024,-8.476936977489132,LOW,Within normal range
Wimbledon Park,2026-02-11,92.40661728555501,2,100.0,-7.593382714444985,LOW,Within normal range
Wimbledon Park,2026-02-12,93.23072836336637,3,100.0,-6.769271636633633,LOW,Within normal range
Wimbledon Park,2026-02-13,92.15664256689055,4,100.0,-7.843357433109446,LOW,Within normal range
Wimbledon Park,2026-02-14,91.95953035912734,5,100.0,-8.040469640872658,LOW,Within normal range
Wood Green,2026-02-08,81.31155847188275,6,100.0,-18.688441528117252,LOW,Within normal range
Wood Green,2026-02-09,89.36257420636855,0,100.0,-10.63742579363145,LOW,Within normal range
Wood Green,2026-02-10,93.24888599687587,1,100.0,-6.75111400312413,LOW,Within normal range
Wood Green,2026-02-11,93.11315337059953,2,100.0,-6.886846629400466,LOW,Within normal range
Wood Green,2026-02-12,93.71437945075124,3,100.0,-6.285620549248762,LOW,Within normal range
Wood Green,2026-02-13,91.93719837619494,4,100.0,-8.062801623805058,LOW,Within normal range
Wood Green,2026-02-14,92.53877444614125,5,100.0,-7.461225553858753,LOW,Within normal range
Wood Lane,2026-02-08,81.53101062238619,6,98.00564596479576,-16.47463534240957,LOW,Within normal range
Wood Lane,2026-02-09,88.8147165982711,0,100.0,-11.185283401728896,LOW,Within normal range
Wood Lane,2026-02-10,93.23414563552524,1,99.95664600460351,-6.722500369078276,LOW,Within normal range
Wood Lane,2026-02-11,93.05351128752132,2,99.7100779557239,-6.656566668202586,LOW,Within normal range
Wood Lane,2026-02-12,93.75386738834548,3,99.86213559496322,-6.108268206617737,LOW,Within normal range
Wood Lane,2026-02-13,91.95964182193967,4,98.19552842749745,-6.235886605557781,LOW,Within normal range
Wood Lane,2026-02-14,92.64815163972479,5,96.7250755287009,-4.076923888976111,LOW,Within normal range
Wood Street,2026-02-08,55.67342145547858,6,100.0,-44.32657854452142,LOW,Within normal range
Wood Street,2026-02-09,88.41621039183667,0,100.0,-11.583789608163329,LOW,Within normal range
Wood Street,2026-02-10,93.04514566449652,1,100.0,-6.954854335503484,LOW,Within normal range
Wood Street,2026-02-11,93.0114294960475,2,100.0,-6.988570503952502,LOW,Within normal range
Wood Street,2026-02-12,93.71169450299027,3,100.0,-6.2883054970097305,LOW,Within normal range
Wood Street,2026-02-13,91.93719837619496,4,100.0,-8.062801623805044,LOW,Within normal range
Wood Street,2026-02-14,92.64815163972479,5,100.0,-7.351848360275213,LOW,Within normal range
Woodford,2026-02-08,98.54005909961543,6,100.0,-1.4599409003845665,LOW,Within normal range
Woodford,2026-02-09,97.67880049536187,0,100.0,-2.3211995046381304,LOW,Within normal range
Woodford,2026-02-10,97.44897729116298,1,100.0,-2.5510227088370243,LOW,Within normal range
Woodford,2026-02-11,97.54107211572642,2,100.0,-2.458927884273578,LOW,Within normal range
Woodford,2026-02-12,96.42394726422124,3,100.0,-3.5760527357787595,LOW,Within normal range
Woodford,2026-02-13,94.32236772275668,4,100.0,-5.677632277243319,LOW,Within normal range
Woodford,2026-02-14,92.34829268579888,5,99.95323683524396,-7.604944149445075,LOW,Within normal range
Woodgrange Park,2026-02-08,77.27039865956881,6,100.0,-22.729601340431188,LOW,Within normal range
Woodgrange Park,2026-02-09,83.7528510743819,0,100.0,-16.247148925618106,LOW,Within normal range
Woodgrange Park,2026-02-10,89.01246653852007,1,100.0,-10.987533461479927,LOW,Within normal range
Woodgrange Park,2026-02-11,93.34243381855532,2,100.0,-6.657566181444679,LOW,Within normal range
Woodgrange Park,2026-02-12,93.65269404103849,3,100.0,-6.347305958961513,LOW,Within normal range
Woodgrange Park,2026-02-13,91.85219540356938,4,100.0,-8.147804596430618,LOW,Within normal range
Woodgrange Park,2026-02-14,92.5578416549219,5,99.94718256722905,-7.389340912307148,LOW,Within normal range
Woodside Park,2026-02-08,80.57695205814696,6,100.0,-19.423047941853042,LOW,Within normal range
Woodside Park,2026-02-09,87.14235883537788,0,100.0,-12.857641164622123,LOW,Within normal range
Woodside Park,2026-02-10,92.35110412422115,1,100.0,-7.648895875778848,LOW,Within normal range
Woodside Park,2026-02-11,93.20975873384985,2,100.0,-6.790241266150147,LOW,Within normal range
Woodside Park,2026-02-12,93.85860946422314,3,100.0,-6.141390535776864,LOW,Within normal range
Woodside Park,2026-02-13,92.61139847671265,4,100.0,-7.388601523287349,LOW,Within normal range
Woodside Park,2026-02-14,91.42580246896476,5,100.0,-8.574197531035239,LOW,Within normal range
Woolwich Arsenal DLR,2026-02-08,77.72986426530521,6,92.17084903232619,-14.440984767020979,LOW,Within normal range
Woolwich Arsenal DLR,2026-02-09,85.60126906532474,0,99.79722640932185,-14.195957343997108,LOW,Within normal range
Woolwich Arsenal DLR,2026-02-10,90.93537914547089,1,94.66419105773444,-3.728811912263552,LOW,Within normal range
Woolwich Arsenal DLR,2026-02-11,92.46808284161061,2,96.92715312461932,-4.459070283008714,LOW,Within normal range
Woolwich Arsenal DLR,2026-02-12,93.09722091022793,3,99.61343109762223,-6.516210187394293,LOW,Within normal range
Woolwich Arsenal DLR,2026-02-13,92.50851256934062,4,98.76827287493234,-6.259760305591712,LOW,Within normal range
Woolwich Arsenal DLR,2026-02-14,91.93836207429086,5,98.80957825963051,-6.871216185339648,LOW,Within normal range
Woolwich Arsenal NR,2026-02-08,77.64853435106765,6,94.17584745762711,-16.52731310655946,LOW,Within normal range
Woolwich Arsenal NR,2026-02-09,84.95153871963694,0,100.0,-15.048461280363057,LOW,Within normal range
Woolwich Arsenal NR,2026-02-10,89.40485286806343,1,98.55855952874536,-9.153706660681934,LOW,Within normal range
Woolwich Arsenal NR,2026-02-11,93.45988221852211,2,98.33836206896552,-4.878479850443412,LOW,Within normal range
Woolwich Arsenal NR,2026-02-12,93.94669043564167,3,98.89349035848326,-4.946799922841592,LOW,Within normal range
Woolwich Arsenal NR,2026-02-13,97.59683462167284,4,98.82859140536762,-1.2317567836947774,LOW,Within normal range
Woolwich Arsenal NR,2026-02-14,97.62698875665468,5,91.7723019268323,5.854686829822384,MED,Slightly above normal
Woolwich EL,2026-02-08,98.25829678074396,6,99.31094498972836,-1.0526482089843938,LOW,Within normal range
Woolwich EL,2026-02-09,96.46998733709614,0,100.0,-3.5300126629038573,LOW,Within normal range
Woolwich EL,2026-02-10,88.77816722567206,1,100.0,-11.221832774327936,LOW,Within normal range
Woolwich EL,2026-02-11,99.36621228544237,2,100.0,-0.6337877145576272,LOW,Within normal range
Woolwich EL,2026-02-12,93.98011949912676,3,100.0,-6.019880500873242,LOW,Within normal range
Woolwich EL,2026-02-13,93.14438058314803,4,100.0,-6.855619416851965,LOW,Within normal range
Woolwich EL,2026-02-14,88.66007867330713,5,98.20787572332803,-9.547797050020904,LOW,Within normal range
Woolwich Elizabeth Line,2026-02-08,79.199251034433,6,100.0,-20.800748965566996,LOW,Within normal range
Woolwich Elizabeth Line,2026-02-09,84.89965135872983,0,100.0,-15.100348641270173,LOW,Within normal range
Woolwich Elizabeth Line,2026-02-10,89.77558959548371,1,100.0,-10.224410404516291,LOW,Within normal range
Woolwich Elizabeth Line,2026-02-11,93.47597286742457,2,100.0,-6.524027132575426,LOW,Within normal range
Woolwich Elizabeth Line,2026-02-12,93.94669043564164,3,99.55688690950723,-5.610196473865585,LOW,Within normal range
Woolwich Elizabeth Line,2026-02-13,96.46603118397871,4,100.0,-3.533968816021286,LOW,Within normal range
Woolwich Elizabeth Line,2026-02-14,105.64900808380278,5,99.51646325354363,6.13254483025915,MED,Slightly above normal
