time,temperature_2m_max (°C),temperature_2m_min (°C),temperature_2m_mean (°C),apparent_temperature_mean (°C),apparent_temperature_max (°C),apparent_temperature_min (°C),wind_speed_10m_max (km/h),wind_gusts_10m_max (km/h),wind_direction_10m_dominant (°),rain_sum (mm),sunshine_duration (s),daylight_duration (s),sunrise (iso8601),sunset (iso8601),precipitation_hours (h),snowfall_sum (cm),precipitation_sum (mm)
2022-01-01,14.6,11.6,12.9,10.4,12.4,8.8,21.9,41.0,202,0.30,10158.21,28561.45,2022-01-01T08:07,2022-01-01T16:03,2.0,0.00,0.30
2022-01-02,12.4,8.9,10.8,7.4,10.4,4.4,26.4,52.6,229,2.60,14669.83,28631.35,2022-01-02T08:07,2022-01-02T16:04,6.0,0.00,2.60
2022-01-03,10.2,6.9,8.7,5.3,7.2,4.1,23.1,44.6,232,0.00,3948.89,28707.21,2022-01-03T08:07,2022-01-03T16:05,0.0,0.00,0.00
2022-01-04,8.0,1.5,4.6,1.2,5.8,-3.7,20.7,40.7,300,1.90,676.45,28789.85,2022-01-04T08:06,2022-01-04T16:06,7.0,0.00,1.90
2022-01-05,5.7,-0.6,2.5,-1.9,1.3,-3.9,20.8,38.2,289,0.00,23525.79,28879.19,2022-01-05T08:06,2022-01-05T16:07,0.0,0.00,0.00
2022-01-06,7.2,-3.5,2.0,-2.0,3.5,-7.3,25.5,51.8,211,1.60,7828.88,28974.99,2022-01-06T08:06,2022-01-06T16:09,7.0,0.00,1.60
2022-01-07,6.1,1.7,3.8,-0.7,2.0,-2.6,21.9,41.0,252,0.20,14469.27,29077.00,2022-01-07T08:05,2022-01-07T16:10,2.0,0.00,0.20
2022-01-08,9.9,1.8,6.1,2.1,6.4,-1.6,27.2,51.5,242,8.00,0.00,29184.96,2022-01-08T08:05,2022-01-08T16:11,12.0,0.00,8.00
2022-01-09,7.6,0.4,3.5,-0.1,4.4,-3.1,21.3,39.6,260,0.00,23940.63,29298.63,2022-01-09T08:04,2022-01-09T16:13,0.0,0.00,0.00
2022-01-10,8.1,2.4,5.6,3.3,5.9,-0.4,12.7,22.3,171,1.00,0.00,29417.77,2022-01-10T08:04,2022-01-10T16:14,8.0,0.00,1.00
2022-01-11,9.5,7.4,8.6,6.8,8.9,5.3,14.4,25.6,199,2.30,0.00,29542.11,2022-01-11T08:03,2022-01-11T16:15,11.0,0.00,2.30
2022-01-12,7.2,1.6,3.6,1.3,5.2,-1.2,8.4,17.3,315,0.00,23323.13,29671.42,2022-01-12T08:02,2022-01-12T16:17,0.0,0.00,0.00
2022-01-13,4.8,-0.4,1.5,-1.3,2.6,-3.9,9.4,12.6,245,0.00,24223.33,29805.46,2022-01-13T08:02,2022-01-13T16:18,0.0,0.00,0.00
2022-01-14,4.5,-1.2,0.9,-2.0,2.4,-4.6,8.8,13.7,22,0.00,24921.34,29943.97,2022-01-14T08:01,2022-01-14T16:20,0.0,0.00,0.00
2022-01-15,5.2,-1.5,1.2,-1.8,2.4,-4.6,10.0,16.9,203,0.00,21218.31,30086.74,2022-01-15T08:00,2022-01-15T16:22,0.0,0.00,0.00
2022-01-16,8.1,0.3,3.9,1.1,6.3,-3.2,12.3,21.2,273,0.10,24780.51,30233.51,2022-01-16T07:59,2022-01-16T16:23,1.0,0.00,0.10
2022-01-17,7.4,0.9,3.3,0.7,6.0,-2.2,10.2,21.2,280,0.00,25545.82,30384.07,2022-01-17T07:58,2022-01-17T16:25,0.0,0.00,0.00
2022-01-18,6.3,-1.4,2.4,0.0,4.8,-4.3,7.4,16.2,162,0.00,11.93,30538.19,2022-01-18T07:57,2022-01-18T16:26,0.0,0.00,0.00
2022-01-19,9.0,3.0,5.3,2.0,6.6,-0.7,18.3,33.8,278,0.10,10843.60,30695.63,2022-01-19T07:56,2022-01-19T16:28,1.0,0.00,0.10
2022-01-20,5.1,-0.4,2.1,-1.9,0.8,-4.5,14.1,28.1,335,0.00,26090.87,30856.19,2022-01-20T07:55,2022-01-20T16:30,0.0,0.00,0.00
2022-01-21,4.7,-2.6,0.7,-3.0,1.0,-6.4,11.4,21.6,290,0.00,26278.64,31019.66,2022-01-21T07:54,2022-01-21T16:31,0.0,0.00,0.00
2022-01-22,6.4,-1.1,2.7,-0.3,3.2,-4.6,12.5,25.2,290,0.00,24375.33,31185.82,2022-01-22T07:53,2022-01-22T16:33,0.0,0.00,0.00
2022-01-23,6.0,3.4,4.5,2.1,3.6,1.3,6.6,14.4,193,0.00,1850.34,31354.80,2022-01-23T07:52,2022-01-23T16:35,0.0,0.00,0.00
2022-01-24,4.8,0.9,3.6,1.0,2.4,-1.9,7.5,15.5,80,0.00,3034.75,31528.41,2022-01-24T07:51,2022-01-24T16:36,0.0,0.00,0.00
2022-01-25,3.2,0.9,2.1,-0.7,0.4,-1.7,7.5,16.6,296,0.00,0.00,31706.65,2022-01-25T07:49,2022-01-25T16:38,0.0,0.00,0.00
2022-01-26,8.0,1.1,3.9,0.5,4.2,-2.0,16.2,32.8,254,0.00,25825.91,31889.21,2022-01-26T07:48,2022-01-26T16:40,0.0,0.00,0.00
2022-01-27,12.0,3.2,7.1,3.9,9.7,0.4,19.5,36.4,267,0.10,10835.75,32075.80,2022-01-27T07:47,2022-01-27T16:41,1.0,0.00,0.10
2022-01-28,9.5,-0.1,4.9,1.8,6.3,-3.7,19.2,34.9,248,0.00,21761.54,32266.12,2022-01-28T07:45,2022-01-28T16:43,0.0,0.00,0.00
2022-01-29,12.7,4.0,9.6,5.8,7.9,0.9,33.7,64.1,268,0.00,14178.95,32459.88,2022-01-29T07:44,2022-01-29T16:45,0.0,0.00,0.00
2022-01-30,7.9,-0.5,4.5,1.0,3.8,-4.0,25.5,47.5,253,0.90,27543.15,32656.79,2022-01-30T07:43,2022-01-30T16:47,2.0,0.00,0.90
2022-01-31,8.5,3.5,6.0,0.6,3.5,-1.4,32.7,60.8,304,0.10,27914.63,32856.58,2022-01-31T07:41,2022-01-31T16:49,1.0,0.00,0.10
2022-02-01,12.9,4.9,9.7,5.8,8.5,1.2,27.6,58.7,276,0.30,18125.53,33058.98,2022-02-01T07:39,2022-02-01T16:50,2.0,0.00,0.30
2022-02-02,11.1,6.0,9.1,6.2,9.2,3.0,20.6,42.1,265,0.10,22817.73,33263.73,2022-02-02T07:38,2022-02-02T16:52,1.0,0.00,0.10
2022-02-03,10.5,7.0,8.3,5.2,7.8,3.4,18.1,38.2,240,0.10,10037.09,33470.57,2022-02-03T07:36,2022-02-03T16:54,1.0,0.00,0.10
2022-02-04,9.1,2.7,6.2,1.7,4.5,-1.2,29.9,56.2,259,3.50,19191.65,33679.26,2022-02-04T07:35,2022-02-04T16:56,3.0,0.00,3.50
2022-02-05,9.9,1.9,6.5,1.5,4.8,-2.1,32.6,64.8,245,0.10,18462.06,33889.55,2022-02-05T07:33,2022-02-05T16:58,1.0,0.00,0.10
2022-02-06,10.6,5.8,8.9,3.3,5.0,-0.3,36.0,67.3,267,3.80,22928.12,34101.21,2022-02-06T07:31,2022-02-06T17:00,10.0,0.00,3.80
2022-02-07,10.8,2.0,6.8,3.1,7.6,-1.5,24.4,47.5,257,0.00,17611.38,34314.02,2022-02-07T07:30,2022-02-07T17:01,0.0,0.00,0.00
2022-02-08,12.2,9.1,10.3,6.8,8.9,5.3,24.6,46.1,239,0.10,10393.89,34527.74,2022-02-08T07:28,2022-02-08T17:03,1.0,0.00,0.10
2022-02-09,12.0,7.4,9.4,6.8,9.5,4.3,18.2,37.8,237,2.70,14400.00,34742.17,2022-02-09T07:26,2022-02-09T17:05,5.0,0.00,2.70
2022-02-10,8.4,3.0,6.0,2.5,6.8,-1.5,16.9,32.4,280,0.00,17791.12,34957.09,2022-02-10T07:24,2022-02-10T17:07,0.0,0.00,0.00
2022-02-11,7.9,-0.9,3.6,0.4,5.1,-4.6,15.9,28.8,234,0.00,24686.14,35172.29,2022-02-11T07:23,2022-02-11T17:09,0.0,0.00,0.00
2022-02-12,7.8,2.0,5.4,0.8,2.9,-1.4,26.9,53.3,199,0.00,30706.88,35387.96,2022-02-12T07:21,2022-02-12T17:11,0.0,0.00,0.00
2022-02-13,9.6,6.8,8.1,3.4,6.1,2.3,32.3,61.2,191,11.20,0.00,35606.04,2022-02-13T07:19,2022-02-13T17:12,12.0,0.00,11.20
2022-02-14,9.4,4.4,7.2,2.9,5.9,0.5,26.1,50.4,260,2.10,28800.00,35826.70,2022-02-14T07:17,2022-02-14T17:14,5.0,0.00,2.10
2022-02-15,9.6,2.5,6.7,3.0,6.6,-1.2,29.2,54.7,231,6.00,0.00,36049.68,2022-02-15T07:15,2022-02-15T17:16,11.0,0.00,6.00
2022-02-16,15.2,9.0,12.6,8.0,10.6,4.6,41.4,87.8,247,3.80,18000.00,36274.76,2022-02-16T07:13,2022-02-16T17:18,7.0,0.00,3.80
2022-02-17,10.9,6.7,8.6,3.8,5.2,2.1,32.0,64.4,256,0.40,24780.88,36501.72,2022-02-17T07:11,2022-02-17T17:20,2.0,0.00,0.40
2022-02-18,11.4,4.0,8.0,1.2,6.1,-2.4,61.2,119.2,235,2.40,20873.46,36730.35,2022-02-18T07:09,2022-02-18T17:21,9.0,0.00,2.40
2022-02-19,9.2,3.2,5.7,0.3,3.5,-3.1,37.4,72.4,245,3.80,12394.62,36960.43,2022-02-19T07:07,2022-02-19T17:23,4.0,0.00,3.80
2022-02-20,12.2,4.6,9.7,4.5,7.3,-1.5,39.5,91.1,241,3.50,0.00,37191.76,2022-02-20T07:05,2022-02-20T17:25,13.0,0.00,3.50
2022-02-21,10.7,4.1,7.3,1.2,4.5,-2.9,41.6,81.0,277,0.40,26940.19,37424.14,2022-02-21T07:03,2022-02-21T17:27,1.0,0.00,0.40
2022-02-22,13.2,4.7,8.6,4.7,8.8,1.3,30.6,60.1,252,0.20,14357.86,37657.38,2022-02-22T07:01,2022-02-22T17:29,2.0,0.00,0.20
2022-02-23,10.4,3.0,6.9,2.8,5.3,-0.4,29.1,54.4,225,0.10,19581.91,37891.27,2022-02-23T06:59,2022-02-23T17:30,1.0,0.00,0.10
2022-02-24,8.6,3.5,6.2,0.8,3.8,-2.2,32.5,66.6,248,3.70,22558.98,38125.65,2022-02-24T06:57,2022-02-24T17:32,7.0,0.00,3.70
2022-02-25,10.1,1.0,5.9,1.5,6.0,-2.1,23.9,49.3,277,0.10,34248.50,38360.31,2022-02-25T06:55,2022-02-25T17:34,1.0,0.00,0.10
2022-02-26,9.8,-0.2,4.7,0.9,5.1,-4.0,22.7,44.3,158,0.00,34390.64,38595.09,2022-02-26T06:53,2022-02-26T17:36,0.0,0.00,0.00
2022-02-27,9.6,2.1,5.4,1.2,5.3,-2.3,19.2,38.2,138,0.00,34557.18,38829.81,2022-02-27T06:51,2022-02-27T17:38,0.0,0.00,0.00
2022-02-28,11.8,5.4,8.8,5.5,7.6,1.8,23.3,43.9,186,5.20,13306.89,39064.29,2022-02-28T06:48,2022-02-28T17:39,8.0,0.00,5.20
2022-03-01,9.2,6.6,7.8,5.0,8.1,3.4,19.1,37.1,48,11.00,0.00,39298.36,2022-03-01T06:46,2022-03-01T17:41,22.0,0.00,11.00
2022-03-02,7.5,5.2,6.4,3.3,4.5,2.2,14.9,29.9,96,7.30,0.00,39531.86,2022-03-02T06:44,2022-03-02T17:43,17.0,0.00,7.30
2022-03-03,12.1,6.1,8.7,6.4,9.1,3.7,15.8,31.7,136,0.20,4352.46,39764.62,2022-03-03T06:42,2022-03-03T17:45,2.0,0.00,0.20
2022-03-04,8.1,3.5,6.6,4.2,6.6,0.9,13.2,26.6,324,1.50,0.00,39996.79,2022-03-04T06:40,2022-03-04T17:46,8.0,0.00,1.50
2022-03-05,7.8,4.0,5.9,1.4,2.7,-0.6,27.5,52.2,2,1.10,0.00,40230.21,2022-03-05T06:38,2022-03-05T17:48,4.0,0.00,1.10
2022-03-06,7.2,2.5,4.5,-0.3,1.5,-1.6,25.8,49.3,50,0.00,18440.94,40465.04,2022-03-06T06:36,2022-03-06T17:50,0.0,0.00,0.00
2022-03-07,7.0,2.0,4.3,-0.5,1.8,-3.0,23.1,43.9,79,0.00,23805.59,40701.12,2022-03-07T06:33,2022-03-07T17:52,0.0,0.00,0.00
2022-03-08,10.9,0.6,5.8,1.7,6.6,-4.0,18.6,37.8,128,0.10,36361.30,40938.30,2022-03-08T06:31,2022-03-08T17:53,1.0,0.00,0.10
2022-03-09,11.5,6.5,9.2,5.5,6.9,3.8,24.9,49.7,171,0.30,25780.56,41176.40,2022-03-09T06:29,2022-03-09T17:55,2.0,0.00,0.30
2022-03-10,14.1,7.9,10.9,7.8,11.1,4.7,22.5,44.3,157,1.30,29436.10,41415.29,2022-03-10T06:27,2022-03-10T17:57,4.0,0.00,1.30
2022-03-11,12.1,8.3,9.8,6.1,7.7,4.8,25.6,48.6,155,5.10,6850.24,41654.81,2022-03-11T06:24,2022-03-11T17:59,9.0,0.00,5.10
2022-03-12,11.1,6.6,8.9,4.6,6.7,2.5,27.6,52.2,175,1.10,36827.73,41894.80,2022-03-12T06:22,2022-03-12T18:00,5.0,0.00,1.10
2022-03-13,11.6,3.9,8.5,5.0,7.8,1.0,22.4,43.9,168,2.70,12665.92,42135.12,2022-03-13T06:20,2022-03-13T18:02,9.0,0.00,2.70
2022-03-14,12.5,1.8,6.8,4.3,9.4,-1.1,12.0,29.2,217,0.40,37410.23,42375.63,2022-03-14T06:17,2022-03-14T18:04,1.0,0.00,0.40
2022-03-15,14.4,2.5,8.2,6.0,12.1,-0.1,11.0,22.3,125,0.00,29567.25,42616.16,2022-03-15T06:15,2022-03-15T18:05,0.0,0.00,0.00
2022-03-16,12.9,5.2,9.3,7.1,11.3,0.9,21.3,39.6,246,11.80,3262.65,42856.59,2022-03-16T06:13,2022-03-16T18:07,10.0,0.00,11.80
2022-03-17,12.9,2.0,7.2,3.9,9.6,-1.4,17.8,37.1,265,0.00,38657.71,43096.75,2022-03-17T06:11,2022-03-17T18:09,0.0,0.00,0.00
2022-03-18,14.8,3.0,8.4,5.7,11.8,0.2,17.0,31.7,74,0.00,38469.05,43336.50,2022-03-18T06:08,2022-03-18T18:11,0.0,0.00,0.00
2022-03-19,13.3,6.7,9.3,4.6,8.6,2.2,25.9,49.3,80,0.00,39286.84,43575.71,2022-03-19T06:06,2022-03-19T18:12,0.0,0.00,0.00
2022-03-20,10.4,3.1,6.8,3.3,7.8,-0.6,20.2,37.8,86,0.00,39766.52,43814.21,2022-03-20T06:04,2022-03-20T18:14,0.0,0.00,0.00
2022-03-21,15.6,-0.6,7.5,4.9,13.0,-3.6,10.5,23.4,96,0.00,39689.10,44051.87,2022-03-21T06:01,2022-03-21T18:16,0.0,0.00,0.00
2022-03-22,17.9,6.4,11.0,8.7,15.6,4.2,14.0,31.0,103,0.30,38768.35,44288.53,2022-03-22T05:59,2022-03-22T18:17,1.0,0.00,0.30
2022-03-23,18.0,4.2,10.4,8.3,15.6,1.3,11.7,23.8,99,0.00,40664.38,44524.05,2022-03-23T05:57,2022-03-23T18:19,0.0,0.00,0.00
2022-03-24,16.9,3.7,9.6,7.7,15.3,1.4,9.5,13.0,58,0.00,40898.91,44758.57,2022-03-24T05:55,2022-03-24T18:21,0.0,0.00,0.00
2022-03-25,16.2,2.3,8.9,6.2,13.5,-0.8,14.6,29.9,65,0.00,41133.48,44993.78,2022-03-25T05:52,2022-03-25T18:22,0.0,0.00,0.00
2022-03-26,16.6,3.7,9.8,6.8,13.3,0.4,17.1,34.6,63,0.00,41368.46,45229.84,2022-03-26T05:50,2022-03-26T18:24,0.0,0.00,0.00
2022-03-27,13.1,5.0,8.4,5.7,10.5,2.4,17.2,33.1,65,0.00,22151.24,45466.62,2022-03-27T05:48,2022-03-27T18:26,0.0,0.00,0.00
2022-03-28,15.7,1.7,8.9,6.9,14.6,-1.2,10.7,19.4,69,0.50,31056.76,45703.98,2022-03-28T05:46,2022-03-28T18:27,3.0,0.00,0.50
2022-03-29,12.2,7.4,9.5,6.9,9.4,4.7,15.8,32.4,64,0.70,20063.87,45941.79,2022-03-29T05:43,2022-03-29T18:29,4.0,0.00,0.70
2022-03-30,10.8,3.6,7.5,4.5,8.4,-1.5,22.2,42.8,20,1.50,15095.99,46179.91,2022-03-30T05:41,2022-03-30T18:31,8.0,0.00,1.50
2022-03-31,6.8,0.6,3.7,-2.2,0.3,-4.4,31.5,66.6,7,0.40,42476.88,46418.21,2022-03-31T05:39,2022-03-31T18:32,4.0,0.35,0.90
2022-04-01,7.6,1.0,3.9,-1.8,1.2,-4.9,31.0,62.6,4,0.50,42612.49,46656.54,2022-04-01T05:37,2022-04-01T18:34,4.0,0.14,0.70
2022-04-02,8.8,-0.2,3.5,0.0,5.6,-4.0,13.4,33.5,8,0.40,36337.65,46894.76,2022-04-02T05:34,2022-04-02T18:36,4.0,0.00,0.40
2022-04-03,8.9,-2.7,3.8,0.1,5.0,-6.5,15.1,27.0,312,0.10,31773.23,47132.73,2022-04-03T05:32,2022-04-03T18:38,1.0,0.00,0.10
2022-04-04,14.9,4.4,9.3,5.5,11.7,-0.3,26.0,49.3,260,5.60,4327.03,47370.32,2022-04-04T05:30,2022-04-04T18:39,12.0,0.56,6.40
2022-04-05,13.9,8.1,10.8,7.2,9.6,4.0,23.6,48.6,263,0.00,17302.10,47607.36,2022-04-05T05:27,2022-04-05T18:41,0.0,0.00,0.00
2022-04-06,13.1,8.2,10.5,5.8,8.3,3.3,30.1,63.0,233,3.70,15983.98,47843.71,2022-04-06T05:25,2022-04-06T18:43,9.0,0.00,3.70
2022-04-07,11.9,4.1,8.7,2.9,5.0,0.5,44.0,81.7,263,5.00,42256.54,48079.23,2022-04-07T05:23,2022-04-07T18:44,4.0,0.00,5.00
2022-04-08,10.7,2.2,6.3,3.3,8.3,-0.5,16.6,33.1,327,0.80,27524.85,48313.75,2022-04-08T05:21,2022-04-08T18:46,7.0,0.00,0.80
2022-04-09,10.5,1.5,5.9,2.5,6.2,-2.0,16.6,34.9,294,0.60,43230.71,48547.11,2022-04-09T05:18,2022-04-09T18:48,3.0,0.00,0.60
2022-04-10,12.5,1.7,7.1,4.1,9.6,-1.6,15.9,34.6,151,0.00,38743.02,48779.15,2022-04-10T05:16,2022-04-10T18:49,0.0,0.00,0.00
2022-04-11,15.7,4.7,10.6,6.9,11.5,1.1,22.9,44.6,110,0.00,35888.71,49009.72,2022-04-11T05:14,2022-04-11T18:51,0.0,0.00,0.00
2022-04-12,18.1,8.8,12.4,10.4,16.1,6.4,22.0,45.4,171,3.80,22511.57,49238.62,2022-04-12T05:12,2022-04-12T18:53,3.0,0.00,3.80
2022-04-13,17.4,8.6,12.5,10.6,15.3,6.9,19.5,39.6,226,0.20,41621.50,49466.00,2022-04-13T05:10,2022-04-13T18:54,2.0,0.00,0.20
2022-04-14,17.6,5.4,11.8,10.6,16.8,3.2,8.8,18.0,249,0.00,29242.52,49693.48,2022-04-14T05:08,2022-04-14T18:56,0.0,0.00,0.00
2022-04-15,20.6,6.1,13.5,12.7,20.9,4.0,9.1,15.8,208,0.00,43750.02,49921.21,2022-04-15T05:06,2022-04-15T18:58,0.0,0.00,0.00
2022-04-16,18.4,6.9,12.4,10.6,17.2,5.3,13.6,27.4,85,0.00,45141.48,50149.06,2022-04-16T05:03,2022-04-16T18:59,0.0,0.00,0.00
2022-04-17,17.9,5.8,11.6,9.2,14.9,3.7,15.0,32.4,146,0.00,43396.10,50376.88,2022-04-17T05:01,2022-04-17T19:01,0.0,0.00,0.00
2022-04-18,15.9,5.6,10.7,8.5,13.8,3.3,11.9,23.8,264,0.00,39032.78,50604.52,2022-04-18T04:59,2022-04-18T19:03,0.0,0.00,0.00
2022-04-19,15.8,6.0,11.0,8.3,13.1,3.7,17.3,35.6,16,0.20,40345.21,50831.81,2022-04-19T04:57,2022-04-19T19:04,2.0,0.00,0.20
2022-04-20,17.3,7.0,11.5,8.2,13.8,3.9,19.4,41.4,54,0.00,42558.70,51058.62,2022-04-20T04:55,2022-04-20T19:06,0.0,0.00,0.00
2022-04-21,17.8,6.8,12.0,8.6,15.0,3.9,21.9,43.2,64,0.00,47243.97,51284.79,2022-04-21T04:53,2022-04-21T19:08,0.0,0.00,0.00
2022-04-22,15.2,8.0,11.7,7.5,10.1,4.2,28.2,55.1,59,0.00,20420.22,51510.13,2022-04-22T04:51,2022-04-22T19:09,0.0,0.00,0.00
2022-04-23,16.3,8.8,12.6,8.6,12.2,5.5,29.0,58.0,51,1.10,31195.13,51734.48,2022-04-23T04:49,2022-04-23T19:11,2.0,0.00,1.10
2022-04-24,17.5,7.4,12.4,8.8,13.6,4.5,21.9,44.3,37,0.00,47036.91,51957.68,2022-04-24T04:47,2022-04-24T19:13,0.0,0.00,0.00
2022-04-25,14.1,5.6,9.7,6.6,10.5,2.4,17.7,34.9,29,0.60,43939.36,52179.54,2022-04-25T04:45,2022-04-25T19:14,4.0,0.00,0.60
2022-04-26,14.8,4.4,10.1,6.8,11.9,1.8,15.0,33.5,39,0.00,38047.40,52399.87,2022-04-26T04:43,2022-04-26T19:16,0.0,0.00,0.00
2022-04-27,12.1,4.4,8.8,5.3,8.0,1.5,16.8,34.9,56,0.10,30618.78,52618.49,2022-04-27T04:41,2022-04-27T19:18,1.0,0.00,0.10
2022-04-28,14.6,4.7,9.8,7.1,12.4,1.7,15.5,32.8,57,0.10,35780.18,52835.21,2022-04-28T04:39,2022-04-28T19:19,1.0,0.00,0.10
2022-04-29,11.8,5.1,8.6,5.5,8.0,2.1,15.3,34.6,34,0.00,35002.59,53049.80,2022-04-29T04:37,2022-04-29T19:21,0.0,0.00,0.00
2022-04-30,16.5,2.5,10.4,8.4,15.1,-0.1,12.2,22.7,359,0.00,38971.93,53262.08,2022-04-30T04:35,2022-04-30T19:23,0.0,0.00,0.00
2022-05-01,12.1,8.6,10.7,8.8,10.0,7.4,11.4,20.9,226,2.90,0.00,53471.83,2022-05-01T04:33,2022-05-01T19:24,11.0,0.00,2.90
2022-05-02,15.7,7.9,12.0,10.8,14.6,6.7,6.9,13.7,208,0.40,18566.51,53678.82,2022-05-02T04:31,2022-05-02T19:26,4.0,0.00,0.40
2022-05-03,14.9,9.4,12.0,10.5,14.2,7.6,11.3,22.3,53,0.00,13682.16,53883.14,2022-05-03T04:29,2022-05-03T19:27,0.0,0.00,0.00
2022-05-04,18.2,9.6,12.7,11.1,16.4,7.8,16.6,35.6,258,5.00,35260.74,54086.33,2022-05-04T04:28,2022-05-04T19:29,8.0,0.00,5.00
2022-05-05,18.1,7.4,13.0,11.4,17.5,5.2,16.4,32.8,306,0.00,40350.25,54288.54,2022-05-05T04:26,2022-05-05T19:31,0.0,0.00,0.00
2022-05-06,20.2,8.7,14.3,12.9,19.4,7.4,18.1,36.0,263,0.50,36849.45,54489.59,2022-05-06T04:24,2022-05-06T19:32,2.0,0.00,0.50
2022-05-07,18.4,10.6,14.3,12.9,16.7,9.5,15.3,30.6,22,1.30,46114.25,54689.30,2022-05-07T04:22,2022-05-07T19:34,9.0,0.00,1.30
2022-05-08,17.9,8.1,12.8,10.8,16.9,5.8,12.4,29.2,80,0.00,50400.00,54887.50,2022-05-08T04:21,2022-05-08T19:35,0.0,0.00,0.00
2022-05-09,20.8,5.0,14.2,12.1,18.5,2.8,20.8,44.6,184,0.00,46800.00,55083.99,2022-05-09T04:19,2022-05-09T19:37,0.0,0.00,0.00
2022-05-10,18.5,11.6,15.3,13.1,16.0,10.5,22.9,43.2,233,1.50,20270.79,55278.60,2022-05-10T04:17,2022-05-10T19:39,8.0,0.00,1.50
2022-05-11,16.0,9.6,13.0,10.4,13.3,7.5,34.1,63.7,227,3.90,10800.00,55471.11,2022-05-11T04:16,2022-05-11T19:40,5.0,0.00,3.90
2022-05-12,16.8,7.4,12.5,9.8,13.4,5.4,20.8,42.1,250,0.10,43681.59,55661.33,2022-05-12T04:14,2022-05-12T19:42,1.0,0.00,0.10
2022-05-13,19.1,9.8,14.2,11.3,16.8,6.9,22.9,46.8,253,0.00,48007.43,55849.05,2022-05-13T04:12,2022-05-13T19:43,0.0,0.00,0.00
2022-05-14,20.5,7.2,14.3,13.5,20.8,5.4,12.0,22.0,204,0.00,50400.00,56034.05,2022-05-14T04:11,2022-05-14T19:45,0.0,0.00,0.00
2022-05-15,21.6,11.9,14.9,13.7,19.8,10.7,21.4,43.2,78,11.90,23359.83,56216.13,2022-05-15T04:09,2022-05-15T19:46,11.0,0.00,11.90
2022-05-16,19.9,12.6,15.9,14.4,18.1,11.5,26.6,51.5,218,0.70,31909.59,56395.06,2022-05-16T04:08,2022-05-16T19:48,4.0,0.00,0.70
2022-05-17,23.7,10.9,17.6,16.7,23.4,10.0,20.6,39.2,172,0.00,36000.00,56570.59,2022-05-17T04:06,2022-05-17T19:49,0.0,0.00,0.00
2022-05-18,21.3,10.4,16.2,14.9,20.9,9.5,15.9,34.9,189,17.40,39943.80,56742.49,2022-05-18T04:05,2022-05-18T19:51,4.0,0.00,17.40
2022-05-19,20.7,11.8,16.2,15.1,19.3,11.1,14.3,32.0,261,0.90,47925.81,56910.53,2022-05-19T04:04,2022-05-19T19:52,3.0,0.00,0.90
2022-05-20,16.8,11.6,13.4,11.4,14.4,8.6,26.3,49.3,234,5.10,17475.96,57074.46,2022-05-20T04:02,2022-05-20T19:54,11.0,0.00,5.10
2022-05-21,18.9,9.9,14.1,11.9,16.2,8.0,16.9,33.1,255,0.00,47861.16,57234.03,2022-05-21T04:01,2022-05-21T19:55,0.0,0.00,0.00
2022-05-22,21.6,9.6,15.5,14.7,21.9,8.6,15.5,32.0,195,0.00,43855.51,57388.98,2022-05-22T04:00,2022-05-22T19:56,0.0,0.00,0.00
2022-05-23,17.6,10.4,14.0,12.4,16.3,8.1,17.5,36.0,269,0.60,22898.04,57539.29,2022-05-23T03:59,2022-05-23T19:58,6.0,0.00,0.60
2022-05-24,16.5,9.7,12.6,10.4,14.1,7.7,15.8,37.1,262,4.00,48393.14,57686.20,2022-05-24T03:58,2022-05-24T19:59,10.0,0.00,4.00
2022-05-25,17.4,8.8,13.3,10.4,14.1,6.6,26.9,56.5,241,0.10,11572.47,57829.80,2022-05-25T03:56,2022-05-25T20:00,1.0,0.00,0.10
2022-05-26,19.9,10.9,15.6,13.0,16.8,8.8,26.9,54.0,256,0.00,38385.54,57969.91,2022-05-26T03:55,2022-05-26T20:02,0.0,0.00,0.00
2022-05-27,18.5,10.9,15.1,13.0,16.9,8.5,17.0,34.6,308,0.00,51710.37,58106.38,2022-05-27T03:54,2022-05-27T20:03,0.0,0.00,0.00
2022-05-28,16.9,8.9,12.9,10.3,14.1,6.4,15.9,31.3,2,0.00,44657.10,58239.04,2022-05-28T03:53,2022-05-28T20:04,0.0,0.00,0.00
2022-05-29,15.4,7.8,11.5,8.7,12.5,5.4,19.5,40.0,14,0.50,52548.09,58367.71,2022-05-29T03:52,2022-05-29T20:05,2.0,0.00,0.50
2022-05-30,14.6,6.9,10.8,9.0,12.2,5.2,16.5,34.9,209,3.30,40208.28,58492.23,2022-05-30T03:52,2022-05-30T20:06,12.0,0.00,3.30
2022-05-31,15.1,7.9,11.3,9.3,12.9,6.4,19.5,40.0,255,3.90,33775.52,58612.44,2022-05-31T03:51,2022-05-31T20:08,7.0,0.00,3.90
2022-06-01,16.9,7.4,12.3,10.7,15.3,5.4,10.8,24.5,317,0.40,45022.90,58728.14,2022-06-01T03:50,2022-06-01T20:09,4.0,0.00,0.40
2022-06-02,19.0,7.8,14.0,12.3,17.7,6.3,14.6,28.4,91,0.00,50034.13,58839.17,2022-06-02T03:49,2022-06-02T20:10,0.0,0.00,0.00
2022-06-03,21.6,10.5,16.3,14.1,19.9,9.0,19.2,37.4,63,0.00,51379.78,58945.35,2022-06-03T03:48,2022-06-03T20:11,0.0,0.00,0.00
2022-06-04,19.0,11.9,14.6,11.6,17.1,8.4,27.7,56.9,58,4.20,41706.59,59046.51,2022-06-04T03:48,2022-06-04T20:12,7.0,0.00,4.20
2022-06-05,16.0,11.0,13.6,12.6,15.7,8.3,18.3,33.5,21,11.90,136.45,59142.46,2022-06-05T03:47,2022-06-05T20:13,18.0,0.00,11.90
2022-06-06,16.3,11.8,14.3,13.3,16.2,10.6,15.5,32.4,265,0.60,13208.74,59233.05,2022-06-06T03:47,2022-06-06T20:14,5.0,0.00,0.60
2022-06-07,19.9,9.3,15.5,15.0,19.7,8.0,14.3,30.2,202,2.30,48192.05,59318.07,2022-06-07T03:46,2022-06-07T20:15,11.0,0.00,2.30
2022-06-08,20.1,12.8,16.4,14.7,18.0,10.7,23.4,46.4,253,11.00,48870.61,59397.38,2022-06-08T03:46,2022-06-08T20:16,10.0,0.00,11.00
2022-06-09,18.6,10.6,15.3,13.6,16.4,9.3,19.3,38.2,235,0.90,27798.71,59470.78,2022-06-09T03:45,2022-06-09T20:16,4.0,0.00,0.90
2022-06-10,22.4,14.6,17.6,15.8,20.1,13.2,25.3,50.4,226,0.00,49067.83,59538.11,2022-06-10T03:45,2022-06-10T20:17,0.0,0.00,0.00
2022-06-11,21.0,11.7,16.4,14.3,18.1,10.6,21.4,43.2,244,0.00,54391.32,59599.21,2022-06-11T03:44,2022-06-11T20:18,0.0,0.00,0.00
2022-06-12,20.0,10.8,15.4,13.3,17.3,9.1,18.9,37.4,270,0.30,52885.53,59654.00,2022-06-12T03:44,2022-06-12T20:18,3.0,0.00,0.30
2022-06-13,19.0,9.8,14.9,13.4,17.7,8.1,11.2,25.6,294,0.00,41129.92,59702.90,2022-06-13T03:44,2022-06-13T20:19,0.0,0.00,0.00
2022-06-14,22.1,8.6,16.3,15.8,22.7,7.2,9.7,24.1,189,0.00,54932.73,59745.99,2022-06-14T03:44,2022-06-14T20:20,0.0,0.00,0.00
2022-06-15,25.6,9.9,18.3,18.3,26.3,8.7,12.5,26.6,284,0.00,54792.32,59783.25,2022-06-15T03:44,2022-06-15T20:20,0.0,0.00,0.00
2022-06-16,26.8,11.0,19.7,19.3,27.1,10.0,13.1,25.9,233,0.00,52996.70,59814.64,2022-06-16T03:44,2022-06-16T20:21,0.0,0.00,0.00
2022-06-17,29.4,15.0,22.7,22.4,29.1,14.5,21.9,46.1,220,2.00,49122.67,59840.17,2022-06-17T03:44,2022-06-17T20:21,1.0,0.00,2.00
2022-06-18,23.0,13.6,18.4,17.9,23.7,11.9,25.4,49.7,13,4.20,23263.73,59859.82,2022-06-18T03:44,2022-06-18T20:21,6.0,0.00,4.20
2022-06-19,18.4,10.4,14.4,12.2,16.5,7.5,18.4,34.6,26,1.20,22586.68,59873.59,2022-06-19T03:44,2022-06-19T20:22,5.0,0.00,1.20
2022-06-20,20.2,10.8,15.6,14.0,19.9,8.6,18.7,40.3,39,0.50,54987.07,59881.48,2022-06-20T03:44,2022-06-20T20:22,1.0,0.00,0.50
2022-06-21,23.0,9.4,16.8,16.2,23.3,8.2,10.1,19.4,89,0.00,54841.05,59883.49,2022-06-21T03:44,2022-06-21T20:22,0.0,0.00,0.00
2022-06-22,25.2,10.7,18.5,17.7,24.9,9.7,14.5,30.2,76,0.00,55048.42,59879.64,2022-06-22T03:45,2022-06-22T20:23,0.0,0.00,0.00
2022-06-23,22.9,11.4,17.8,17.5,22.8,10.6,13.4,28.1,79,2.00,51439.85,59869.93,2022-06-23T03:45,2022-06-23T20:23,5.0,0.00,2.00
2022-06-24,21.5,13.8,17.8,16.2,20.2,13.1,25.9,49.7,205,2.80,45923.96,59854.40,2022-06-24T03:45,2022-06-24T20:23,7.0,0.00,2.80
2022-06-25,18.8,12.2,15.5,12.9,16.1,10.5,23.9,49.3,197,0.70,49807.37,59833.05,2022-06-25T03:46,2022-06-25T20:23,5.0,0.00,0.70
2022-06-26,19.9,11.6,15.7,12.7,17.3,9.5,25.4,50.0,200,0.20,52464.25,59805.92,2022-06-26T03:46,2022-06-26T20:23,2.0,0.00,0.20
2022-06-27,18.5,11.2,14.8,12.4,16.6,9.7,24.5,48.2,234,3.10,41764.54,59773.04,2022-06-27T03:47,2022-06-27T20:23,6.0,0.00,3.10
2022-06-28,20.2,10.6,15.7,13.2,17.2,9.3,25.9,50.4,196,0.20,42340.36,59734.44,2022-06-28T03:47,2022-06-28T20:23,2.0,0.00,0.20
2022-06-29,20.8,13.4,16.6,15.0,18.7,12.1,19.0,40.3,188,2.10,20023.25,59690.16,2022-06-29T03:48,2022-06-29T20:22,7.0,0.00,2.10
2022-06-30,18.9,11.4,14.7,13.7,18.0,9.9,14.3,38.9,214,4.70,32716.26,59640.24,2022-06-30T03:48,2022-06-30T20:22,9.0,0.00,4.70
2022-07-01,19.9,10.3,15.2,13.1,17.1,9.0,22.4,43.6,232,1.10,52101.30,59584.73,2022-07-01T03:49,2022-07-01T20:22,7.0,0.00,1.10
2022-07-02,20.3,11.9,15.9,13.6,17.2,10.2,24.6,47.2,219,0.80,26377.92,59523.56,2022-07-02T03:50,2022-07-02T20:22,3.0,0.00,0.80
2022-07-03,21.0,10.1,15.8,14.6,19.8,9.1,14.3,30.2,270,0.00,54298.98,59456.15,2022-07-03T03:50,2022-07-03T20:21,0.0,0.00,0.00
2022-07-04,20.5,9.9,15.9,14.4,18.7,8.7,16.6,36.0,279,0.00,51599.92,59382.57,2022-07-04T03:51,2022-07-04T20:21,0.0,0.00,0.00
2022-07-05,20.8,10.4,16.3,14.9,19.1,9.2,15.3,32.0,309,0.00,44582.75,59302.98,2022-07-05T03:52,2022-07-05T20:20,0.0,0.00,0.00
2022-07-06,23.6,12.0,18.5,17.3,21.7,10.9,17.4,35.6,296,0.00,39857.70,59217.59,2022-07-06T03:53,2022-07-06T20:20,0.0,0.00,0.00
2022-07-07,23.9,16.0,19.3,18.4,23.7,14.2,18.3,37.1,336,0.00,43871.94,59126.56,2022-07-07T03:54,2022-07-07T20:19,0.0,0.00,0.00
2022-07-08,26.0,12.5,20.1,20.3,27.0,12.1,13.6,27.4,325,0.00,52472.57,59030.12,2022-07-08T03:55,2022-07-08T20:18,0.0,0.00,0.00
2022-07-09,25.2,14.8,20.0,19.5,24.9,14.5,14.6,31.0,348,0.00,53688.09,58928.45,2022-07-09T03:56,2022-07-09T20:18,0.0,0.00,0.00
2022-07-10,26.9,13.9,20.8,21.1,27.8,14.0,9.4,20.9,237,0.00,53630.61,58821.71,2022-07-10T03:57,2022-07-10T20:17,0.0,0.00,0.00
2022-07-11,29.2,14.5,22.7,22.8,31.1,14.1,13.6,27.4,201,0.00,44124.38,58710.11,2022-07-11T03:58,2022-07-11T20:16,0.0,0.00,0.00
2022-07-12,29.2,17.5,23.8,24.2,29.6,18.4,16.5,31.7,213,0.20,36534.11,58593.86,2022-07-12T03:59,2022-07-12T20:15,1.0,0.00,0.20
2022-07-13,26.0,18.6,22.3,22.2,27.3,16.7,11.6,26.3,321,1.00,42792.65,58473.13,2022-07-13T04:00,2022-07-13T20:15,1.0,0.00,1.00
2022-07-14,23.5,14.2,18.9,17.3,22.5,12.7,20.1,40.7,343,0.00,52237.25,58348.11,2022-07-14T04:01,2022-07-14T20:14,0.0,0.00,0.00
2022-07-15,24.0,12.2,18.8,17.7,23.2,11.0,16.9,33.5,294,0.00,47521.41,58218.97,2022-07-15T04:02,2022-07-15T20:13,0.0,0.00,0.00
2022-07-16,26.6,13.1,20.2,20.1,26.5,12.6,11.7,22.7,227,0.00,52331.18,58085.92,2022-07-16T04:04,2022-07-16T20:12,0.0,0.00,0.00
2022-07-17,28.5,14.4,22.2,21.6,27.4,14.2,14.3,32.0,155,0.00,50801.99,57949.12,2022-07-17T04:05,2022-07-17T20:11,0.0,0.00,0.00
2022-07-18,34.4,17.9,26.4,26.0,34.9,17.8,11.4,26.6,163,0.00,52418.27,57808.78,2022-07-18T04:06,2022-07-18T20:09,0.0,0.00,0.00
2022-07-19,37.0,19.6,28.3,27.8,35.8,18.9,22.8,46.1,167,0.50,44669.85,57665.04,2022-07-19T04:07,2022-07-19T20:08,1.0,0.00,0.50
2022-07-20,24.9,18.3,20.8,20.9,24.4,18.4,20.0,38.9,237,3.30,32765.18,57518.08,2022-07-20T04:09,2022-07-20T20:07,9.0,0.00,3.30
2022-07-21,23.6,16.3,19.9,20.1,23.9,15.9,14.4,27.7,16,1.80,17192.89,57368.09,2022-07-21T04:10,2022-07-21T20:06,6.0,0.00,1.80
2022-07-22,22.0,16.2,18.8,17.9,21.1,15.8,18.0,37.1,99,2.50,29202.11,57214.97,2022-07-22T04:11,2022-07-22T20:05,7.0,0.00,2.50
2022-07-23,24.7,13.6,18.9,18.5,23.8,13.8,20.9,40.7,215,0.30,39401.49,57057.41,2022-07-23T04:12,2022-07-23T20:03,1.0,0.00,0.30
2022-07-24,25.5,16.9,20.3,19.2,24.7,15.7,23.8,48.6,209,7.50,40239.26,56895.43,2022-07-24T04:14,2022-07-24T20:02,3.0,0.00,7.50
2022-07-25,23.5,16.9,19.6,17.8,20.8,15.5,25.2,48.6,260,0.30,41652.13,56729.27,2022-07-25T04:15,2022-07-25T20:01,3.0,0.00,0.30
2022-07-26,20.3,14.9,17.4,16.8,19.9,13.4,12.1,22.0,346,0.70,25691.47,56559.18,2022-07-26T04:17,2022-07-26T19:59,6.0,0.00,0.70
2022-07-27,21.8,12.6,17.6,16.5,20.3,12.3,14.0,25.2,119,0.50,30236.99,56385.41,2022-07-27T04:18,2022-07-27T19:58,3.0,0.00,0.50
2022-07-28,21.6,15.0,18.3,16.7,19.3,14.2,17.3,36.7,92,0.00,45374.25,56208.21,2022-07-28T04:20,2022-07-28T19:56,0.0,0.00,0.00
2022-07-29,25.9,13.1,19.7,19.5,26.8,12.4,11.2,21.6,68,0.00,50427.48,56027.80,2022-07-29T04:21,2022-07-29T19:55,0.0,0.00,0.00
2022-07-30,24.2,15.1,20.3,20.1,23.4,15.3,16.9,36.0,245,0.40,34194.27,55844.41,2022-07-30T04:23,2022-07-30T19:53,2.0,0.00,0.40
2022-07-31,25.3,18.0,21.1,21.0,25.2,18.2,26.0,50.4,260,1.30,25325.03,55658.27,2022-07-31T04:24,2022-07-31T19:52,5.0,0.00,1.30
2022-08-01,25.2,17.4,20.8,20.8,24.8,17.8,13.7,28.1,212,0.00,30787.39,55469.60,2022-08-01T04:26,2022-08-01T19:50,0.0,0.00,0.00
2022-08-02,25.6,17.6,21.1,21.1,25.1,18.1,23.0,43.9,228,0.20,25685.52,55278.60,2022-08-02T04:27,2022-08-02T19:48,2.0,0.00,0.20
2022-08-03,25.8,17.2,21.5,21.5,25.8,17.5,21.4,43.6,232,0.00,24046.92,55085.48,2022-08-03T04:29,2022-08-03T19:47,0.0,0.00,0.00
2022-08-04,23.6,15.9,19.4,17.9,22.6,12.9,16.2,32.4,309,0.20,37366.35,54890.44,2022-08-04T04:30,2022-08-04T19:45,2.0,0.00,0.20
2022-08-05,21.3,13.5,17.4,14.6,18.9,10.6,16.6,36.7,327,0.00,46530.64,54693.68,2022-08-05T04:32,2022-08-05T19:43,0.0,0.00,0.00
2022-08-06,23.0,11.0,17.3,15.8,21.8,9.4,13.5,24.8,348,0.00,49868.94,54495.39,2022-08-06T04:33,2022-08-06T19:41,0.0,0.00,0.00
2022-08-07,25.5,11.8,19.2,18.5,25.4,11.0,10.6,23.8,350,0.00,49784.06,54295.75,2022-08-07T04:35,2022-08-07T19:40,0.0,0.00,0.00
2022-08-08,27.4,14.1,21.1,20.9,27.3,13.6,16.0,30.2,54,0.00,49699.00,54094.94,2022-08-08T04:36,2022-08-08T19:38,0.0,0.00,0.00
2022-08-09,27.9,14.4,21.1,20.8,27.5,15.0,15.1,31.0,70,0.00,49613.82,53893.13,2022-08-09T04:38,2022-08-09T19:36,0.0,0.00,0.00
2022-08-10,29.0,14.4,21.8,21.3,29.0,14.1,13.8,30.6,71,0.00,49487.25,53690.50,2022-08-10T04:39,2022-08-10T19:34,0.0,0.00,0.00
2022-08-11,31.5,15.4,23.3,22.8,31.2,15.6,15.9,32.4,71,0.00,49298.32,53486.92,2022-08-11T04:41,2022-08-11T19:32,0.0,0.00,0.00
2022-08-12,31.9,16.9,24.4,23.4,30.7,16.7,16.2,34.2,73,0.00,49106.73,53280.84,2022-08-12T04:43,2022-08-12T19:31,0.0,0.00,0.00
2022-08-13,32.5,17.8,25.2,24.4,32.5,17.6,13.9,29.2,87,0.00,48912.38,53072.17,2022-08-13T04:44,2022-08-13T19:29,0.0,0.00,0.00
2022-08-14,31.6,18.0,25.1,24.4,30.2,18.2,13.9,27.4,92,0.00,40264.01,52861.14,2022-08-14T04:46,2022-08-14T19:27,0.0,0.00,0.00
2022-08-15,28.1,17.5,22.7,22.8,27.9,17.8,14.3,33.8,228,0.00,37077.65,52647.95,2022-08-15T04:47,2022-08-15T19:25,0.0,0.00,0.00
2022-08-16,23.0,17.0,19.2,20.4,24.4,18.4,10.9,29.5,190,8.20,22705.80,52432.79,2022-08-16T04:49,2022-08-16T19:23,11.0,0.00,8.20
2022-08-17,24.1,16.0,19.6,19.8,24.5,17.1,18.3,39.2,28,1.10,38270.77,52215.85,2022-08-17T04:50,2022-08-17T19:21,3.0,0.00,1.10
2022-08-18,24.9,14.6,19.8,20.0,24.5,15.2,15.7,32.4,242,0.40,38242.28,51997.32,2022-08-18T04:52,2022-08-18T19:19,3.0,0.00,0.40
2022-08-19,23.0,15.6,19.9,19.0,21.7,14.5,19.1,38.9,266,0.20,47173.28,51777.38,2022-08-19T04:54,2022-08-19T19:17,2.0,0.00,0.20
2022-08-20,23.4,13.2,18.3,17.0,21.0,12.7,21.9,43.2,238,0.00,43241.43,51556.21,2022-08-20T04:55,2022-08-20T19:14,0.0,0.00,0.00
2022-08-21,23.7,13.6,18.6,18.1,23.2,13.2,12.5,25.6,229,0.00,38465.02,51333.98,2022-08-21T04:57,2022-08-21T19:12,0.0,0.00,0.00
2022-08-22,21.8,13.0,18.0,18.2,21.4,13.1,14.8,29.5,191,0.90,15347.77,51110.85,2022-08-22T04:58,2022-08-22T19:10,5.0,0.00,0.90
2022-08-23,25.6,18.4,20.9,21.9,25.9,19.9,17.2,35.6,213,1.10,19374.65,50886.99,2022-08-23T05:00,2022-08-23T19:08,5.0,0.00,1.10
2022-08-24,26.0,17.9,22.1,22.8,26.1,19.3,17.9,36.0,208,0.30,37563.03,50662.56,2022-08-24T05:02,2022-08-24T19:06,3.0,0.00,0.30
2022-08-25,21.0,13.7,18.1,18.9,21.5,13.5,15.6,32.0,344,9.00,12385.19,50437.70,2022-08-25T05:03,2022-08-25T19:04,12.0,0.00,9.00
2022-08-26,22.6,12.0,18.0,18.4,22.6,11.6,7.1,16.9,245,0.00,44014.82,50212.57,2022-08-26T05:05,2022-08-26T19:02,0.0,0.00,0.00
2022-08-27,23.9,13.6,18.2,17.9,22.4,13.3,15.4,32.4,61,0.40,44242.39,49987.32,2022-08-27T05:06,2022-08-27T19:00,3.0,0.00,0.40
2022-08-28,22.5,13.4,17.8,16.7,20.6,12.8,16.7,34.6,69,0.00,35814.02,49762.09,2022-08-28T05:08,2022-08-28T18:57,0.0,0.00,0.00
2022-08-29,21.7,14.1,17.6,16.0,19.6,13.4,18.1,36.4,54,0.00,33650.43,49537.01,2022-08-29T05:10,2022-08-29T18:55,0.0,0.00,0.00
2022-08-30,22.6,13.9,18.2,16.4,20.4,12.3,21.7,41.4,35,0.00,33754.49,49312.23,2022-08-30T05:11,2022-08-30T18:53,0.0,0.00,0.00
2022-08-31,23.5,13.6,18.1,15.6,20.1,11.4,21.2,43.2,47,0.20,37958.27,49087.60,2022-08-31T05:13,2022-08-31T18:51,1.0,0.00,0.20
2022-09-01,23.6,15.4,19.0,17.5,21.5,13.4,20.8,41.0,60,0.10,31909.11,48861.57,2022-09-01T05:14,2022-09-01T18:49,1.0,0.00,0.10
2022-09-02,22.9,15.5,19.0,19.2,23.6,14.9,13.2,25.2,59,1.90,30637.16,48634.01,2022-09-02T05:16,2022-09-02T18:46,5.0,0.00,1.90
2022-09-03,23.6,13.9,18.4,18.7,23.1,14.4,19.5,38.5,183,0.40,37621.47,48405.09,2022-09-03T05:17,2022-09-03T18:44,3.0,0.00,0.40
2022-09-04,23.0,15.6,19.1,18.8,22.3,15.8,22.1,42.8,158,1.00,29139.67,48174.96,2022-09-04T05:19,2022-09-04T18:42,3.0,0.00,1.00
2022-09-05,23.0,15.7,19.0,19.5,23.3,16.4,16.9,36.0,164,5.40,34500.81,47943.76,2022-09-05T05:21,2022-09-05T18:40,5.0,0.00,5.40
2022-09-06,21.2,15.4,17.6,17.3,21.1,15.2,25.2,49.3,180,6.30,25326.94,47711.65,2022-09-06T05:22,2022-09-06T18:37,15.0,0.00,6.30
2022-09-07,20.5,14.9,16.9,16.4,19.2,14.7,19.9,46.1,180,2.50,34581.29,47478.76,2022-09-07T05:24,2022-09-07T18:35,8.0,0.00,2.50
2022-09-08,19.1,13.1,15.5,15.0,17.4,13.1,19.3,40.3,182,5.50,30549.60,47245.25,2022-09-08T05:25,2022-09-08T18:33,15.0,0.00,5.50
2022-09-09,19.9,13.4,16.1,15.3,18.4,12.6,16.5,32.8,276,2.30,36205.69,47011.23,2022-09-09T05:27,2022-09-09T18:31,11.0,0.00,2.30
2022-09-10,20.6,13.1,16.5,16.4,20.7,12.5,12.7,24.8,321,1.30,35156.58,46776.86,2022-09-10T05:29,2022-09-10T18:28,7.0,0.00,1.30
2022-09-11,22.0,12.2,16.8,16.9,21.9,12.4,13.7,27.7,149,0.10,31884.67,46542.27,2022-09-11T05:30,2022-09-11T18:26,1.0,0.00,0.10
2022-09-12,24.4,15.1,19.4,20.3,25.2,15.5,11.2,24.1,191,1.10,31435.36,46307.58,2022-09-12T05:32,2022-09-12T18:24,5.0,0.00,1.10
2022-09-13,18.9,15.4,16.9,17.1,20.0,15.3,13.6,29.2,37,5.30,5017.10,46072.93,2022-09-13T05:33,2022-09-13T18:21,7.0,0.00,5.30
2022-09-14,20.6,13.9,16.8,16.3,20.0,12.5,15.0,26.6,4,4.30,38802.36,45838.44,2022-09-14T05:35,2022-09-14T18:19,5.0,0.00,4.30
2022-09-15,17.8,12.1,15.2,13.6,16.0,10.9,13.6,28.4,325,0.00,22857.89,45604.26,2022-09-15T05:37,2022-09-15T18:17,0.0,0.00,0.00
2022-09-16,15.9,8.9,12.5,9.5,12.4,5.8,18.9,38.9,333,0.20,41496.91,45370.49,2022-09-16T05:38,2022-09-16T18:14,2.0,0.00,0.20
2022-09-17,16.1,6.7,11.4,8.4,12.8,3.3,16.5,36.0,316,0.00,41265.02,45137.27,2022-09-17T05:40,2022-09-17T18:12,0.0,0.00,0.00
2022-09-18,17.6,8.1,12.9,10.2,14.1,5.5,21.4,41.0,309,0.00,33237.10,44904.72,2022-09-18T05:41,2022-09-18T18:10,0.0,0.00,0.00
2022-09-19,16.9,9.4,13.5,12.6,15.9,7.9,9.7,16.9,323,0.00,11625.81,44672.97,2022-09-19T05:43,2022-09-19T18:08,0.0,0.00,0.00
2022-09-20,19.0,8.3,13.7,12.5,17.6,6.5,10.7,21.6,333,0.00,36243.28,44441.86,2022-09-20T05:45,2022-09-20T18:05,0.0,0.00,0.00
2022-09-21,19.5,10.9,15.1,14.5,18.9,10.6,10.8,22.3,189,0.00,29511.01,44209.80,2022-09-21T05:46,2022-09-21T18:03,0.0,0.00,0.00
2022-09-22,20.1,10.1,15.2,14.0,18.2,9.1,15.0,30.6,198,0.10,31541.32,43976.66,2022-09-22T05:48,2022-09-22T18:01,1.0,0.00,0.10
2022-09-23,18.2,11.5,15.1,14.4,16.6,10.4,13.0,28.1,355,0.90,23145.92,43742.58,2022-09-23T05:49,2022-09-23T17:58,7.0,0.00,0.90
2022-09-24,17.5,9.7,13.2,10.9,14.4,7.7,16.5,34.6,3,0.30,39196.15,43507.70,2022-09-24T05:51,2022-09-24T17:56,1.0,0.00,0.30
2022-09-25,15.9,8.2,12.4,9.8,13.3,5.8,16.1,29.5,318,0.00,27304.26,43272.14,2022-09-25T05:53,2022-09-25T17:54,0.0,0.00,0.00
2022-09-26,15.2,10.6,12.8,9.4,11.5,6.8,25.5,49.3,292,1.80,18642.41,43036.07,2022-09-26T05:54,2022-09-26T17:51,7.0,0.00,1.80
2022-09-27,14.3,8.8,11.2,7.8,10.6,5.6,22.1,48.6,292,0.30,22835.27,42799.61,2022-09-27T05:56,2022-09-27T17:49,3.0,0.00,0.30
2022-09-28,14.8,6.8,10.5,7.9,11.9,4.4,15.8,33.1,310,0.00,38081.21,42562.89,2022-09-28T05:57,2022-09-28T17:47,0.0,0.00,0.00
2022-09-29,15.4,6.3,10.8,9.2,13.8,4.3,10.3,23.4,339,0.10,36435.20,42326.08,2022-09-29T05:59,2022-09-29T17:44,1.0,0.00,0.10
2022-09-30,16.0,5.6,11.8,9.3,13.5,3.6,32.5,65.2,221,4.60,14711.29,42089.28,2022-09-30T06:01,2022-09-30T17:42,8.0,0.00,4.60
2022-10-01,18.4,11.1,14.9,12.4,15.2,9.0,23.9,50.8,258,0.00,37265.55,41852.66,2022-10-01T06:02,2022-10-01T17:40,0.0,0.00,0.00
2022-10-02,18.0,9.1,13.7,12.4,16.5,7.2,14.3,26.6,306,0.50,24453.45,41616.34,2022-10-02T06:04,2022-10-02T17:38,2.0,0.00,0.50
2022-10-03,17.4,6.8,12.2,11.2,16.0,5.2,13.5,27.4,166,0.00,19221.43,41380.47,2022-10-03T06:06,2022-10-03T17:35,0.0,0.00,0.00
2022-10-04,18.0,13.1,15.5,13.8,15.5,12.1,24.7,49.0,215,0.20,6933.85,41145.19,2022-10-04T06:07,2022-10-04T17:33,2.0,0.00,0.20
2022-10-05,18.5,11.4,15.4,12.2,14.4,7.8,37.3,73.1,226,2.10,7200.00,40910.65,2022-10-05T06:09,2022-10-05T17:31,6.0,0.00,2.10
2022-10-06,17.8,8.1,12.9,10.3,14.7,5.6,21.3,46.1,228,0.00,32707.54,40676.98,2022-10-06T06:11,2022-10-06T17:29,0.0,0.00,0.00
2022-10-07,18.1,10.9,14.3,11.7,14.4,9.0,29.0,54.7,233,0.60,32400.00,40444.35,2022-10-07T06:12,2022-10-07T17:26,2.0,0.00,0.60
2022-10-08,16.0,7.6,11.1,9.0,13.4,5.3,11.2,24.1,265,0.00,35814.43,40212.89,2022-10-08T06:14,2022-10-08T17:24,0.0,0.00,0.00
2022-10-09,17.2,5.6,11.4,9.1,14.3,3.0,20.2,39.6,167,0.00,32644.84,39982.77,2022-10-09T06:16,2022-10-09T17:22,0.0,0.00,0.00
2022-10-10,15.9,7.0,11.9,9.8,12.7,4.9,16.1,32.4,330,1.80,24407.29,39753.82,2022-10-10T06:17,2022-10-10T17:20,5.0,0.00,1.80
2022-10-11,14.5,5.6,9.7,8.0,13.0,3.4,9.4,12.2,244,0.00,32400.00,39524.30,2022-10-11T06:19,2022-10-11T17:18,0.0,0.00,0.00
2022-10-12,16.2,5.2,11.8,10.0,14.7,3.2,18.0,36.7,209,2.20,29552.69,39294.05,2022-10-12T06:21,2022-10-12T17:15,4.0,0.00,2.20
2022-10-13,15.9,9.8,13.1,12.8,15.7,8.7,7.3,20.2,331,6.80,31584.58,39063.25,2022-10-13T06:22,2022-10-13T17:13,7.0,0.00,6.80
2022-10-14,14.8,8.9,11.7,10.8,14.1,7.6,12.2,24.1,228,1.00,1331.40,38832.03,2022-10-14T06:24,2022-10-14T17:11,6.0,0.00,1.00
2022-10-15,16.2,7.2,12.4,9.6,13.1,5.0,25.2,53.6,218,0.50,28947.09,38600.58,2022-10-15T06:26,2022-10-15T17:09,3.0,0.00,0.50
2022-10-16,15.9,9.9,13.7,11.4,14.2,7.5,22.4,42.1,191,7.30,21923.12,38369.06,2022-10-16T06:27,2022-10-16T17:07,9.0,0.00,7.30
2022-10-17,18.1,9.1,14.7,13.4,16.1,7.8,17.7,34.9,220,3.90,27843.44,38137.63,2022-10-17T06:29,2022-10-17T17:05,5.0,0.00,3.90
2022-10-18,17.1,6.5,11.6,10.0,15.2,4.7,16.2,29.5,72,0.00,32314.44,37906.48,2022-10-18T06:31,2022-10-18T17:03,0.0,0.00,0.00
2022-10-19,16.3,11.6,14.1,11.5,14.4,9.0,26.4,51.1,84,1.50,30956.70,37675.77,2022-10-19T06:32,2022-10-19T17:00,1.0,0.00,1.50
2022-10-20,15.8,9.8,13.5,13.3,15.9,8.4,11.0,25.6,160,7.80,12177.66,37445.68,2022-10-20T06:34,2022-10-20T16:58,10.0,0.00,7.80
2022-10-21,17.0,11.1,14.5,12.5,15.1,10.3,27.0,56.2,177,10.40,20417.99,37216.39,2022-10-21T06:36,2022-10-21T16:56,13.0,0.00,10.40
2022-10-22,17.2,11.6,14.5,13.4,15.9,10.0,19.7,38.2,202,0.00,26153.14,36988.11,2022-10-22T06:38,2022-10-22T16:54,0.0,0.00,0.00
2022-10-23,18.7,13.2,15.2,14.0,19.2,10.7,23.5,43.9,151,8.00,14400.00,36761.00,2022-10-23T06:39,2022-10-23T16:52,15.0,0.00,8.00
2022-10-24,17.0,11.6,13.4,11.2,14.7,8.9,24.8,49.0,225,2.50,24495.67,36535.28,2022-10-24T06:41,2022-10-24T16:50,5.0,0.00,2.50
2022-10-25,16.8,10.3,13.7,12.3,15.5,9.0,19.0,34.9,183,0.30,29570.75,36311.14,2022-10-25T06:43,2022-10-25T16:48,2.0,0.00,0.30
2022-10-26,18.5,11.6,15.6,13.6,15.5,11.0,26.6,51.8,201,0.90,27065.63,36088.79,2022-10-26T06:45,2022-10-26T16:46,2.0,0.00,0.90
2022-10-27,20.1,12.6,16.1,15.8,19.5,12.0,22.8,47.5,177,3.70,17208.82,35868.43,2022-10-27T06:46,2022-10-27T16:44,6.0,0.00,3.70
2022-10-28,18.1,10.1,15.0,13.9,16.7,9.1,24.8,47.5,204,0.20,24029.22,35650.29,2022-10-28T06:48,2022-10-28T16:42,2.0,0.00,0.20
2022-10-29,20.9,11.6,16.2,15.8,21.4,11.0,18.2,34.9,162,3.10,18148.73,35434.58,2022-10-29T06:50,2022-10-29T16:40,5.0,0.00,3.10
2022-10-30,15.5,12.1,14.2,12.6,14.3,10.7,20.4,40.7,199,0.80,6601.26,35221.19,2022-10-30T06:52,2022-10-30T16:39,4.0,0.00,0.80
2022-10-31,16.5,11.4,13.9,12.4,14.6,10.5,22.3,42.1,155,4.20,21175.85,35008.18,2022-10-31T06:53,2022-10-31T16:37,6.0,0.00,4.20
2022-11-01,14.4,10.4,12.3,7.9,10.6,5.6,39.5,74.2,219,4.00,19287.42,34795.40,2022-11-01T06:55,2022-11-01T16:35,11.0,0.00,4.00
2022-11-02,14.8,8.6,12.1,8.0,10.3,5.2,33.6,67.3,213,6.00,17854.35,34583.05,2022-11-02T06:57,2022-11-02T16:33,6.0,0.00,6.00
2022-11-03,12.9,7.2,10.2,8.6,11.4,4.8,18.8,43.9,219,24.80,3331.20,34371.33,2022-11-03T06:59,2022-11-03T16:31,15.0,0.00,24.80
2022-11-04,12.2,6.1,8.6,5.9,9.0,3.5,18.4,36.0,327,2.70,29803.02,34160.45,2022-11-04T07:00,2022-11-04T16:30,4.0,0.00,2.70
2022-11-05,13.6,4.4,10.1,7.8,12.0,2.1,22.5,41.8,208,6.70,0.00,33950.64,2022-11-05T07:02,2022-11-05T16:28,12.0,0.00,6.70
2022-11-06,13.8,10.3,12.4,10.3,12.9,6.7,22.3,41.0,213,15.90,2988.96,33742.11,2022-11-06T07:04,2022-11-06T16:26,16.0,0.00,15.90
2022-11-07,14.4,11.1,13.0,9.8,11.8,7.7,31.8,59.0,207,1.00,2874.30,33535.10,2022-11-07T07:06,2022-11-07T16:25,7.0,0.00,1.00
2022-11-08,15.1,11.0,12.7,8.9,10.7,7.3,33.0,62.6,203,5.20,24367.26,33329.84,2022-11-08T07:07,2022-11-08T16:23,13.0,0.00,5.20
2022-11-09,13.9,9.6,11.3,8.1,10.4,6.7,26.4,51.1,232,0.00,28068.33,33126.57,2022-11-09T07:09,2022-11-09T16:21,0.0,0.00,0.00
2022-11-10,15.2,10.1,13.2,10.2,12.1,7.3,27.6,53.3,218,0.00,16066.27,32925.54,2022-11-10T07:11,2022-11-10T16:20,0.0,0.00,0.00
2022-11-11,15.9,9.3,13.9,11.9,14.0,8.1,24.2,48.6,201,0.30,22698.77,32727.01,2022-11-11T07:13,2022-11-11T16:18,3.0,0.00,0.30
2022-11-12,16.3,9.7,12.1,11.4,15.7,8.7,11.1,22.0,124,0.00,27544.50,32531.24,2022-11-12T07:15,2022-11-12T16:17,0.0,0.00,0.00
2022-11-13,15.1,7.8,10.8,9.6,14.9,6.1,11.7,23.4,96,0.00,27488.78,32338.49,2022-11-13T07:16,2022-11-13T16:15,0.0,0.00,0.00
2022-11-14,14.7,7.6,11.1,10.0,14.9,6.2,17.7,32.0,174,0.60,3536.38,32149.04,2022-11-14T07:18,2022-11-14T16:14,4.0,0.00,0.60
2022-11-15,13.9,9.0,11.1,7.9,11.3,5.5,29.1,54.4,181,9.80,5650.49,31963.18,2022-11-15T07:20,2022-11-15T16:12,9.0,0.00,9.80
2022-11-16,11.7,8.1,9.7,6.7,9.2,4.8,30.6,56.5,156,15.00,18000.00,31781.19,2022-11-16T07:21,2022-11-16T16:11,11.0,0.00,15.00
2022-11-17,11.4,8.1,9.4,5.4,10.0,3.5,31.8,59.4,265,5.20,8422.92,31603.37,2022-11-17T07:23,2022-11-17T16:10,12.0,0.00,5.20
2022-11-18,11.4,5.5,8.5,5.1,8.3,2.5,21.8,40.3,267,0.10,26658.93,31430.02,2022-11-18T07:25,2022-11-18T16:09,1.0,0.00,0.10
2022-11-19,10.4,3.5,6.6,3.8,8.2,0.8,16.2,31.7,297,0.00,23695.55,31261.11,2022-11-19T07:26,2022-11-19T16:07,0.0,0.00,0.00
2022-11-20,10.5,3.4,7.3,4.4,7.9,0.9,19.9,41.0,254,3.80,21347.25,31094.82,2022-11-20T07:28,2022-11-20T16:06,7.0,0.00,3.80
2022-11-21,9.1,2.4,6.1,2.1,5.0,-0.1,33.5,69.5,184,9.50,0.00,30931.01,2022-11-21T07:30,2022-11-21T16:05,11.0,0.00,9.50
2022-11-22,9.8,3.4,6.0,2.7,7.1,0.2,22.7,41.8,248,0.10,25922.82,30769.91,2022-11-22T07:31,2022-11-22T16:04,1.0,0.00,0.10
2022-11-23,11.4,4.2,8.6,4.8,7.5,1.7,32.8,69.8,216,5.60,19387.09,30611.72,2022-11-23T07:33,2022-11-23T16:03,4.0,0.00,5.60
2022-11-24,12.4,6.2,9.1,5.3,8.2,2.9,34.2,66.6,207,3.10,17652.95,30456.69,2022-11-24T07:34,2022-11-24T16:02,8.0,0.00,3.10
2022-11-25,11.5,6.4,8.5,5.5,8.6,3.7,20.4,38.5,235,0.00,25446.42,30305.04,2022-11-25T07:36,2022-11-25T16:01,0.0,0.00,0.00
2022-11-26,12.2,6.3,9.9,7.0,9.1,4.3,28.8,53.3,187,1.50,12322.25,30157.00,2022-11-26T07:37,2022-11-26T16:00,7.0,0.00,1.50
2022-11-27,12.8,8.6,11.2,9.6,11.9,6.8,26.2,53.3,204,7.50,0.00,30012.80,2022-11-27T07:39,2022-11-27T15:59,17.0,0.00,7.50
2022-11-28,9.9,4.2,6.9,4.9,8.7,1.5,9.0,18.7,229,1.50,20956.85,29872.70,2022-11-28T07:40,2022-11-28T15:58,2.0,0.00,1.50
2022-11-29,7.2,5.1,6.6,4.8,5.5,2.9,7.3,14.4,18,0.00,0.00,29736.94,2022-11-29T07:42,2022-11-29T15:58,0.0,0.00,0.00
2022-11-30,8.8,2.3,6.3,4.2,7.0,-0.3,8.7,17.3,50,0.10,11223.44,29605.77,2022-11-30T07:43,2022-11-30T15:57,1.0,0.00,0.10
2022-12-01,6.7,2.5,4.4,2.1,4.4,-0.2,8.2,16.6,14,0.00,10956.21,29479.44,2022-12-01T07:45,2022-12-01T15:56,0.0,0.00,0.00
2022-12-02,7.6,3.7,5.1,2.0,4.4,0.1,18.1,33.8,23,0.20,9262.32,29358.19,2022-12-02T07:46,2022-12-02T15:56,2.0,0.00,0.20
2022-12-03,7.4,4.9,6.0,1.7,3.4,0.2,21.3,41.4,43,0.00,7273.78,29242.31,2022-12-03T07:48,2022-12-03T15:55,0.0,0.00,0.00
2022-12-04,5.8,4.3,5.0,1.0,2.1,0.4,19.5,35.6,48,1.40,0.00,29132.04,2022-12-04T07:49,2022-12-04T15:54,8.0,0.00,1.40
2022-12-05,8.1,4.4,6.4,3.0,4.8,0.6,16.0,31.7,27,0.00,8916.85,29027.64,2022-12-05T07:50,2022-12-05T15:54,0.0,0.00,0.00
2022-12-06,6.4,3.7,4.8,1.7,3.3,0.7,14.1,25.2,2,0.00,22974.26,28929.38,2022-12-06T07:51,2022-12-06T15:54,0.0,0.00,0.00
2022-12-07,4.3,-2.1,1.3,-1.9,1.0,-5.6,9.6,20.9,319,0.00,23331.36,28837.51,2022-12-07T07:53,2022-12-07T15:53,0.0,0.00,0.00
2022-12-08,2.8,-4.2,-1.3,-4.8,-0.5,-8.2,9.5,15.8,318,0.00,23440.25,28752.30,2022-12-08T07:54,2022-12-08T15:53,0.0,0.00,0.00
2022-12-09,2.7,-3.5,-1.7,-5.2,-0.3,-7.6,9.0,13.7,303,0.00,23210.56,28673.81,2022-12-09T07:55,2022-12-09T15:53,0.0,0.00,0.00
2022-12-10,3.0,-4.0,-1.3,-4.6,0.2,-8.0,9.5,13.7,237,0.00,23216.56,28601.07,2022-12-10T07:56,2022-12-10T15:53,0.0,0.00,0.00
2022-12-11,-0.1,-3.6,-2.2,-5.6,-3.1,-6.8,10.7,19.8,35,0.00,4546.58,28533.99,2022-12-11T07:57,2022-12-11T15:52,5.0,0.56,0.80
2022-12-12,0.9,-1.9,-0.0,-3.4,-2.1,-5.7,12.7,25.6,39,0.00,2124.77,28472.63,2022-12-12T07:58,2022-12-12T15:52,0.0,0.00,0.00
2022-12-13,0.7,-2.4,-1.3,-5.0,-3.1,-6.1,10.9,19.4,65,0.00,185.32,28417.08,2022-12-13T07:59,2022-12-13T15:52,0.0,0.00,0.00
2022-12-14,1.0,-4.2,-1.1,-5.2,-3.1,-8.0,15.5,28.8,8,0.00,22236.14,28367.41,2022-12-14T08:00,2022-12-14T15:52,0.0,0.00,0.00
2022-12-15,0.9,-5.4,-2.4,-6.4,-3.0,-9.7,13.0,22.7,338,0.00,22956.50,28323.68,2022-12-15T08:00,2022-12-15T15:53,0.0,0.00,0.00
2022-12-16,1.6,-5.1,-1.9,-5.6,-1.2,-9.2,13.0,23.4,308,0.00,22509.31,28285.97,2022-12-16T08:01,2022-12-16T15:53,0.0,0.00,0.00
2022-12-17,4.9,-4.3,-0.7,-4.6,1.1,-8.7,14.1,24.8,187,0.00,16914.25,28254.33,2022-12-17T08:02,2022-12-17T15:53,0.0,0.00,0.00
2022-12-18,9.2,-2.2,2.6,-1.6,5.0,-5.7,27.8,50.8,150,10.30,0.00,28228.83,2022-12-18T08:03,2022-12-18T15:53,13.0,0.00,10.30
2022-12-19,12.6,9.2,11.9,7.8,8.6,5.4,34.0,62.3,200,5.70,0.00,28209.51,2022-12-19T08:03,2022-12-19T15:54,20.0,0.00,5.70
2022-12-20,12.5,4.7,9.0,6.0,8.8,2.0,28.8,58.3,213,3.60,22356.69,28196.42,2022-12-20T08:04,2022-12-20T15:54,8.0,0.00,3.60
2022-12-21,10.2,4.1,7.0,4.2,7.9,1.6,16.9,33.8,213,3.60,11144.05,28189.62,2022-12-21T08:05,2022-12-21T15:54,4.0,0.00,3.60
2022-12-22,10.9,5.2,8.2,6.0,8.6,2.9,16.4,29.5,231,0.50,127.76,28189.14,2022-12-22T08:05,2022-12-22T15:55,3.0,0.00,0.50
2022-12-23,12.4,7.3,9.2,6.5,9.2,4.9,23.3,42.8,233,7.10,14712.79,28195.01,2022-12-23T08:06,2022-12-23T15:56,6.0,0.00,7.10
2022-12-24,10.6,5.6,8.4,5.6,8.5,2.9,19.4,35.6,213,0.40,17595.29,28207.27,2022-12-24T08:06,2022-12-24T15:56,3.0,0.00,0.40
2022-12-25,10.7,8.5,9.8,7.2,8.9,5.5,19.1,33.8,202,0.30,6773.52,28225.94,2022-12-25T08:06,2022-12-25T15:57,3.0,0.00,0.30
2022-12-26,9.2,3.2,5.9,2.1,6.0,-0.1,22.9,42.5,245,0.00,22613.51,28251.04,2022-12-26T08:07,2022-12-26T15:57,0.0,0.00,0.00
2022-12-27,9.8,2.7,6.4,2.5,6.2,-0.5,31.1,58.0,214,3.60,7207.81,28282.59,2022-12-27T08:07,2022-12-27T15:58,8.0,0.00,3.60
2022-12-28,11.5,9.6,10.5,6.3,8.3,4.6,32.8,60.8,212,5.60,0.00,28320.60,2022-12-28T08:07,2022-12-28T15:59,14.0,0.00,5.60
2022-12-29,9.3,4.9,7.7,2.9,4.1,1.2,30.8,59.0,235,0.00,20408.73,28365.16,2022-12-29T08:07,2022-12-29T16:00,0.0,0.00,0.00
2022-12-30,13.2,5.2,9.6,5.6,9.5,1.8,32.6,60.8,202,6.90,1358.00,28416.74,2022-12-30T08:07,2022-12-30T16:01,9.0,0.00,6.90
2022-12-31,13.1,9.6,12.0,8.2,9.6,6.8,33.7,61.9,214,8.00,0.00,28475.25,2022-12-31T08:07,2022-12-31T16:02,21.0,0.00,8.00
2023-01-01,11.5,8.4,10.0,6.7,7.9,5.2,28.5,63.7,216,5.40,5334.68,28540.49,2023-01-01T08:07,2023-01-01T16:03,12.0,0.00,5.40
2023-01-02,7.9,0.3,5.4,2.7,5.6,-3.4,12.5,22.3,233,1.10,22883.24,28612.28,2023-01-02T08:07,2023-01-02T16:04,2.0,0.00,1.10
2023-01-03,12.4,2.0,8.1,4.1,8.5,-1.3,33.5,64.1,199,4.00,0.00,28690.41,2023-01-03T08:07,2023-01-03T16:05,15.0,0.00,4.00
2023-01-04,12.9,10.1,11.8,7.6,9.2,5.5,31.6,60.5,242,1.10,12522.70,28774.67,2023-01-04T08:06,2023-01-04T16:06,4.0,0.00,1.10
2023-01-05,12.9,7.8,10.6,7.5,10.4,6.0,28.2,52.2,228,0.00,6835.91,28864.86,2023-01-05T08:06,2023-01-05T16:07,0.0,0.00,0.00
2023-01-06,11.9,5.8,9.6,6.1,8.4,2.8,30.7,62.3,216,1.50,15173.70,28960.79,2023-01-06T08:06,2023-01-06T16:08,5.0,0.00,1.50
2023-01-07,11.6,7.4,10.0,5.3,7.3,2.4,33.7,62.3,196,5.30,0.00,29062.26,2023-01-07T08:05,2023-01-07T16:10,14.0,0.00,5.30
2023-01-08,8.9,4.8,7.2,3.0,4.4,1.3,27.7,50.8,206,1.60,8725.54,29169.03,2023-01-08T08:05,2023-01-08T16:11,7.0,0.00,1.60
2023-01-09,8.4,4.7,5.9,1.6,3.5,0.3,24.7,45.4,266,0.50,24000.80,29280.93,2023-01-09T08:04,2023-01-09T16:12,2.0,0.00,0.50
2023-01-10,12.6,3.8,8.8,4.8,8.7,0.2,33.9,62.3,211,6.80,0.00,29397.74,2023-01-10T08:04,2023-01-10T16:14,12.0,0.00,6.80
2023-01-11,9.9,6.8,8.6,3.9,6.2,2.2,30.5,61.2,240,4.90,14970.55,29519.26,2023-01-11T08:03,2023-01-11T16:15,9.0,0.00,4.90
2023-01-12,11.9,7.2,10.3,5.5,8.1,1.0,37.6,69.8,237,6.00,0.00,29645.29,2023-01-12T08:03,2023-01-12T16:17,15.0,0.00,6.00
2023-01-13,10.1,5.4,7.5,2.3,4.7,0.7,31.6,63.0,250,0.00,24568.40,29775.63,2023-01-13T08:02,2023-01-13T16:18,0.0,0.00,0.00
2023-01-14,12.1,5.8,8.9,4.1,8.3,0.1,36.4,68.8,228,11.30,3600.00,29910.08,2023-01-14T08:01,2023-01-14T16:20,11.0,0.00,11.30
2023-01-15,7.6,1.2,4.8,-0.2,2.8,-2.3,30.1,57.6,239,0.00,24323.60,30048.45,2023-01-15T08:00,2023-01-15T16:21,0.0,0.00,0.00
2023-01-16,4.8,-4.3,2.3,-2.3,0.7,-8.0,25.3,49.3,335,10.50,14719.05,30190.54,2023-01-16T08:00,2023-01-16T16:23,7.0,0.00,10.50
2023-01-17,2.7,-3.6,-1.5,-4.8,-0.6,-7.3,9.8,17.6,298,0.00,23539.03,30336.18,2023-01-17T07:59,2023-01-17T16:24,0.0,0.00,0.00
2023-01-18,4.7,-2.1,0.2,-3.9,0.1,-6.2,17.2,35.6,271,0.00,25662.73,30485.46,2023-01-18T07:58,2023-01-18T16:26,0.0,0.00,0.00
2023-01-19,4.2,-3.0,0.2,-3.3,1.2,-6.8,11.5,20.2,277,0.00,25841.45,30640.02,2023-01-19T07:57,2023-01-19T16:27,0.0,0.00,0.00
2023-01-20,5.8,0.1,2.0,-2.1,1.6,-4.1,16.8,36.0,301,0.00,26025.81,30799.85,2023-01-20T07:56,2023-01-20T16:29,0.0,0.00,0.00
2023-01-21,5.1,-2.8,0.8,-2.4,2.4,-6.8,11.7,20.9,30,0.00,24498.19,30964.62,2023-01-21T07:55,2023-01-21T16:31,0.0,0.00,0.00
2023-01-22,-0.1,-3.7,-2.1,-4.9,-2.6,-6.7,4.5,12.2,305,0.00,15084.28,31134.04,2023-01-22T07:53,2023-01-22T16:32,0.0,0.00,0.00
2023-01-23,3.0,-3.7,-0.9,-3.9,0.8,-6.9,7.4,12.6,21,0.00,24936.67,31307.80,2023-01-23T07:52,2023-01-23T16:34,0.0,0.00,0.00
2023-01-24,4.2,-2.7,1.0,-2.0,1.3,-5.7,8.0,15.8,14,0.00,24033.30,31485.59,2023-01-24T07:51,2023-01-24T16:36,0.0,0.00,0.00
2023-01-25,5.2,-2.7,0.9,-2.4,1.5,-6.0,17.7,32.0,272,1.40,0.00,31667.14,2023-01-25T07:50,2023-01-25T16:37,4.0,0.00,1.40
2023-01-26,7.7,2.7,4.6,0.4,3.4,-2.0,21.0,39.6,1,0.10,14495.00,31852.15,2023-01-26T07:48,2023-01-26T16:39,1.0,0.00,0.10
2023-01-27,7.2,-0.8,4.0,0.3,3.1,-4.1,19.9,37.4,17,0.00,19723.12,32040.36,2023-01-27T07:47,2023-01-27T16:41,0.0,0.00,0.00
2023-01-28,6.3,-0.6,3.1,0.3,3.4,-3.9,7.6,16.6,300,0.00,23100.68,32231.47,2023-01-28T07:46,2023-01-28T16:43,0.0,0.00,0.00
2023-01-29,8.5,0.3,4.5,1.1,5.2,-2.8,21.1,40.7,247,0.00,8269.99,32425.24,2023-01-29T07:44,2023-01-29T16:45,0.0,0.00,0.00
2023-01-30,8.8,1.5,6.0,2.5,5.3,-1.8,19.6,40.3,281,0.00,27699.94,32621.41,2023-01-30T07:43,2023-01-30T16:46,0.0,0.00,0.00
2023-01-31,11.4,2.7,6.7,3.0,7.4,-0.8,21.6,47.9,261,0.00,23089.31,32819.71,2023-01-31T07:41,2023-01-31T16:48,0.0,0.00,0.00
2023-02-01,9.9,4.4,6.7,2.2,5.2,-0.2,25.7,54.4,262,0.00,18075.45,33019.92,2023-02-01T07:40,2023-02-01T16:50,0.0,0.00,0.00
2023-02-02,11.1,5.1,8.0,4.2,7.4,1.4,24.2,47.5,261,0.00,9740.84,33221.79,2023-02-02T07:38,2023-02-02T16:52,0.0,0.00,0.00
2023-02-03,12.1,4.9,9.4,6.3,9.0,2.2,22.4,42.8,267,0.00,21269.16,33425.09,2023-02-03T07:37,2023-02-03T16:54,0.0,0.00,0.00
2023-02-04,9.5,5.8,7.6,5.3,6.7,3.4,12.2,24.8,267,0.30,2483.12,33629.59,2023-02-04T07:35,2023-02-04T16:56,3.0,0.00,0.30
2023-02-05,8.6,-0.6,4.6,1.2,5.5,-4.3,17.4,31.3,350,0.00,28509.94,33835.07,2023-02-05T07:33,2023-02-05T16:57,0.0,0.00,0.00
2023-02-06,8.1,-1.2,2.6,-0.1,6.0,-4.1,8.8,13.0,80,0.00,29682.12,34041.33,2023-02-06T07:32,2023-02-06T16:59,0.0,0.00,0.00
2023-02-07,5.1,-1.1,1.6,-0.8,3.2,-3.9,6.3,13.7,90,0.00,15935.62,34248.53,2023-02-07T07:30,2023-02-07T17:01,0.0,0.00,0.00
2023-02-08,6.5,-2.2,0.5,-2.4,3.3,-5.4,8.7,15.8,200,0.00,25964.18,34458.64,2023-02-08T07:28,2023-02-08T17:03,0.0,0.00,0.00
2023-02-09,8.9,-1.4,2.3,-0.9,5.8,-5.4,10.2,23.8,285,0.00,25400.06,34671.77,2023-02-09T07:27,2023-02-09T17:05,0.0,0.00,0.00
2023-02-10,7.6,-2.8,2.7,-0.6,4.0,-6.5,13.4,27.7,246,0.00,28282.22,34887.68,2023-02-10T07:25,2023-02-10T17:06,0.0,0.00,0.00
2023-02-11,10.6,6.2,7.9,5.8,8.7,3.9,11.6,23.0,272,0.00,8314.61,35106.09,2023-02-11T07:23,2023-02-11T17:08,0.0,0.00,0.00
2023-02-12,9.1,5.7,7.1,4.9,6.7,3.7,11.5,23.0,128,0.00,6712.40,35326.79,2023-02-12T07:21,2023-02-12T17:10,0.0,0.00,0.00
2023-02-13,11.2,1.7,6.0,3.4,8.9,-1.7,10.7,21.2,135,0.00,31052.13,35549.52,2023-02-13T07:19,2023-02-13T17:12,0.0,0.00,0.00
2023-02-14,12.2,0.8,5.1,2.5,10.6,-2.6,11.2,15.8,164,0.00,31260.88,35774.05,2023-02-14T07:17,2023-02-14T17:14,0.0,0.00,0.00
2023-02-15,12.9,0.8,6.7,3.6,9.8,-3.0,16.3,31.7,193,0.00,31291.21,36000.16,2023-02-15T07:16,2023-02-15T17:16,0.0,0.00,0.00
2023-02-16,12.4,7.4,9.6,6.9,10.3,4.5,20.0,35.6,226,3.80,0.00,36227.63,2023-02-16T07:14,2023-02-16T17:17,4.0,0.00,3.80
2023-02-17,13.4,9.1,11.6,8.3,10.4,4.9,30.4,62.6,252,0.10,4325.27,36456.25,2023-02-17T07:12,2023-02-17T17:19,1.0,0.00,0.10
2023-02-18,12.7,8.4,10.9,7.3,9.8,5.1,25.7,47.5,252,0.30,14.01,36685.81,2023-02-18T07:10,2023-02-18T17:21,2.0,0.00,0.30
2023-02-19,12.4,6.4,8.7,5.5,9.6,2.9,17.7,33.8,270,0.00,31765.39,36916.10,2023-02-19T07:08,2023-02-19T17:23,0.0,0.00,0.00
2023-02-20,12.6,7.2,9.6,6.4,9.9,3.9,25.2,47.5,251,0.00,14346.97,37146.93,2023-02-20T07:06,2023-02-20T17:25,0.0,0.00,0.00
2023-02-21,10.7,5.2,8.1,6.1,8.7,3.1,11.1,20.9,218,0.00,5169.46,37378.10,2023-02-21T07:04,2023-02-21T17:26,0.0,0.00,0.00
2023-02-22,8.5,3.8,6.0,3.7,6.6,0.4,11.7,21.6,283,4.80,517.49,37609.42,2023-02-22T07:01,2023-02-22T17:28,10.0,0.00,4.80
2023-02-23,8.6,0.9,5.9,2.0,4.2,-2.3,25.8,48.2,18,1.90,7140.87,37840.70,2023-02-23T06:59,2023-02-23T17:30,5.0,0.00,1.90
2023-02-24,8.9,-0.3,4.5,1.2,6.2,-3.9,14.8,28.1,342,0.00,6312.77,38071.77,2023-02-24T06:57,2023-02-24T17:32,0.0,0.00,0.00
2023-02-25,7.2,1.8,4.3,-0.2,1.8,-2.4,25.2,47.5,16,0.20,24532.12,38302.44,2023-02-25T06:55,2023-02-25T17:34,2.0,0.00,0.20
2023-02-26,7.4,1.5,4.4,-0.3,2.2,-2.8,25.0,47.2,36,0.00,22390.91,38532.54,2023-02-26T06:53,2023-02-26T17:35,0.0,0.00,0.00
2023-02-27,7.4,0.2,4.2,-0.1,2.9,-3.8,18.4,37.4,34,0.00,9878.88,38762.23,2023-02-27T06:51,2023-02-27T17:37,0.0,0.00,0.00
2023-02-28,8.1,1.2,4.9,0.7,3.3,-2.5,23.9,45.7,24,1.00,9252.80,38993.39,2023-02-28T06:49,2023-02-28T17:39,5.0,0.00,1.00
2023-03-01,7.3,4.2,5.5,2.1,3.6,0.5,18.5,38.2,39,1.50,10037.89,39226.19,2023-03-01T06:47,2023-03-01T17:41,10.0,0.00,1.50
2023-03-02,8.6,0.6,4.1,0.2,4.4,-3.4,20.8,41.0,35,0.00,34984.16,39460.43,2023-03-02T06:45,2023-03-02T17:42,0.0,0.00,0.00
2023-03-03,6.2,1.9,4.3,0.4,2.8,-1.9,17.1,33.1,28,0.30,394.68,39695.96,2023-03-03T06:43,2023-03-03T17:44,3.0,0.00,0.30
2023-03-04,6.8,3.8,5.0,1.5,3.3,0.0,13.7,27.0,353,0.00,334.07,39932.61,2023-03-04T06:40,2023-03-04T17:46,0.0,0.00,0.00
2023-03-05,5.2,0.4,3.2,-0.3,2.0,-2.7,14.7,29.5,305,0.00,19536.38,40170.20,2023-03-05T06:38,2023-03-05T17:48,0.0,0.00,0.00
2023-03-06,9.1,-1.2,4.4,0.8,4.9,-4.7,20.1,42.8,258,1.10,8277.32,40408.58,2023-03-06T06:36,2023-03-06T17:49,7.0,0.00,1.10
2023-03-07,4.8,-1.4,3.0,-0.1,1.8,-4.9,11.2,23.0,303,3.80,214.93,40647.57,2023-03-07T06:34,2023-03-07T17:51,11.0,0.00,3.80
2023-03-08,2.5,0.6,1.4,-3.1,-2.1,-3.9,20.3,39.2,69,5.60,0.00,40887.04,2023-03-08T06:32,2023-03-08T17:53,22.0,3.92,11.20
2023-03-09,11.6,1.7,6.2,3.3,9.1,-2.3,22.0,41.8,136,6.70,0.00,41126.80,2023-03-09T06:29,2023-03-09T17:55,17.0,0.14,6.90
2023-03-10,8.2,-1.4,3.9,-0.2,7.1,-4.9,31.9,61.6,345,3.60,22270.35,41366.73,2023-03-10T06:27,2023-03-10T17:56,13.0,0.00,3.60
2023-03-11,7.2,-3.2,2.7,-1.0,3.2,-7.0,15.8,32.0,138,1.00,12355.37,41606.66,2023-03-11T06:25,2023-03-11T17:58,3.0,0.98,2.40
2023-03-12,12.9,5.9,10.1,6.5,9.2,3.4,30.1,55.1,229,1.40,18526.22,41846.43,2023-03-12T06:22,2023-03-12T18:00,5.0,0.00,1.40
2023-03-13,13.6,9.3,11.5,6.3,7.6,5.4,43.0,79.9,220,1.30,31607.95,42085.90,2023-03-13T06:20,2023-03-13T18:02,7.0,0.00,1.30
2023-03-14,9.6,4.0,6.3,1.6,6.1,-1.6,25.2,47.2,288,4.40,22308.84,42324.91,2023-03-14T06:18,2023-03-14T18:03,9.0,0.07,4.50
2023-03-15,7.9,-0.6,4.7,1.3,4.1,-4.0,20.2,37.4,193,2.70,14447.75,42563.33,2023-03-15T06:16,2023-03-15T18:05,8.0,0.00,2.70
2023-03-16,13.2,7.6,10.4,6.9,9.0,3.7,25.0,47.9,196,2.10,10920.64,42800.99,2023-03-16T06:13,2023-03-16T18:07,8.0,0.00,2.10
2023-03-17,13.4,8.2,10.7,8.7,11.3,6.1,15.4,35.3,194,3.00,17640.62,43037.74,2023-03-17T06:11,2023-03-17T18:08,7.0,0.00,3.00
2023-03-18,13.2,7.9,10.1,8.2,11.9,5.5,12.6,22.7,198,1.60,18359.82,43273.44,2023-03-18T06:09,2023-03-18T18:10,9.0,0.00,1.60
2023-03-19,10.7,5.2,8.3,5.1,8.0,1.7,19.1,36.7,293,1.20,28197.08,43508.23,2023-03-19T06:07,2023-03-19T18:12,7.0,0.00,1.20
2023-03-20,12.9,7.0,9.8,7.0,9.9,4.4,20.7,42.5,219,4.10,729.66,43743.84,2023-03-20T06:04,2023-03-20T18:14,9.0,0.00,4.10
2023-03-21,14.1,8.7,10.9,7.2,9.6,5.4,27.2,54.7,213,1.00,30355.58,43980.41,2023-03-21T06:02,2023-03-21T18:15,5.0,0.00,1.00
2023-03-22,15.1,9.8,11.4,7.1,10.4,4.9,31.9,64.1,212,3.60,9437.72,44217.83,2023-03-22T06:00,2023-03-22T18:17,14.0,0.00,3.60
2023-03-23,13.4,7.8,10.5,6.1,8.4,4.1,32.4,65.5,217,6.40,30272.73,44455.94,2023-03-23T05:58,2023-03-23T18:19,14.0,0.00,6.40
2023-03-24,12.0,7.3,9.5,5.1,7.1,3.4,29.5,65.2,226,2.40,36812.22,44694.62,2023-03-24T05:55,2023-03-24T18:20,6.0,0.00,2.40
2023-03-25,13.4,7.6,9.9,5.2,8.4,2.3,34.2,66.2,249,0.70,39035.87,44933.72,2023-03-25T05:53,2023-03-25T18:22,5.0,0.00,0.70
2023-03-26,9.1,2.9,7.3,4.5,6.3,-0.0,21.6,42.1,26,8.20,4718.02,45173.11,2023-03-26T05:51,2023-03-26T18:24,14.0,0.00,8.20
2023-03-27,10.0,2.8,6.1,3.1,7.0,-0.1,10.9,22.0,274,0.00,37279.47,45412.65,2023-03-27T05:48,2023-03-27T18:25,0.0,0.00,0.00
2023-03-28,9.1,4.6,7.4,3.6,7.4,0.7,22.0,45.0,178,2.90,0.00,45652.20,2023-03-28T05:46,2023-03-28T18:27,12.0,0.00,2.90
2023-03-29,13.8,8.5,11.5,9.0,11.1,6.7,25.6,48.6,204,3.60,2239.03,45891.63,2023-03-29T05:44,2023-03-29T18:29,6.0,0.00,3.60
2023-03-30,15.1,10.0,11.9,8.2,11.5,6.6,27.6,55.1,222,3.70,38014.57,46130.79,2023-03-30T05:42,2023-03-30T18:30,9.0,0.00,3.70
2023-03-31,13.4,9.8,10.8,7.0,9.1,5.7,27.9,59.4,237,16.70,4972.61,46369.54,2023-03-31T05:39,2023-03-31T18:32,22.0,0.00,16.70
2023-04-01,11.4,8.4,9.6,6.7,7.9,5.0,18.0,36.7,337,0.70,9917.07,46607.73,2023-04-01T05:37,2023-04-01T18:34,6.0,0.00,0.70
2023-04-02,10.6,2.9,7.7,3.9,6.8,-0.6,20.5,40.0,20,0.00,20352.57,46845.22,2023-04-02T05:35,2023-04-02T18:35,0.0,0.00,0.00
2023-04-03,11.4,1.1,5.8,2.3,7.9,-2.0,15.9,32.0,72,0.00,39033.97,47081.86,2023-04-03T05:32,2023-04-03T18:37,0.0,0.00,0.00
2023-04-04,12.4,-0.2,5.9,3.3,11.1,-3.7,10.6,25.2,114,0.00,42992.16,47317.49,2023-04-04T05:30,2023-04-04T18:39,0.0,0.00,0.00
2023-04-05,11.8,0.6,6.6,4.0,9.1,-2.7,12.0,23.4,210,1.90,13231.78,47551.98,2023-04-05T05:28,2023-04-05T18:40,5.0,0.00,1.90
2023-04-06,13.1,5.7,9.4,6.7,9.9,2.1,20.1,41.8,272,7.90,21600.00,47785.14,2023-04-06T05:26,2023-04-06T18:42,11.0,0.00,7.90
2023-04-07,13.9,3.8,8.6,6.0,11.8,0.7,12.7,23.0,344,0.50,43244.73,48016.83,2023-04-07T05:23,2023-04-07T18:44,3.0,0.00,0.50
2023-04-08,14.0,2.5,8.0,5.8,11.8,-0.2,11.2,20.9,90,0.00,37678.56,48247.18,2023-04-08T05:21,2023-04-08T18:45,0.0,0.00,0.00
2023-04-09,15.0,3.4,9.4,7.1,13.1,1.1,12.8,28.4,148,0.00,33032.02,48477.83,2023-04-09T05:19,2023-04-09T18:47,0.0,0.00,0.00
2023-04-10,14.2,7.5,10.7,6.8,10.7,2.8,31.8,67.0,228,7.90,21891.13,48708.94,2023-04-10T05:17,2023-04-10T18:49,15.0,0.00,7.90
2023-04-11,12.8,5.9,8.7,4.1,8.2,1.3,34.6,64.8,220,9.70,21860.91,48940.36,2023-04-11T05:15,2023-04-11T18:50,11.0,0.00,9.70
2023-04-12,11.0,4.8,7.4,2.6,4.4,0.5,39.2,79.6,230,4.50,35149.00,49171.96,2023-04-12T05:13,2023-04-12T18:52,8.0,0.35,5.00
2023-04-13,12.2,3.8,8.4,3.9,8.0,0.8,27.0,49.7,259,0.30,44304.28,49403.59,2023-04-13T05:10,2023-04-13T18:54,2.0,0.00,0.30
2023-04-14,9.5,2.2,7.1,4.2,6.2,-0.7,20.6,41.4,132,8.60,8448.58,49635.11,2023-04-14T05:08,2023-04-14T18:55,15.0,0.00,8.60
2023-04-15,13.6,5.2,9.5,6.9,11.6,3.0,18.6,37.4,352,1.70,24949.28,49866.38,2023-04-15T05:06,2023-04-15T18:57,8.0,0.00,1.70
2023-04-16,14.1,6.1,9.8,8.3,12.5,4.1,7.6,14.0,233,0.00,4057.29,50097.23,2023-04-16T05:04,2023-04-16T18:59,0.0,0.00,0.00
2023-04-17,15.9,6.8,10.7,8.7,14.0,4.4,15.8,29.9,74,0.40,29967.63,50327.50,2023-04-17T05:02,2023-04-17T19:01,2.0,0.00,0.40
2023-04-18,12.2,7.2,9.1,5.2,6.7,3.7,29.2,56.2,55,0.30,17078.62,50557.04,2023-04-18T05:00,2023-04-18T19:02,2.0,0.00,0.30
2023-04-19,14.9,6.5,10.3,6.0,10.4,1.9,27.6,54.4,65,0.10,42470.18,50785.69,2023-04-19T04:57,2023-04-19T19:04,1.0,0.00,0.10
2023-04-20,14.9,5.3,8.9,4.8,10.6,1.5,26.4,52.9,38,1.50,38838.42,51013.27,2023-04-20T04:55,2023-04-20T19:06,3.0,0.00,1.50
2023-04-21,11.1,4.2,7.2,4.6,8.1,1.6,16.4,30.6,53,4.40,18886.79,51239.62,2023-04-21T04:53,2023-04-21T19:07,9.0,0.00,4.40
2023-04-22,13.0,1.8,8.1,5.7,10.2,-0.4,16.7,30.6,188,0.90,36660.89,51464.54,2023-04-22T04:51,2023-04-22T19:09,3.0,0.00,0.90
2023-04-23,13.6,7.0,10.3,7.7,11.1,4.4,19.6,38.5,245,3.90,19488.86,51687.87,2023-04-23T04:49,2023-04-23T19:11,12.0,0.00,3.90
2023-04-24,11.8,4.9,8.0,5.5,10.6,1.5,19.6,36.7,351,16.10,23849.44,51909.41,2023-04-24T04:47,2023-04-24T19:12,8.0,0.00,16.10
2023-04-25,10.5,1.6,6.7,3.5,7.6,-1.9,12.3,27.4,22,0.00,40858.62,52128.95,2023-04-25T04:45,2023-04-25T19:14,0.0,0.00,0.00
2023-04-26,11.5,3.6,7.9,5.1,9.2,1.0,13.1,28.1,119,0.00,18424.46,52346.32,2023-04-26T04:43,2023-04-26T19:16,0.0,0.00,0.00
2023-04-27,13.6,4.8,9.3,6.4,9.8,2.4,18.8,37.1,114,6.00,3480.67,52561.29,2023-04-27T04:41,2023-04-27T19:17,10.0,0.00,6.00
2023-04-28,17.2,7.5,13.2,11.4,14.8,5.4,20.2,39.6,278,1.00,28938.50,52773.97,2023-04-28T04:39,2023-04-28T19:19,7.0,0.00,1.00
2023-04-29,17.5,4.9,11.4,10.1,16.4,2.6,8.6,16.6,102,0.00,48842.03,52985.94,2023-04-29T04:37,2023-04-29T19:20,0.0,0.00,0.00
2023-04-30,16.3,4.8,11.2,9.2,14.1,2.5,15.5,32.0,178,0.00,35368.61,53197.34,2023-04-30T04:35,2023-04-30T19:22,0.0,0.00,0.00
2023-05-01,17.0,8.5,12.4,10.6,14.6,6.9,14.9,31.3,304,0.60,34376.49,53408.01,2023-05-01T04:34,2023-05-01T19:24,6.0,0.00,0.60
2023-05-02,14.9,6.7,10.6,8.3,13.2,3.9,16.0,30.2,75,0.50,19116.43,53617.79,2023-05-02T04:32,2023-05-02T19:25,4.0,0.00,0.50
2023-05-03,14.3,5.2,9.6,6.4,11.8,2.5,21.9,42.1,80,0.00,49622.33,53826.49,2023-05-03T04:30,2023-05-03T19:27,0.0,0.00,0.00
2023-05-04,18.5,7.6,13.1,10.4,16.3,4.1,22.2,44.3,107,0.60,34157.83,54033.95,2023-05-04T04:28,2023-05-04T19:29,2.0,0.00,0.60
2023-05-05,17.5,10.3,13.6,11.7,14.9,9.0,19.2,40.7,206,1.50,32623.41,54239.98,2023-05-05T04:26,2023-05-05T19:30,8.0,0.00,1.50
2023-05-06,14.3,9.2,12.5,11.3,13.3,8.0,19.8,40.0,166,6.30,651.45,54444.38,2023-05-06T04:24,2023-05-06T19:32,12.0,0.00,6.30
2023-05-07,18.6,11.3,14.8,14.2,18.2,10.5,9.8,21.6,264,0.40,25357.85,54646.97,2023-05-07T04:23,2023-05-07T19:33,3.0,0.00,0.40
2023-05-08,15.1,8.4,12.3,10.3,12.4,6.7,22.9,43.2,200,6.20,3600.00,54847.54,2023-05-08T04:21,2023-05-08T19:35,8.0,0.00,6.20
2023-05-09,17.0,10.6,13.6,12.5,16.1,9.7,13.8,34.9,260,4.90,17151.47,55045.90,2023-05-09T04:19,2023-05-09T19:37,13.0,0.00,4.90
2023-05-10,17.0,9.3,12.7,11.2,16.8,7.4,15.2,35.3,270,4.00,41617.17,55241.82,2023-05-10T04:18,2023-05-10T19:38,7.0,0.00,4.00
2023-05-11,16.9,8.1,12.3,11.2,15.8,6.6,10.2,22.3,286,1.90,47008.90,55435.10,2023-05-11T04:16,2023-05-11T19:40,9.0,0.00,1.90
2023-05-12,12.9,9.0,11.1,7.9,9.2,7.2,28.8,55.1,18,0.90,675.71,55625.50,2023-05-12T04:14,2023-05-12T19:41,4.0,0.00,0.90
2023-05-13,14.9,8.4,11.6,9.2,12.7,6.6,18.4,36.0,23,0.00,21006.81,55812.79,2023-05-13T04:13,2023-05-13T19:43,0.0,0.00,0.00
2023-05-14,19.4,6.2,12.9,12.1,19.8,4.3,11.5,25.6,294,0.90,37954.44,55996.75,2023-05-14T04:11,2023-05-14T19:44,2.0,0.00,0.90
2023-05-15,14.9,7.2,11.9,8.9,11.1,5.3,22.1,45.7,344,0.70,38510.66,56177.13,2023-05-15T04:10,2023-05-15T19:46,2.0,0.00,0.70
2023-05-16,16.5,6.3,11.4,9.1,14.4,3.9,17.1,36.4,328,0.10,49296.18,56353.68,2023-05-16T04:08,2023-05-16T19:47,1.0,0.00,0.10
2023-05-17,17.0,7.3,12.5,11.0,16.1,5.3,10.3,20.5,347,0.30,46199.16,56526.14,2023-05-17T04:07,2023-05-17T19:49,3.0,0.00,0.30
2023-05-18,18.2,9.1,13.3,12.4,17.9,8.0,10.1,20.2,89,0.80,40159.81,56694.54,2023-05-18T04:05,2023-05-18T19:50,6.0,0.00,0.80
2023-05-19,16.9,8.9,12.4,10.8,16.0,7.1,13.3,28.1,58,0.60,31040.52,56860.21,2023-05-19T04:04,2023-05-19T19:52,4.0,0.00,0.60
2023-05-20,18.7,7.2,13.2,10.4,15.9,4.4,19.4,40.0,34,0.00,51227.49,57023.27,2023-05-20T04:03,2023-05-20T19:53,0.0,0.00,0.00
2023-05-21,18.2,7.8,13.1,10.2,15.1,5.0,23.4,45.7,21,0.00,50289.61,57183.54,2023-05-21T04:02,2023-05-21T19:55,0.0,0.00,0.00
2023-05-22,18.9,9.9,14.3,11.8,16.6,7.2,22.0,42.8,4,0.00,35545.28,57340.84,2023-05-22T04:00,2023-05-22T19:56,0.0,0.00,0.00
2023-05-23,17.0,8.9,13.1,11.0,15.2,6.4,14.2,29.9,28,0.00,44498.94,57495.00,2023-05-23T03:59,2023-05-23T19:57,0.0,0.00,0.00
2023-05-24,20.8,8.9,14.8,13.2,19.5,7.1,14.8,30.2,350,0.00,51523.21,57645.81,2023-05-24T03:58,2023-05-24T19:59,0.0,0.00,0.00
2023-05-25,18.3,8.8,13.9,12.3,16.6,7.5,14.8,31.0,54,0.00,26918.19,57793.11,2023-05-25T03:57,2023-05-25T20:00,0.0,0.00,0.00
2023-05-26,18.1,7.8,12.9,10.4,16.4,5.4,16.9,35.6,61,0.00,52290.48,57936.70,2023-05-26T03:56,2023-05-26T20:01,0.0,0.00,0.00
2023-05-27,19.4,7.5,13.3,11.7,18.8,5.1,15.3,31.0,62,0.00,52205.66,58076.38,2023-05-27T03:55,2023-05-27T20:03,0.0,0.00,0.00
2023-05-28,21.0,6.4,14.5,12.1,19.0,4.3,21.1,41.8,55,0.00,51232.23,58211.96,2023-05-28T03:54,2023-05-28T20:04,0.0,0.00,0.00
2023-05-29,17.0,8.1,12.6,9.1,14.6,4.8,24.0,47.5,49,0.00,53191.72,58343.23,2023-05-29T03:53,2023-05-29T20:05,0.0,0.00,0.00
2023-05-30,17.3,8.4,13.0,9.7,15.2,4.9,25.0,48.2,45,0.00,44423.82,58469.99,2023-05-30T03:52,2023-05-30T20:06,0.0,0.00,0.00
2023-05-31,18.5,10.9,14.1,11.2,15.6,8.2,21.7,41.8,50,0.10,29873.29,58592.05,2023-05-31T03:51,2023-05-31T20:07,1.0,0.00,0.10
2023-06-01,17.9,10.1,13.4,10.5,16.4,6.5,20.6,40.3,43,0.00,41295.01,58709.19,2023-06-01T03:50,2023-06-01T20:09,0.0,0.00,0.00
2023-06-02,17.6,10.2,13.2,10.2,15.6,6.7,20.6,39.6,44,0.00,46401.54,58821.21,2023-06-02T03:49,2023-06-02T20:10,0.0,0.00,0.00
2023-06-03,21.0,7.7,14.7,12.2,18.0,5.0,18.9,37.8,50,0.00,49233.98,58927.90,2023-06-03T03:49,2023-06-03T20:11,0.0,0.00,0.00
2023-06-04,21.0,8.9,15.2,13.3,20.2,6.2,16.1,34.9,50,0.00,53703.17,59029.04,2023-06-04T03:48,2023-06-04T20:12,0.0,0.00,0.00
2023-06-05,17.9,8.2,13.3,10.8,16.6,5.6,18.1,36.0,44,0.00,46518.88,59124.44,2023-06-05T03:47,2023-06-05T20:13,0.0,0.00,0.00
2023-06-06,16.8,10.9,13.2,10.2,13.9,7.3,19.6,38.2,51,0.00,29770.30,59213.88,2023-06-06T03:47,2023-06-06T20:14,0.0,0.00,0.00
2023-06-07,20.1,8.6,14.5,12.6,19.1,6.0,17.3,35.6,59,0.00,54520.44,59297.29,2023-06-07T03:46,2023-06-07T20:14,0.0,0.00,0.00
2023-06-08,21.2,8.8,15.1,13.0,20.2,6.2,20.0,37.8,59,0.00,54610.84,59375.38,2023-06-08T03:46,2023-06-08T20:15,0.0,0.00,0.00
2023-06-09,24.3,10.9,18.0,16.3,23.8,8.0,20.7,41.8,61,0.00,54630.52,59448.16,2023-06-09T03:45,2023-06-09T20:16,0.0,0.00,0.00
2023-06-10,28.5,14.9,21.7,21.2,29.2,13.8,16.7,38.5,76,0.00,53894.16,59515.61,2023-06-10T03:45,2023-06-10T20:17,0.0,0.00,0.00
2023-06-11,29.0,14.8,20.9,22.3,31.6,14.6,18.1,36.4,45,5.10,36310.27,59577.63,2023-06-11T03:45,2023-06-11T20:18,2.0,0.00,5.10
2023-06-12,26.6,16.6,20.7,22.5,29.6,17.2,12.2,29.9,71,7.30,42327.93,59634.16,2023-06-12T03:44,2023-06-12T20:18,8.0,0.00,7.30
2023-06-13,27.1,13.9,20.1,18.9,26.2,12.3,22.3,43.9,55,0.00,54880.70,59685.14,2023-06-13T03:44,2023-06-13T20:19,0.0,0.00,0.00
2023-06-14,26.8,11.1,19.3,18.3,27.1,9.3,17.6,33.8,56,0.00,54920.05,59730.50,2023-06-14T03:44,2023-06-14T20:19,0.0,0.00,0.00
2023-06-15,25.9,12.4,19.5,19.1,26.1,11.8,14.8,27.0,58,0.00,54954.43,59770.18,2023-06-15T03:44,2023-06-15T20:20,0.0,0.00,0.00
2023-06-16,25.7,12.3,19.7,19.1,26.3,11.7,16.3,29.9,75,0.00,54983.80,59804.15,2023-06-16T03:44,2023-06-16T20:21,0.0,0.00,0.00
2023-06-17,24.0,12.9,19.0,18.7,24.8,11.7,13.6,28.1,87,0.60,49276.93,59832.35,2023-06-17T03:44,2023-06-17T20:21,1.0,0.00,0.60
2023-06-18,24.9,15.6,19.4,19.8,25.5,15.7,15.9,32.8,170,11.90,30278.71,59854.72,2023-06-18T03:44,2023-06-18T20:21,8.0,0.00,11.90
2023-06-19,22.4,14.2,18.4,18.1,21.8,13.9,19.7,40.3,210,0.90,51059.11,59871.22,2023-06-19T03:44,2023-06-19T20:22,6.0,0.00,0.90
2023-06-20,22.0,14.8,18.7,18.7,21.6,15.1,21.0,42.5,190,5.10,32923.65,59881.84,2023-06-20T03:44,2023-06-20T20:22,8.0,0.00,5.10
2023-06-21,23.0,14.9,19.1,19.0,22.5,15.1,14.5,32.0,226,0.80,49289.84,59886.52,2023-06-21T03:44,2023-06-21T20:22,8.0,0.00,0.80
2023-06-22,26.2,12.8,20.1,20.9,27.2,12.7,11.3,22.0,306,0.00,53154.96,59885.23,2023-06-22T03:44,2023-06-22T20:23,0.0,0.00,0.00
2023-06-23,25.2,15.2,20.4,20.8,25.6,16.1,15.7,29.9,236,0.00,52057.33,59877.97,2023-06-23T03:45,2023-06-23T20:23,0.0,0.00,0.00
2023-06-24,26.0,15.1,21.0,21.9,27.5,15.6,13.1,28.1,226,0.30,49381.80,59864.70,2023-06-24T03:45,2023-06-24T20:23,3.0,0.00,0.30
2023-06-25,28.2,14.8,21.6,21.1,28.7,13.7,25.1,48.6,205,0.10,54299.89,59845.41,2023-06-25T03:45,2023-06-25T20:23,1.0,0.00,0.10
2023-06-26,22.0,13.6,18.1,15.8,19.0,12.5,22.0,43.9,269,0.20,45202.54,59820.10,2023-06-26T03:46,2023-06-26T20:23,2.0,0.00,0.20
2023-06-27,21.6,14.2,18.4,17.3,19.9,13.8,18.7,35.3,245,0.10,18565.86,59788.69,2023-06-27T03:46,2023-06-27T20:23,1.0,0.00,0.10
2023-06-28,24.3,16.5,20.3,20.6,24.4,16.8,14.3,29.2,241,0.90,15404.89,59750.86,2023-06-28T03:47,2023-06-28T20:23,4.0,0.00,0.90
2023-06-29,22.1,15.2,18.2,17.8,21.5,14.9,15.7,30.6,322,4.40,34759.09,59706.65,2023-06-29T03:47,2023-06-29T20:22,9.0,0.00,4.40
2023-06-30,18.6,11.8,16.4,14.6,17.4,10.2,29.5,54.4,229,0.80,14552.01,59656.22,2023-06-30T03:48,2023-06-30T20:22,7.0,0.00,0.80
2023-07-01,21.5,15.4,18.7,16.8,18.4,13.7,22.7,43.6,273,0.40,40289.09,59599.72,2023-07-01T03:49,2023-07-01T20:22,4.0,0.00,0.40
2023-07-02,19.5,12.0,16.2,13.2,16.6,10.3,25.9,50.4,264,0.00,54495.45,59537.28,2023-07-02T03:49,2023-07-02T20:22,0.0,0.00,0.00
2023-07-03,19.0,11.9,15.5,12.0,14.5,9.8,29.8,59.8,253,0.40,39184.88,59469.05,2023-07-03T03:50,2023-07-03T20:21,3.0,0.00,0.40
2023-07-04,18.5,12.9,14.9,13.3,17.0,10.7,17.5,32.8,240,16.50,17246.80,59395.20,2023-07-04T03:51,2023-07-04T20:21,12.0,0.00,16.50
2023-07-05,19.2,10.7,15.2,12.7,16.5,8.5,22.3,43.9,270,2.20,54419.61,59315.86,2023-07-05T03:52,2023-07-05T20:20,5.0,0.00,2.20
2023-07-06,20.8,11.0,16.1,14.3,18.8,9.9,21.7,42.1,217,0.00,46495.87,59231.20,2023-07-06T03:53,2023-07-06T20:20,0.0,0.00,0.00
2023-07-07,27.0,10.6,20.1,19.6,27.4,8.8,17.3,33.8,135,0.00,54313.65,59141.36,2023-07-07T03:54,2023-07-07T20:19,0.0,0.00,0.00
2023-07-08,24.4,18.5,21.1,21.8,25.9,18.1,16.0,38.2,146,6.70,40508.35,59046.53,2023-07-08T03:54,2023-07-08T20:19,7.0,0.00,6.70
2023-07-09,22.4,14.2,18.4,17.9,21.4,14.7,21.4,40.7,210,1.60,32715.04,58946.84,2023-07-09T03:55,2023-07-09T20:18,6.0,0.00,1.60
2023-07-10,22.8,12.7,18.4,16.9,20.9,12.3,30.1,56.9,203,1.00,37215.95,58842.46,2023-07-10T03:56,2023-07-10T20:17,2.0,0.00,1.00
2023-07-11,22.2,16.3,18.8,17.1,19.6,15.1,25.7,49.0,220,4.50,32740.64,58733.54,2023-07-11T03:58,2023-07-11T20:16,10.0,0.00,4.50
2023-07-12,20.9,13.4,17.4,15.3,18.1,12.3,23.4,47.2,250,0.40,53408.15,58620.25,2023-07-12T03:59,2023-07-12T20:16,4.0,0.00,0.40
2023-07-13,21.3,12.9,17.3,15.9,19.8,11.9,18.0,37.1,244,0.40,48703.45,58502.75,2023-07-13T04:00,2023-07-13T20:15,2.0,0.00,0.40
2023-07-14,19.6,13.0,16.5,15.7,18.3,12.8,27.4,55.4,169,10.70,0.00,58381.18,2023-07-14T04:01,2023-07-14T20:14,13.0,0.00,10.70
2023-07-15,19.1,14.9,16.8,13.6,15.5,11.8,41.3,74.9,212,3.10,42726.89,58255.71,2023-07-15T04:02,2023-07-15T20:13,13.0,0.00,3.10
2023-07-16,20.0,13.9,16.6,13.4,16.8,10.7,29.3,54.7,234,0.20,45136.71,58126.46,2023-07-16T04:03,2023-07-16T20:12,2.0,0.00,0.20
2023-07-17,20.8,12.2,16.6,14.9,19.9,11.0,21.7,43.6,249,0.50,50438.50,57993.41,2023-07-17T04:04,2023-07-17T20:11,5.0,0.00,0.50
2023-07-18,21.5,11.4,16.8,15.9,19.9,10.9,18.9,37.4,227,0.30,39865.58,57855.36,2023-07-18T04:06,2023-07-18T20:10,2.0,0.00,0.30
2023-07-19,22.0,13.9,17.7,16.8,21.2,13.2,18.1,36.0,287,0.70,38969.40,57712.34,2023-07-19T04:07,2023-07-19T20:09,5.0,0.00,0.70
2023-07-20,21.5,11.9,17.1,16.3,21.7,11.0,12.2,24.5,319,0.00,51354.92,57564.60,2023-07-20T04:08,2023-07-20T20:08,0.0,0.00,0.00
2023-07-21,20.0,11.1,16.1,14.6,18.2,9.7,16.5,32.0,283,0.20,42631.75,57412.38,2023-07-21T04:09,2023-07-21T20:06,2.0,0.00,0.20
2023-07-22,18.2,12.9,15.4,13.3,14.8,11.9,29.3,52.9,214,7.30,7660.27,57255.96,2023-07-22T04:11,2023-07-22T20:05,16.0,0.00,7.30
2023-07-23,22.1,15.8,18.7,17.1,20.2,13.3,27.4,54.0,230,1.40,50490.17,57095.54,2023-07-23T04:12,2023-07-23T20:04,10.0,0.00,1.40
2023-07-24,17.5,13.0,15.7,14.9,16.2,11.8,16.9,33.5,358,4.70,18365.79,56931.38,2023-07-24T04:14,2023-07-24T20:02,13.0,0.00,4.70
2023-07-25,19.8,11.9,15.4,14.2,17.3,11.0,17.3,33.5,306,2.60,51089.20,56763.70,2023-07-25T04:15,2023-07-25T20:01,6.0,0.00,2.60
2023-07-26,21.0,9.1,15.6,14.4,19.1,7.8,20.2,37.8,220,12.20,31858.59,56592.74,2023-07-26T04:16,2023-07-26T20:00,7.0,0.00,12.20
2023-07-27,21.5,16.2,19.1,18.8,22.0,14.9,23.5,43.6,237,7.00,8322.12,56418.71,2023-07-27T04:18,2023-07-27T19:58,14.0,0.00,7.00
2023-07-28,22.1,15.6,18.5,18.1,22.0,15.7,19.4,37.8,234,0.40,24334.09,56241.84,2023-07-28T04:19,2023-07-28T19:57,3.0,0.00,0.40
2023-07-29,21.8,14.6,17.9,16.4,19.7,12.7,24.7,49.7,246,1.10,41857.92,56062.32,2023-07-29T04:21,2023-07-29T19:55,7.0,0.00,1.10
2023-07-30,20.1,14.2,16.9,14.8,17.5,12.0,26.6,50.8,240,3.90,26372.30,55880.37,2023-07-30T04:22,2023-07-30T19:54,10.0,0.00,3.90
2023-07-31,20.5,15.0,17.8,16.3,19.0,13.4,25.5,46.4,241,3.10,18684.62,55696.20,2023-07-31T04:24,2023-07-31T19:52,9.0,0.00,3.10
2023-08-01,21.6,13.9,17.5,15.7,19.3,12.1,23.1,44.3,254,0.40,39122.11,55509.98,2023-08-01T04:25,2023-08-01T19:50,3.0,0.00,0.40
2023-08-02,18.8,14.8,17.1,16.0,19.3,14.2,26.4,52.2,233,12.50,28888.14,55321.92,2023-08-02T04:27,2023-08-02T19:49,17.0,0.00,12.50
2023-08-03,20.8,13.8,16.9,15.7,20.0,12.0,17.4,34.2,326,0.00,45720.78,55132.21,2023-08-03T04:28,2023-08-03T19:47,0.0,0.00,0.00
2023-08-04,18.8,13.1,16.2,15.1,17.9,11.9,17.6,33.8,306,0.60,21094.01,54941.01,2023-08-04T04:30,2023-08-04T19:45,4.0,0.00,0.60
2023-08-05,18.7,13.3,15.0,13.5,19.8,10.1,27.7,51.8,282,22.90,9685.55,54748.50,2023-08-05T04:31,2023-08-05T19:44,15.0,0.00,22.90
2023-08-06,18.5,10.6,14.7,12.3,16.4,7.8,22.7,42.5,309,0.40,49892.67,54554.59,2023-08-06T04:33,2023-08-06T19:42,3.0,0.00,0.40
2023-08-07,20.1,10.7,15.5,13.7,17.7,9.5,16.6,34.6,274,0.00,41752.72,54357.73,2023-08-07T04:34,2023-08-07T19:40,0.0,0.00,0.00
2023-08-08,17.8,11.2,15.0,14.3,17.8,10.1,19.3,36.4,246,2.10,701.10,54157.87,2023-08-08T04:36,2023-08-08T19:38,9.0,0.00,2.10
2023-08-09,23.5,10.7,17.6,17.8,23.7,9.8,14.2,24.5,281,0.00,49640.39,53955.24,2023-08-09T04:37,2023-08-09T19:37,0.0,0.00,0.00
2023-08-10,25.2,12.6,19.2,19.6,26.1,12.5,15.2,31.3,182,0.00,49541.87,53750.05,2023-08-10T04:39,2023-08-10T19:35,0.0,0.00,0.00
2023-08-11,23.4,16.0,20.0,19.9,22.8,15.9,20.7,42.5,218,1.20,37508.72,53542.53,2023-08-11T04:41,2023-08-11T19:33,5.0,0.00,1.20
2023-08-12,21.0,13.9,17.7,16.0,18.4,13.1,28.6,54.4,223,0.90,39642.83,53332.86,2023-08-12T04:42,2023-08-12T19:31,8.0,0.00,0.90
2023-08-13,21.6,15.1,18.0,16.5,19.1,14.2,23.5,45.0,219,0.20,42536.40,53121.27,2023-08-13T04:44,2023-08-13T19:29,2.0,0.00,0.20
2023-08-14,20.9,14.6,17.8,17.1,19.1,14.7,26.5,52.9,198,17.50,21487.93,52907.95,2023-08-14T04:45,2023-08-14T19:27,13.0,0.00,17.50
2023-08-15,22.4,12.3,17.8,17.4,22.5,11.7,15.5,31.0,255,0.00,46930.37,52693.07,2023-08-15T04:47,2023-08-15T19:25,0.0,0.00,0.00
2023-08-16,24.2,12.5,18.5,18.4,24.1,12.0,13.5,23.4,52,0.20,47895.71,52476.84,2023-08-16T04:48,2023-08-16T19:23,2.0,0.00,0.20
2023-08-17,23.1,14.8,18.5,17.6,22.0,14.4,21.3,40.7,81,0.40,48152.23,52259.42,2023-08-17T04:50,2023-08-17T19:21,2.0,0.00,0.40
2023-08-18,24.6,15.7,19.8,19.9,24.6,14.7,19.9,42.8,93,7.70,24773.80,52041.00,2023-08-18T04:52,2023-08-18T19:19,9.0,0.00,7.70
2023-08-19,22.7,15.6,19.6,18.7,21.1,15.2,25.8,49.3,215,0.10,47625.70,51821.74,2023-08-19T04:53,2023-08-19T19:17,1.0,0.00,0.10
2023-08-20,23.6,15.1,18.8,18.6,23.1,15.3,16.6,33.5,227,0.50,42311.09,51601.81,2023-08-20T04:55,2023-08-20T19:15,5.0,0.00,0.50
2023-08-21,22.5,13.2,17.8,17.5,21.6,13.4,16.1,32.4,227,0.00,38342.23,51381.36,2023-08-21T04:56,2023-08-21T19:13,0.0,0.00,0.00
2023-08-22,24.0,14.6,19.0,18.7,23.2,14.3,16.6,33.5,252,0.30,39575.89,51160.57,2023-08-22T04:58,2023-08-22T19:11,3.0,0.00,0.30
2023-08-23,24.6,12.2,18.8,19.4,25.2,12.0,8.6,15.5,226,0.00,44794.17,50939.56,2023-08-23T05:00,2023-08-23T19:09,0.0,0.00,0.00
2023-08-24,24.7,15.4,19.6,20.4,25.8,16.4,12.5,23.8,264,4.90,22636.66,50718.51,2023-08-24T05:01,2023-08-24T19:07,4.0,0.00,4.90
2023-08-25,19.7,13.1,16.2,14.8,17.9,12.2,16.1,31.3,277,0.10,39010.39,50497.54,2023-08-25T05:03,2023-08-25T19:04,1.0,0.00,0.10
2023-08-26,18.9,11.3,14.9,13.8,17.1,10.7,15.4,32.4,247,0.60,35390.48,50276.53,2023-08-26T05:04,2023-08-26T19:02,4.0,0.00,0.60
2023-08-27,19.0,10.3,15.0,13.2,16.9,8.8,19.2,38.5,286,0.60,37902.00,50053.90,2023-08-27T05:06,2023-08-27T19:00,5.0,0.00,0.60
2023-08-28,20.0,11.3,15.5,14.3,18.6,10.4,15.8,32.0,316,0.30,41425.44,49829.55,2023-08-28T05:08,2023-08-28T18:58,3.0,0.00,0.30
2023-08-29,20.1,11.0,15.6,14.5,18.0,10.1,16.9,31.3,246,0.20,23394.05,49603.66,2023-08-29T05:09,2023-08-29T18:56,1.0,0.00,0.20
2023-08-30,19.4,10.9,15.4,13.4,16.7,9.3,20.0,38.2,296,0.40,43690.73,49376.36,2023-08-30T05:11,2023-08-30T18:54,4.0,0.00,0.40
2023-08-31,17.6,10.1,14.1,13.5,16.1,8.9,15.8,29.9,153,1.30,7039.50,49147.83,2023-08-31T05:12,2023-08-31T18:51,6.0,0.00,1.30
2023-09-01,21.6,14.6,17.7,18.8,23.1,15.0,7.7,16.2,20,1.40,21600.00,48918.23,2023-09-01T05:14,2023-09-01T18:49,8.0,0.00,1.40
2023-09-02,23.0,15.4,18.7,18.9,22.8,16.0,14.7,29.9,58,0.50,25930.54,48687.70,2023-09-02T05:16,2023-09-02T18:47,4.0,0.00,0.50
2023-09-03,24.5,13.1,18.5,19.3,25.3,13.3,10.4,20.5,67,0.00,39744.61,48456.39,2023-09-03T05:17,2023-09-03T18:45,0.0,0.00,0.00
2023-09-04,27.6,15.1,20.2,20.2,28.2,15.1,16.8,31.7,73,0.00,43305.03,48224.45,2023-09-04T05:19,2023-09-04T18:42,0.0,0.00,0.00
2023-09-05,28.1,15.8,21.0,21.1,28.2,15.3,15.5,32.0,68,0.00,43204.56,47992.02,2023-09-05T05:20,2023-09-05T18:40,0.0,0.00,0.00
2023-09-06,29.5,14.6,22.0,23.7,31.7,14.8,8.7,16.2,59,0.00,43200.00,47759.24,2023-09-06T05:22,2023-09-06T18:38,0.0,0.00,0.00
2023-09-07,29.9,17.7,23.2,24.8,31.8,19.0,10.8,21.2,75,0.00,43200.00,47526.25,2023-09-07T05:23,2023-09-07T18:36,0.0,0.00,0.00
2023-09-08,29.4,17.0,23.3,25.1,31.9,18.3,10.0,16.9,225,0.00,38635.43,47293.18,2023-09-08T05:25,2023-09-08T18:33,0.0,0.00,0.00
2023-09-09,31.2,18.0,24.2,26.3,33.0,19.7,9.4,12.6,209,0.00,43115.44,47060.16,2023-09-09T05:27,2023-09-09T18:31,0.0,0.00,0.00
2023-09-10,30.6,18.0,22.4,24.1,32.7,19.6,16.1,34.9,185,3.50,32536.56,46827.32,2023-09-10T05:28,2023-09-10T18:29,3.0,0.00,3.50
2023-09-11,24.2,16.9,20.4,20.7,23.9,17.8,16.6,34.2,245,0.10,33424.07,46594.79,2023-09-11T05:30,2023-09-11T18:26,1.0,0.00,0.10
2023-09-12,22.0,15.9,18.6,18.9,22.5,14.2,20.2,36.4,280,2.50,34535.41,46362.70,2023-09-12T05:31,2023-09-12T18:24,11.0,0.00,2.50
2023-09-13,19.8,12.1,16.1,15.1,19.5,10.2,17.7,37.1,25,0.00,42250.96,46131.18,2023-09-13T05:33,2023-09-13T18:22,0.0,0.00,0.00
2023-09-14,22.6,11.2,16.8,16.4,22.1,10.7,13.4,24.5,204,0.00,42022.90,45900.35,2023-09-14T05:35,2023-09-14T18:20,0.0,0.00,0.00
2023-09-15,24.4,11.2,17.3,17.4,23.6,10.5,11.2,23.8,162,0.00,41794.69,45670.05,2023-09-15T05:36,2023-09-15T18:17,0.0,0.00,0.00
2023-09-16,25.5,12.0,18.8,18.7,25.7,11.5,16.6,29.9,52,0.00,37998.86,45438.73,2023-09-16T05:38,2023-09-16T18:15,0.0,0.00,0.00
2023-09-17,21.3,15.1,18.3,18.0,21.8,14.1,22.7,43.9,84,3.40,21532.54,45206.25,2023-09-17T05:39,2023-09-17T18:13,9.0,0.00,3.40
2023-09-18,19.4,14.1,16.7,14.8,18.4,10.4,30.7,58.0,239,4.00,37500.84,44972.73,2023-09-18T05:41,2023-09-18T18:10,9.0,0.00,4.00
2023-09-19,19.1,13.5,16.8,13.5,16.1,10.4,43.1,79.2,224,1.40,3656.13,44738.34,2023-09-19T05:43,2023-09-19T18:08,4.0,0.00,1.40
2023-09-20,19.5,14.2,17.5,14.8,15.6,13.4,42.8,77.8,209,22.30,9069.25,44503.21,2023-09-20T05:44,2023-09-20T18:06,18.0,0.00,22.30
2023-09-21,17.4,9.9,13.5,12.7,16.4,8.6,14.1,29.5,216,7.80,38204.93,44267.46,2023-09-21T05:46,2023-09-21T18:04,6.0,0.00,7.80
2023-09-22,17.5,8.5,12.2,10.7,15.7,7.0,15.5,33.5,275,6.50,37800.32,44031.25,2023-09-22T05:47,2023-09-22T18:01,5.0,0.00,6.50
2023-09-23,17.0,8.4,12.7,10.4,14.8,6.0,15.4,30.6,247,0.00,34722.79,43794.70,2023-09-23T05:49,2023-09-23T17:59,0.0,0.00,0.00
2023-09-24,20.1,13.0,17.0,14.5,17.4,10.5,30.7,56.5,188,0.20,22419.38,43557.93,2023-09-24T05:51,2023-09-24T17:57,2.0,0.00,0.20
2023-09-25,21.0,13.9,17.6,16.6,18.9,14.1,23.5,47.2,217,0.30,37596.54,43321.11,2023-09-25T05:52,2023-09-25T17:54,2.0,0.00,0.30
2023-09-26,21.7,12.4,16.8,15.9,20.3,12.1,25.0,50.8,200,4.60,28145.27,43084.34,2023-09-26T05:54,2023-09-26T17:52,4.0,0.00,4.60
2023-09-27,21.4,12.1,16.9,15.7,19.9,11.4,26.9,49.3,180,0.00,10800.00,42847.76,2023-09-27T05:55,2023-09-27T17:50,0.0,0.00,0.00
2023-09-28,19.0,13.4,16.5,14.6,17.4,12.0,25.5,45.4,211,2.90,16251.08,42611.52,2023-09-28T05:57,2023-09-28T17:47,5.0,0.00,2.90
2023-09-29,18.8,12.6,16.5,15.2,18.7,11.8,18.0,36.0,272,3.20,37140.23,42375.74,2023-09-29T05:59,2023-09-29T17:45,5.0,0.00,3.20
2023-09-30,18.7,9.8,14.7,13.5,16.9,8.6,19.7,37.1,201,0.10,27944.00,42140.55,2023-09-30T06:00,2023-09-30T17:43,1.0,0.00,0.10
2023-10-01,22.2,15.4,18.3,18.3,22.0,14.5,21.2,41.0,215,0.00,15490.70,41906.11,2023-10-01T06:02,2023-10-01T17:40,0.0,0.00,0.00
2023-10-02,21.4,14.1,17.2,18.0,21.8,14.7,24.7,44.6,198,0.60,3600.00,41672.53,2023-10-02T06:04,2023-10-02T17:38,3.0,0.00,0.60
2023-10-03,17.5,12.0,14.4,11.9,15.5,10.1,24.9,50.8,269,0.10,36423.14,41439.96,2023-10-03T06:05,2023-10-03T17:36,1.0,0.00,0.10
2023-10-04,17.5,10.6,13.8,11.5,14.2,8.6,23.0,46.8,244,0.00,26662.04,41208.55,2023-10-04T06:07,2023-10-04T17:34,0.0,0.00,0.00
2023-10-05,18.2,12.3,14.7,12.8,15.6,10.4,18.9,35.3,228,0.10,18666.21,40978.13,2023-10-05T06:08,2023-10-05T17:31,1.0,0.00,0.10
2023-10-06,20.7,13.4,16.5,14.8,18.7,11.5,21.1,42.1,240,0.00,35794.07,40747.01,2023-10-06T06:10,2023-10-06T17:29,0.0,0.00,0.00
2023-10-07,22.5,13.2,17.4,16.6,21.0,12.8,17.6,35.3,232,0.00,35858.97,40515.04,2023-10-07T06:12,2023-10-07T17:27,0.0,0.00,0.00
2023-10-08,23.1,12.1,16.5,16.2,22.3,11.6,10.2,19.8,244,0.00,35519.76,40282.37,2023-10-08T06:13,2023-10-08T17:25,0.0,0.00,0.00
2023-10-09,23.0,12.6,16.7,16.8,24.3,11.9,8.9,16.2,252,0.00,35382.09,40049.15,2023-10-09T06:15,2023-10-09T17:23,0.0,0.00,0.00
2023-10-10,21.0,11.6,16.1,15.4,19.9,10.8,17.5,35.3,231,0.00,35129.45,39815.54,2023-10-10T06:17,2023-10-10T17:20,0.0,0.00,0.00
2023-10-11,20.4,14.2,17.2,16.4,19.6,13.0,21.2,42.8,229,2.40,8652.28,39581.71,2023-10-11T06:18,2023-10-11T17:18,3.0,0.00,2.40
2023-10-12,15.9,12.6,14.7,14.7,16.6,11.2,14.8,33.1,339,13.40,0.00,39347.80,2023-10-12T06:20,2023-10-12T17:16,15.0,0.00,13.40
2023-10-13,20.4,9.9,16.7,14.2,18.3,6.0,32.5,70.2,231,16.20,20008.52,39113.98,2023-10-13T06:22,2023-10-13T17:14,16.0,0.00,16.20
2023-10-14,13.2,7.1,9.7,6.6,10.3,3.8,19.0,38.5,288,0.20,34693.62,38880.40,2023-10-14T06:24,2023-10-14T17:12,2.0,0.00,0.20
2023-10-15,10.6,4.2,7.0,3.8,7.2,1.4,13.9,28.4,335,0.00,34556.84,38647.24,2023-10-15T06:25,2023-10-15T17:09,0.0,0.00,0.00
2023-10-16,12.0,2.2,7.8,4.9,8.6,-0.8,17.6,33.5,68,0.00,14400.00,38414.66,2023-10-16T06:27,2023-10-16T17:07,0.0,0.00,0.00
2023-10-17,14.4,9.8,11.6,7.6,9.6,6.0,24.9,48.6,89,0.00,32818.69,38182.84,2023-10-17T06:29,2023-10-17T17:05,0.0,0.00,0.00
2023-10-18,16.5,10.2,12.9,9.7,14.8,6.5,30.3,55.4,102,13.40,0.00,37951.94,2023-10-18T06:30,2023-10-18T17:03,13.0,0.00,13.40
2023-10-19,17.5,14.1,15.6,14.3,16.1,11.6,25.8,55.1,173,9.60,21600.00,37722.16,2023-10-19T06:32,2023-10-19T17:01,18.0,0.00,9.60
2023-10-20,15.9,11.6,13.9,13.1,15.0,10.7,15.5,31.0,209,14.20,10129.18,37493.66,2023-10-20T06:34,2023-10-20T16:59,11.0,0.00,14.20
2023-10-21,15.6,8.8,12.3,11.1,16.1,6.6,17.3,33.5,236,7.90,19880.07,37266.64,2023-10-21T06:36,2023-10-21T16:57,13.0,0.00,7.90
2023-10-22,14.9,6.9,10.0,8.2,12.6,4.8,10.6,23.0,217,0.00,32379.88,37041.29,2023-10-22T06:37,2023-10-22T16:55,0.0,0.00,0.00
2023-10-23,14.9,6.1,10.8,8.9,13.2,3.6,15.4,29.2,89,0.10,13327.44,36817.80,2023-10-23T06:39,2023-10-23T16:53,1.0,0.00,0.10
2023-10-24,14.1,8.1,10.3,8.8,12.1,6.5,14.8,29.2,210,3.20,28786.04,36596.38,2023-10-24T06:41,2023-10-24T16:51,5.0,0.00,3.20
2023-10-25,13.8,8.5,10.2,8.3,12.3,6.9,15.2,31.0,39,1.90,18818.25,36376.89,2023-10-25T06:42,2023-10-25T16:49,11.0,0.00,1.90
2023-10-26,15.4,7.0,11.0,9.4,13.6,5.1,14.7,29.9,185,5.90,27822.15,36157.43,2023-10-26T06:44,2023-10-26T16:47,8.0,0.00,5.90
2023-10-27,13.8,6.8,10.0,8.4,11.9,4.7,14.4,31.7,191,3.30,25200.00,35937.85,2023-10-27T06:46,2023-10-27T16:45,4.0,0.00,3.30
2023-10-28,15.1,9.1,11.7,9.4,12.1,7.4,23.9,42.8,181,6.40,28636.53,35718.33,2023-10-28T06:48,2023-10-28T16:43,11.0,0.00,6.40
2023-10-29,12.1,8.9,10.6,7.9,9.7,6.2,20.1,36.0,209,4.60,18976.85,35499.07,2023-10-29T06:49,2023-10-29T16:41,5.0,0.00,4.60
2023-10-30,14.3,6.6,10.6,8.6,12.7,4.3,18.3,33.5,204,3.00,30214.66,35280.27,2023-10-30T06:51,2023-10-30T16:39,4.0,0.00,3.00
2023-10-31,14.2,6.1,9.9,8.3,12.4,3.9,15.6,31.7,208,4.10,27284.80,35062.12,2023-10-31T06:53,2023-10-31T16:37,11.0,0.00,4.10
2023-11-01,13.5,9.4,11.8,8.6,10.5,5.2,32.9,65.5,195,14.00,18362.77,34844.85,2023-11-01T06:55,2023-11-01T16:35,18.0,0.00,14.00
2023-11-02,11.3,9.1,10.1,5.7,8.5,3.8,39.7,71.3,242,19.50,202.64,34628.66,2023-11-02T06:56,2023-11-02T16:34,24.0,0.00,19.50
2023-11-03,13.1,6.8,9.4,6.0,10.9,3.2,24.4,46.1,244,2.10,29615.96,34413.79,2023-11-03T06:58,2023-11-03T16:32,3.0,0.00,2.10
2023-11-04,12.1,4.4,8.6,5.7,9.3,2.0,24.5,44.6,175,9.60,17923.98,34200.43,2023-11-04T07:00,2023-11-04T16:30,8.0,0.00,9.60
2023-11-05,12.5,5.8,9.0,5.4,8.3,3.3,27.0,51.1,268,0.00,28321.91,33988.84,2023-11-05T07:02,2023-11-05T16:28,0.0,0.00,0.00
2023-11-06,12.5,6.2,8.8,5.6,8.9,3.3,22.2,43.9,237,0.00,29170.41,33779.25,2023-11-06T07:04,2023-11-06T16:27,0.0,0.00,0.00
2023-11-07,11.8,5.4,7.9,4.7,8.4,2.3,23.9,45.7,248,0.10,28901.29,33571.91,2023-11-07T07:05,2023-11-07T16:25,1.0,0.00,0.10
2023-11-08,13.0,5.8,9.3,6.6,10.8,3.1,30.9,56.2,216,4.60,0.00,33367.07,2023-11-08T07:07,2023-11-08T16:23,11.0,0.00,4.60
2023-11-09,10.5,5.8,7.9,4.3,6.3,2.4,22.5,43.2,224,0.40,23776.00,33164.98,2023-11-09T07:09,2023-11-09T16:22,4.0,0.00,0.40
2023-11-10,9.4,4.4,6.6,3.5,5.9,1.1,20.9,39.6,280,2.60,14346.69,32965.92,2023-11-10T07:11,2023-11-10T16:20,7.0,0.00,2.60
2023-11-11,10.1,2.3,5.4,2.7,8.2,-0.7,13.3,25.2,280,0.00,27903.14,32770.15,2023-11-11T07:12,2023-11-11T16:19,0.0,0.00,0.00
2023-11-12,9.2,3.7,7.0,4.6,6.9,0.4,13.7,24.1,113,1.20,539.84,32577.96,2023-11-12T07:14,2023-11-12T16:17,6.0,0.00,1.20
2023-11-13,14.9,8.4,12.2,8.2,11.3,6.5,34.5,66.6,235,10.60,20269.26,32389.62,2023-11-13T07:16,2023-11-13T16:16,10.0,0.00,10.60
2023-11-14,12.4,8.8,10.4,7.1,9.5,5.5,24.8,45.4,250,4.40,2174.08,32205.08,2023-11-14T07:17,2023-11-14T16:14,4.0,0.00,4.40
2023-11-15,11.5,4.7,8.6,5.1,7.1,2.4,24.9,48.2,258,0.00,27288.11,32022.43,2023-11-15T07:19,2023-11-15T16:13,0.0,0.00,0.00
2023-11-16,7.7,4.2,5.9,3.3,5.1,1.4,13.0,24.1,347,2.90,0.00,31841.53,2023-11-16T07:21,2023-11-16T16:12,6.0,0.00,2.90
2023-11-17,10.4,3.8,6.4,4.0,8.1,1.1,11.8,22.3,227,0.80,25207.30,31662.61,2023-11-17T07:23,2023-11-17T16:10,4.0,0.00,0.80
2023-11-18,14.8,8.0,12.4,9.8,13.0,5.6,23.6,41.8,211,4.60,0.00,31485.88,2023-11-18T07:24,2023-11-18T16:09,10.0,0.00,4.60
2023-11-19,13.8,10.2,11.9,7.8,9.7,6.5,28.5,56.2,240,0.00,14078.93,31311.58,2023-11-19T07:26,2023-11-19T16:08,0.0,0.00,0.00
2023-11-20,11.8,7.8,9.9,7.4,9.2,4.8,20.5,38.2,279,2.50,17384.24,31139.95,2023-11-20T07:28,2023-11-20T16:07,5.0,0.00,2.50
2023-11-21,11.1,5.7,9.2,6.1,8.4,2.7,23.8,42.1,349,0.10,310.76,30971.23,2023-11-21T07:29,2023-11-21T16:05,1.0,0.00,0.10
2023-11-22,10.1,3.3,7.3,4.7,7.9,0.7,16.9,29.2,269,0.00,7200.00,30805.66,2023-11-22T07:31,2023-11-22T16:04,0.0,0.00,0.00
2023-11-23,12.4,9.4,10.9,7.6,8.9,6.1,24.4,49.0,277,0.20,19067.63,30643.51,2023-11-23T07:32,2023-11-23T16:03,2.0,0.00,0.20
2023-11-24,10.2,2.2,6.8,2.3,6.8,-2.3,24.7,49.3,325,0.00,18454.62,30485.03,2023-11-24T07:34,2023-11-24T16:02,0.0,0.00,0.00
2023-11-25,5.2,-0.3,1.7,-2.1,1.4,-4.3,15.8,27.7,306,0.00,25475.71,30330.47,2023-11-25T07:36,2023-11-25T16:01,0.0,0.00,0.00
2023-11-26,9.6,-0.8,3.9,1.3,7.4,-3.8,13.8,24.5,206,3.90,0.00,30180.13,2023-11-26T07:37,2023-11-26T16:00,9.0,0.00,3.90
2023-11-27,9.6,4.9,7.7,4.3,7.1,0.3,20.9,38.9,302,3.70,13967.59,30034.27,2023-11-27T07:39,2023-11-27T15:59,14.0,0.00,3.70
2023-11-28,6.7,1.0,3.7,0.4,3.5,-2.4,18.9,34.9,324,0.00,24652.22,29893.16,2023-11-28T07:40,2023-11-28T15:58,0.0,0.00,0.00
2023-11-29,4.6,-1.4,1.5,-1.5,1.9,-5.1,9.2,17.3,356,0.00,20517.59,29757.09,2023-11-29T07:42,2023-11-29T15:58,0.0,0.00,0.00
2023-11-30,4.3,-1.9,0.5,-3.6,-0.0,-5.9,17.4,32.0,37,0.00,21935.06,29626.35,2023-11-30T07:43,2023-11-30T15:57,0.0,0.00,0.00
2023-12-01,3.7,-2.0,0.1,-4.0,-0.4,-5.5,17.8,33.1,9,0.00,16783.68,29501.22,2023-12-01T07:45,2023-12-01T15:56,0.0,0.00,0.00
2023-12-02,0.0,-3.6,-2.0,-5.4,-3.1,-7.3,11.1,19.1,248,0.10,8476.29,29381.99,2023-12-02T07:46,2023-12-02T15:56,1.0,0.00,0.10
2023-12-03,7.7,0.5,4.3,1.2,4.5,-2.8,20.4,36.0,174,10.30,776.78,29268.97,2023-12-03T07:47,2023-12-03T15:55,17.0,1.33,12.20
2023-12-04,7.8,5.8,6.6,3.0,5.1,1.5,24.0,42.8,116,8.10,0.00,29162.20,2023-12-04T07:48,2023-12-04T15:55,9.0,0.00,8.10
2023-12-05,6.3,3.0,5.2,1.9,2.9,-0.2,17.8,32.0,340,1.60,0.00,29060.39,2023-12-05T07:50,2023-12-05T15:54,13.0,0.00,1.60
2023-12-06,4.7,-0.2,2.8,0.1,2.1,-3.2,13.3,22.7,85,0.00,23047.24,28963.46,2023-12-06T07:51,2023-12-06T15:54,0.0,0.00,0.00
2023-12-07,8.6,5.2,6.6,2.5,6.4,1.4,26.2,46.8,150,5.10,0.00,28871.53,2023-12-07T07:52,2023-12-07T15:53,12.0,0.00,5.10
2023-12-08,10.5,5.3,7.7,4.6,7.3,2.6,18.5,33.1,222,0.00,18230.66,28784.72,2023-12-08T07:53,2023-12-08T15:53,0.0,0.00,0.00
2023-12-09,13.6,7.2,9.7,5.2,10.2,2.4,34.1,62.3,231,9.00,8976.84,28703.19,2023-12-09T07:54,2023-12-09T15:53,8.0,0.00,9.00
2023-12-10,11.9,7.3,9.3,4.9,8.2,2.5,33.2,60.1,239,3.20,312.48,28627.06,2023-12-10T07:56,2023-12-10T15:53,5.0,0.00,3.20
2023-12-11,10.7,4.0,8.2,4.5,7.4,1.0,35.6,64.4,253,0.00,22955.02,28556.46,2023-12-11T07:57,2023-12-11T15:53,0.0,0.00,0.00
2023-12-12,11.2,7.2,9.1,6.5,8.3,4.2,18.1,32.8,204,13.10,9762.55,28491.53,2023-12-12T07:58,2023-12-12T15:52,8.0,0.00,13.10
2023-12-13,7.9,5.2,7.0,2.8,5.4,0.9,29.2,52.6,332,0.60,3600.00,28432.38,2023-12-13T07:59,2023-12-13T15:52,4.0,0.00,0.60
2023-12-14,8.1,1.6,4.6,1.9,6.2,-1.5,14.5,30.6,274,1.00,0.00,28379.14,2023-12-14T08:00,2023-12-14T15:52,5.0,0.00,1.00
2023-12-15,8.4,1.5,5.1,2.3,6.3,-1.6,11.0,19.1,253,0.00,22578.41,28331.93,2023-12-15T08:00,2023-12-15T15:53,0.0,0.00,0.00
2023-12-16,11.4,4.8,9.0,6.4,9.1,1.8,17.7,31.3,235,0.00,0.00,28290.87,2023-12-16T08:01,2023-12-16T15:53,0.0,0.00,0.00
2023-12-17,10.9,6.8,9.0,5.7,8.2,3.0,25.0,49.7,222,0.00,22087.29,28256.08,2023-12-17T08:02,2023-12-17T15:53,0.0,0.00,0.00
2023-12-18,11.9,7.6,10.1,6.9,9.3,4.1,21.4,38.2,225,0.00,0.00,28227.65,2023-12-18T08:03,2023-12-18T15:53,0.0,0.00,0.00
2023-12-19,12.3,5.2,9.8,7.0,10.6,1.4,23.3,42.5,264,11.20,0.00,28205.70,2023-12-19T08:03,2023-12-19T15:54,13.0,0.00,11.20
2023-12-20,11.1,5.2,8.1,3.9,7.1,0.9,24.6,45.0,263,0.00,9761.87,28190.33,2023-12-20T08:04,2023-12-20T15:54,0.0,0.00,0.00
2023-12-21,13.4,8.7,11.2,6.6,9.4,3.7,32.0,59.8,277,0.00,4639.76,28181.64,2023-12-21T08:05,2023-12-21T15:54,0.0,0.00,0.00
2023-12-22,11.1,8.4,10.0,5.4,6.6,3.6,30.6,61.6,275,0.40,1985.03,28179.71,2023-12-22T08:05,2023-12-22T15:55,2.0,0.00,0.40
2023-12-23,11.1,7.8,9.6,5.1,7.3,3.4,28.2,51.5,260,0.00,18000.00,28184.64,2023-12-23T08:06,2023-12-23T15:55,0.0,0.00,0.00
2023-12-24,13.4,10.6,12.5,8.6,9.7,6.1,31.9,60.1,245,1.10,0.00,28196.50,2023-12-24T08:06,2023-12-24T15:56,4.0,0.00,1.10
2023-12-25,12.8,10.0,12.1,9.0,10.0,6.2,26.1,45.7,245,3.10,0.00,28215.39,2023-12-25T08:06,2023-12-25T15:56,10.0,0.00,3.10
2023-12-26,9.4,4.2,7.1,4.0,6.4,1.5,21.3,39.2,253,0.40,12238.94,28241.21,2023-12-26T08:06,2023-12-26T15:57,1.0,0.00,0.40
2023-12-27,11.9,6.7,10.1,5.8,7.0,3.8,37.1,72.4,197,8.20,0.00,28273.83,2023-12-27T08:07,2023-12-27T15:58,14.0,0.00,8.20
2023-12-28,11.6,8.8,10.6,5.3,6.8,4.0,38.4,70.6,227,0.50,20883.24,28313.12,2023-12-28T08:07,2023-12-28T15:59,5.0,0.00,0.50
2023-12-29,10.4,6.0,8.4,4.2,6.4,1.8,26.2,49.3,243,1.70,18436.88,28358.95,2023-12-29T08:07,2023-12-29T16:00,6.0,0.00,1.70
2023-12-30,11.2,5.3,9.0,4.8,7.2,2.0,36.1,67.3,195,6.00,4750.42,28411.18,2023-12-30T08:07,2023-12-30T16:01,13.0,0.00,6.00
2023-12-31,9.9,6.3,8.1,3.0,5.3,1.8,37.9,75.6,222,8.80,22104.68,28469.66,2023-12-31T08:07,2023-12-31T16:01,10.0,0.00,8.80
2024-01-01,11.2,6.2,7.9,3.5,7.3,1.1,28.7,54.4,224,10.20,8474.55,28534.25,2024-01-01T08:07,2024-01-01T16:03,9.0,0.00,10.20
2024-01-02,12.8,8.4,10.9,6.7,9.0,2.4,50.3,91.4,234,9.60,1033.88,28604.80,2024-01-02T08:07,2024-01-02T16:04,9.0,0.00,9.60
2024-01-03,10.3,6.4,8.4,4.6,6.5,2.8,25.3,46.1,247,0.70,18688.72,28681.16,2024-01-03T08:07,2024-01-03T16:05,4.0,0.00,0.70
2024-01-04,8.1,4.2,6.4,2.8,6.1,-1.4,28.8,52.9,308,23.10,7514.86,28763.18,2024-01-04T08:06,2024-01-04T16:06,10.0,0.21,23.40
2024-01-05,6.9,3.7,5.4,1.4,3.4,-1.7,30.9,56.9,310,1.80,3233.87,28850.70,2024-01-05T08:06,2024-01-05T16:07,6.0,0.00,1.80
2024-01-06,6.8,2.0,4.5,1.3,3.0,-1.2,15.5,29.2,338,0.00,16086.39,28943.56,2024-01-06T08:06,2024-01-06T16:08,0.0,0.00,0.00
2024-01-07,4.8,2.0,3.2,-1.5,0.9,-2.7,20.3,38.9,18,0.00,23622.33,29041.61,2024-01-07T08:06,2024-01-07T16:10,0.0,0.00,0.00
2024-01-08,3.7,0.8,2.2,-3.2,-1.7,-4.7,27.6,51.5,47,0.10,23277.46,29144.70,2024-01-08T08:05,2024-01-08T16:11,2.0,0.14,0.30
2024-01-09,4.2,0.8,1.7,-4.1,-2.0,-5.5,29.7,55.1,60,0.00,23344.76,29252.66,2024-01-09T08:05,2024-01-09T16:12,0.0,0.00,0.00
2024-01-10,4.6,0.4,2.0,-3.3,-0.7,-4.8,20.9,37.4,42,0.00,23929.05,29365.33,2024-01-10T08:04,2024-01-10T16:14,0.0,0.00,0.00
2024-01-11,5.7,-0.5,2.7,-1.4,2.2,-4.8,22.9,44.6,29,0.00,17353.33,29482.57,2024-01-11T08:04,2024-01-11T16:15,0.0,0.00,0.00
2024-01-12,6.7,4.0,5.1,1.9,3.0,0.4,15.3,29.9,18,0.20,686.44,29604.20,2024-01-12T08:03,2024-01-12T16:16,2.0,0.00,0.20
2024-01-13,4.3,1.1,3.2,0.2,1.2,-2.4,9.4,19.1,272,0.00,6496.57,29730.34,2024-01-13T08:02,2024-01-13T16:18,0.0,0.00,0.00
2024-01-14,5.8,1.5,3.6,0.0,2.2,-1.8,16.9,32.0,287,0.40,21567.47,29862.39,2024-01-14T08:01,2024-01-14T16:19,3.0,0.00,0.40
2024-01-15,2.4,-3.5,-0.6,-4.9,-2.8,-7.3,17.5,33.1,303,0.00,25099.18,30000.29,2024-01-15T08:01,2024-01-15T16:21,0.0,0.00,0.00
2024-01-16,4.0,-4.1,-1.5,-5.2,-0.1,-7.8,10.7,21.2,234,0.00,25222.42,30143.75,2024-01-16T08:00,2024-01-16T16:22,0.0,0.00,0.00
2024-01-17,2.5,-3.0,-0.1,-4.1,-1.8,-7.9,18.1,32.4,14,0.00,0.00,30292.46,2024-01-17T07:59,2024-01-17T16:24,0.0,0.00,0.00
2024-01-18,2.5,-4.4,-2.0,-6.5,-2.0,-9.0,14.8,28.1,318,0.00,25617.51,30446.14,2024-01-18T07:58,2024-01-18T16:25,0.0,0.00,0.00
2024-01-19,4.9,-3.9,-0.6,-4.5,0.5,-7.7,12.7,23.8,245,0.00,25800.69,30604.47,2024-01-19T07:57,2024-01-19T16:27,0.0,0.00,0.00
2024-01-20,5.4,-1.0,2.7,-2.4,0.6,-4.9,25.6,46.1,196,0.00,9756.69,30767.17,2024-01-20T07:56,2024-01-20T16:29,0.0,0.00,0.00
2024-01-21,11.6,3.9,9.2,3.5,6.8,-2.2,46.4,84.2,209,3.90,12745.40,30933.97,2024-01-21T07:55,2024-01-21T16:30,11.0,0.14,4.10
2024-01-22,12.4,6.6,9.2,3.7,6.5,1.1,47.0,86.0,246,3.80,26376.32,31104.58,2024-01-22T07:54,2024-01-22T16:32,7.0,0.00,3.80
2024-01-23,12.9,4.1,9.0,4.8,8.5,0.5,33.7,65.2,225,2.60,0.00,31278.72,2024-01-23T07:52,2024-01-23T16:34,13.0,0.00,2.60
2024-01-24,12.0,5.7,9.2,4.9,7.0,3.1,33.3,65.5,254,0.10,22570.81,31456.15,2024-01-24T07:51,2024-01-24T16:35,1.0,0.00,0.10
2024-01-25,12.0,3.9,9.4,6.8,9.7,1.5,26.4,47.5,212,0.20,4626.06,31636.59,2024-01-25T07:50,2024-01-25T16:37,2.0,0.00,0.20
2024-01-26,12.1,2.6,7.7,3.5,8.5,-0.8,32.3,59.0,256,1.80,27126.32,31819.79,2024-01-26T07:49,2024-01-26T16:39,4.0,0.00,1.80
2024-01-27,8.4,-0.9,3.7,0.4,4.4,-4.7,17.1,33.5,192,0.00,15551.03,32005.49,2024-01-27T07:47,2024-01-27T16:41,0.0,0.00,0.00
2024-01-28,10.6,2.2,6.1,3.3,7.9,-0.9,14.6,27.0,175,0.00,27317.13,32193.47,2024-01-28T07:46,2024-01-28T16:43,0.0,0.00,0.00
2024-01-29,12.4,9.1,10.8,8.4,10.2,7.2,24.4,43.6,185,0.00,18422.72,32383.48,2024-01-29T07:45,2024-01-29T16:44,0.0,0.00,0.00
2024-01-30,11.6,4.4,7.9,4.5,7.5,2.2,26.5,48.2,256,0.00,0.00,32575.30,2024-01-30T07:43,2024-01-30T16:46,0.0,0.00,0.00
2024-01-31,11.1,3.6,7.7,4.2,7.6,1.5,25.5,52.6,229,0.60,14193.04,32768.70,2024-01-31T07:42,2024-01-31T16:48,3.0,0.00,0.60
2024-02-01,10.8,2.9,5.9,2.9,7.9,-0.5,17.9,35.6,284,0.00,27981.97,32963.46,2024-02-01T07:40,2024-02-01T16:50,0.0,0.00,0.00
2024-02-02,12.5,3.3,9.6,5.8,8.9,-0.3,29.6,58.0,258,0.00,7764.63,33159.73,2024-02-02T07:39,2024-02-02T16:51,0.0,0.00,0.00
2024-02-03,12.7,10.2,11.3,8.1,9.6,6.8,24.4,45.0,254,0.00,0.00,33359.48,2024-02-03T07:37,2024-02-03T16:53,0.0,0.00,0.00
2024-02-04,12.9,9.1,11.3,7.7,8.9,4.8,32.7,63.0,253,0.20,4141.29,33562.79,2024-02-04T07:36,2024-02-04T16:55,2.0,0.00,0.20
2024-02-05,11.2,7.6,9.7,5.2,6.9,3.0,32.5,61.6,243,0.10,0.00,33769.35,2024-02-05T07:34,2024-02-05T16:57,1.0,0.00,0.10
2024-02-06,13.2,10.7,11.7,7.0,8.2,6.2,38.0,73.8,237,8.30,3457.04,33978.93,2024-02-06T07:32,2024-02-06T16:59,12.0,0.00,8.30
2024-02-07,9.2,3.7,5.8,3.0,6.7,1.3,17.6,48.6,65,8.80,7454.37,34191.23,2024-02-07T07:31,2024-02-07T17:00,5.0,0.00,8.80
2024-02-08,12.3,3.3,7.5,4.4,9.8,0.6,24.2,43.6,144,20.50,2239.77,34406.00,2024-02-08T07:29,2024-02-08T17:02,19.0,0.07,20.60
2024-02-09,12.2,9.1,10.4,7.0,8.4,5.6,28.6,55.8,200,6.60,19049.45,34623.00,2024-02-09T07:27,2024-02-09T17:04,15.0,0.00,6.60
2024-02-10,10.9,6.9,8.9,7.1,8.9,5.0,11.4,23.8,179,0.90,3600.00,34841.97,2024-02-10T07:25,2024-02-10T17:06,3.0,0.00,0.90
2024-02-11,10.4,4.1,6.9,4.3,7.1,1.0,17.6,34.2,295,3.80,28562.58,35062.68,2024-02-11T07:23,2024-02-11T17:08,7.0,0.00,3.80
2024-02-12,8.9,2.3,5.0,1.5,5.0,-0.6,14.3,29.2,249,0.00,30908.23,35284.89,2024-02-12T07:22,2024-02-12T17:10,0.0,0.00,0.00
2024-02-13,11.5,4.2,8.1,4.6,8.1,0.6,24.7,45.4,207,3.90,0.00,35508.39,2024-02-13T07:20,2024-02-13T17:11,8.0,0.00,3.90
2024-02-14,13.8,10.9,12.2,9.6,11.3,8.0,23.5,43.6,217,1.80,0.00,35732.96,2024-02-14T07:18,2024-02-14T17:13,6.0,0.00,1.80
2024-02-15,16.0,10.1,12.7,11.1,14.2,8.7,17.0,32.4,189,0.50,27687.16,35958.36,2024-02-15T07:16,2024-02-15T17:15,2.0,0.00,0.50
2024-02-16,12.9,6.6,10.2,7.6,9.8,4.2,21.2,40.3,263,6.40,22196.99,36184.40,2024-02-16T07:14,2024-02-16T17:17,6.0,0.00,6.40
2024-02-17,13.4,5.1,10.0,7.6,11.2,2.8,25.0,45.0,205,1.90,0.00,36410.87,2024-02-17T07:12,2024-02-17T17:19,5.0,0.00,1.90
2024-02-18,14.4,8.1,11.4,8.9,11.7,5.6,24.9,45.4,255,11.50,24423.56,36637.58,2024-02-18T07:10,2024-02-18T17:21,14.0,0.00,11.50
2024-02-19,13.0,5.5,9.0,6.2,9.6,3.3,20.2,42.5,270,1.10,21289.45,36864.32,2024-02-19T07:08,2024-02-19T17:22,2.0,0.00,1.10
2024-02-20,11.9,5.5,8.9,5.6,8.3,2.4,25.8,51.5,228,0.20,0.00,37090.92,2024-02-20T07:06,2024-02-20T17:24,2.0,0.00,0.20
2024-02-21,11.9,8.6,10.0,6.2,8.8,4.2,32.4,59.4,214,3.80,0.00,37317.17,2024-02-21T07:04,2024-02-21T17:26,15.0,0.00,3.80
2024-02-22,11.2,3.5,7.8,3.8,7.9,-1.5,29.8,54.0,231,11.90,0.00,37543.25,2024-02-22T07:02,2024-02-22T17:28,11.0,0.00,11.90
2024-02-23,7.9,1.2,4.5,0.8,3.6,-1.8,21.0,42.8,227,2.10,28289.64,37771.09,2024-02-23T07:00,2024-02-23T17:30,5.0,0.07,2.20
2024-02-24,8.2,-1.3,2.6,-0.1,6.2,-5.0,8.9,18.7,248,2.90,26536.50,38000.83,2024-02-24T06:58,2024-02-24T17:31,4.0,0.28,3.30
2024-02-25,8.6,-0.1,4.6,0.6,4.2,-3.3,31.1,56.5,77,3.80,18435.71,38232.29,2024-02-25T06:56,2024-02-25T17:33,11.0,0.00,3.80
2024-02-26,8.4,3.6,6.1,-0.1,1.7,-1.7,38.3,73.8,24,0.40,25716.10,38465.28,2024-02-26T06:54,2024-02-26T17:35,2.0,0.00,0.40
2024-02-27,7.7,2.2,5.0,1.9,4.5,-1.2,13.4,28.4,272,0.30,7493.71,38699.61,2024-02-27T06:52,2024-02-27T17:37,1.0,0.00,0.30
2024-02-28,10.5,5.8,8.5,5.9,7.5,3.8,23.3,41.8,210,1.50,0.00,38935.08,2024-02-28T06:50,2024-02-28T17:39,6.0,0.00,1.50
2024-02-29,10.8,5.2,8.9,6.1,8.1,2.4,23.7,43.2,223,9.30,0.00,39171.54,2024-02-29T06:47,2024-02-29T17:40,16.0,0.00,9.30
2024-03-01,7.6,2.8,5.0,0.6,3.0,-2.7,33.8,63.0,182,7.90,25600.53,39408.80,2024-03-01T06:45,2024-03-01T17:42,8.0,0.56,8.70
2024-03-02,7.8,0.1,4.9,0.7,3.5,-3.2,23.4,45.0,177,3.20,28915.69,39646.70,2024-03-02T06:43,2024-03-02T17:44,8.0,1.89,5.90
2024-03-03,8.9,-2.2,3.2,0.2,6.0,-6.0,10.2,23.0,251,0.00,31765.46,39885.05,2024-03-03T06:41,2024-03-03T17:46,0.0,0.00,0.00
2024-03-04,10.9,-1.0,5.2,1.4,6.1,-4.5,23.8,43.2,149,1.20,24457.04,40123.70,2024-03-04T06:39,2024-03-04T17:47,6.0,0.00,1.20
2024-03-05,10.4,3.3,6.7,4.4,7.7,0.7,16.3,38.2,20,2.80,29947.18,40362.49,2024-03-05T06:36,2024-03-05T17:49,10.0,0.00,2.80
2024-03-06,10.2,2.3,5.1,2.8,8.0,-0.3,8.5,18.4,84,0.00,19354.73,40601.25,2024-03-06T06:34,2024-03-06T17:51,0.0,0.00,0.00
2024-03-07,10.4,3.0,6.6,2.7,5.9,0.1,23.7,45.4,80,0.50,31886.23,40839.83,2024-03-07T06:32,2024-03-07T17:53,2.0,0.00,0.50
2024-03-08,9.9,3.7,6.7,2.1,4.9,-0.7,26.4,50.4,76,0.00,36014.14,41078.05,2024-03-08T06:30,2024-03-08T17:54,0.0,0.00,0.00
2024-03-09,12.7,6.4,8.9,5.2,8.5,2.6,22.4,46.1,86,0.50,29457.04,41315.78,2024-03-09T06:27,2024-03-09T17:56,2.0,0.00,0.50
2024-03-10,9.6,7.1,8.0,5.9,7.8,4.8,12.4,23.0,78,9.00,0.00,41552.86,2024-03-10T06:25,2024-03-10T17:58,21.0,0.00,9.00
2024-03-11,10.7,5.6,8.0,5.1,7.4,3.2,18.8,35.6,335,1.80,3600.00,41789.11,2024-03-11T06:23,2024-03-11T18:00,6.0,0.00,1.80
2024-03-12,13.8,6.0,10.1,7.7,11.4,4.0,20.4,37.4,226,12.50,0.00,42024.39,2024-03-12T06:21,2024-03-12T18:01,12.0,0.00,12.50
2024-03-13,13.3,9.9,11.4,8.1,9.9,6.8,28.3,53.3,221,0.30,132.74,42258.87,2024-03-13T06:19,2024-03-13T18:03,3.0,0.00,0.30
2024-03-14,15.8,8.2,11.3,8.3,11.8,5.7,26.8,52.6,202,1.00,11588.74,42494.27,2024-03-14T06:16,2024-03-14T18:05,7.0,0.00,1.00
2024-03-15,14.0,8.6,11.5,8.1,10.1,5.1,27.9,53.3,234,2.40,29171.57,42730.78,2024-03-15T06:14,2024-03-15T18:06,8.0,0.00,2.40
2024-03-16,13.0,4.4,8.9,6.2,9.5,1.9,16.7,31.7,210,1.10,23052.85,42968.25,2024-03-16T06:12,2024-03-16T18:08,3.0,0.00,1.10
2024-03-17,15.3,8.6,11.3,9.4,13.3,6.8,18.7,35.3,199,7.80,11819.58,43206.53,2024-03-17T06:10,2024-03-17T18:10,14.0,0.00,7.80
2024-03-18,14.8,7.4,10.7,8.3,11.8,5.9,18.9,36.7,222,0.40,13983.34,43445.49,2024-03-18T06:07,2024-03-18T18:11,4.0,0.00,0.40
2024-03-19,12.8,9.9,11.3,8.6,10.2,7.2,22.6,41.8,207,0.10,0.00,43684.98,2024-03-19T06:05,2024-03-19T18:13,1.0,0.00,0.10
2024-03-20,15.6,9.6,11.9,10.7,14.7,7.9,11.2,22.0,219,1.00,19016.46,43924.87,2024-03-20T06:03,2024-03-20T18:15,6.0,0.00,1.00
2024-03-21,14.6,5.6,10.6,8.6,12.0,3.5,19.0,38.5,248,0.00,9007.30,44165.02,2024-03-21T06:00,2024-03-21T18:17,0.0,0.00,0.00
2024-03-22,11.5,5.2,9.6,6.4,9.5,1.1,16.9,30.2,271,0.20,8573.85,44405.29,2024-03-22T05:58,2024-03-22T18:18,2.0,0.00,0.20
2024-03-23,9.8,3.5,6.4,1.2,4.2,-0.9,30.0,57.6,273,0.60,40785.20,44645.54,2024-03-23T05:56,2024-03-23T18:20,3.0,0.00,0.60
2024-03-24,11.3,4.0,7.8,3.3,7.2,0.6,29.8,55.8,288,0.00,40758.54,44885.62,2024-03-24T05:53,2024-03-24T18:22,0.0,0.00,0.00
2024-03-25,11.4,3.1,7.8,4.4,7.3,0.3,19.5,38.5,142,1.20,8166.80,45125.41,2024-03-25T05:51,2024-03-25T18:23,4.0,0.00,1.20
2024-03-26,13.8,6.1,9.1,6.6,11.1,2.9,18.9,40.3,119,16.80,17323.17,45364.76,2024-03-26T05:49,2024-03-26T18:25,9.0,0.00,16.80
2024-03-27,10.1,5.0,7.0,3.0,4.5,1.7,34.0,64.4,178,4.00,27061.85,45603.52,2024-03-27T05:47,2024-03-27T18:27,7.0,0.00,4.00
2024-03-28,10.4,4.2,7.8,2.2,4.2,-0.4,44.0,86.4,188,13.30,26577.37,45841.54,2024-03-28T05:44,2024-03-28T18:28,15.0,0.00,13.30
2024-03-29,12.7,6.2,9.1,5.0,7.8,3.2,31.1,57.6,200,5.70,35009.89,46078.69,2024-03-29T05:42,2024-03-29T18:30,11.0,0.00,5.70
2024-03-30,13.9,3.7,8.4,5.9,11.1,0.7,12.5,24.1,174,0.20,40090.84,46314.81,2024-03-30T05:40,2024-03-30T18:32,2.0,0.00,0.20
2024-03-31,12.2,5.1,8.6,5.6,8.6,2.0,23.9,44.3,76,0.50,18520.75,46549.76,2024-03-31T05:38,2024-03-31T18:33,2.0,0.00,0.50
2024-04-01,13.7,6.6,9.5,6.7,11.2,3.7,19.0,41.0,210,3.90,42687.98,46783.37,2024-04-01T05:35,2024-04-01T18:35,9.0,0.00,3.90
2024-04-02,13.8,7.7,10.2,6.9,10.1,5.0,25.8,46.8,209,4.90,20624.24,47015.79,2024-04-02T05:33,2024-04-02T18:37,14.0,0.00,4.90
2024-04-03,13.6,9.7,11.4,7.6,8.4,6.8,33.0,65.2,224,0.70,15530.98,47248.66,2024-04-03T05:31,2024-04-03T18:38,5.0,0.00,0.70
2024-04-04,14.6,9.6,12.0,8.5,10.6,6.3,28.9,55.4,225,3.60,32505.92,47482.16,2024-04-04T05:29,2024-04-04T18:40,14.0,0.00,3.60
2024-04-05,16.2,11.6,13.5,10.0,11.4,8.2,34.7,63.7,211,3.80,30870.14,47716.12,2024-04-05T05:26,2024-04-05T18:42,13.0,0.00,3.80
2024-04-06,19.0,12.8,15.6,11.7,15.6,7.9,32.6,63.0,191,0.20,37560.07,47950.44,2024-04-06T05:24,2024-04-06T18:43,2.0,0.00,0.20
2024-04-07,15.1,10.0,12.5,7.7,9.5,5.7,41.8,76.0,210,0.40,43200.00,48184.96,2024-04-07T05:22,2024-04-07T18:45,4.0,0.00,0.40
2024-04-08,16.4,8.6,12.0,9.4,13.9,5.3,21.3,44.3,169,0.50,24798.20,48419.54,2024-04-08T05:20,2024-04-08T18:47,3.0,0.00,0.50
2024-04-09,11.8,6.4,9.2,3.7,5.6,1.3,40.2,74.2,248,1.50,25863.73,48654.05,2024-04-09T05:17,2024-04-09T18:48,10.0,0.00,1.50
2024-04-10,12.6,4.9,9.5,6.3,9.5,2.3,28.9,54.0,212,2.80,12449.39,48888.33,2024-04-10T05:15,2024-04-10T18:50,8.0,0.00,2.80
2024-04-11,18.4,12.1,14.6,12.8,17.2,9.7,20.4,37.8,231,0.20,15251.08,49122.24,2024-04-11T05:13,2024-04-11T18:52,2.0,0.00,0.20
2024-04-12,19.4,9.8,14.0,11.3,16.5,7.1,24.1,46.1,223,0.00,38278.41,49355.62,2024-04-12T05:11,2024-04-12T18:53,0.0,0.00,0.00
2024-04-13,18.3,9.7,13.7,11.2,16.3,7.1,24.9,45.4,242,0.00,35977.14,49588.32,2024-04-13T05:09,2024-04-13T18:55,0.0,0.00,0.00
2024-04-14,13.6,7.0,10.3,7.2,10.0,3.3,18.8,37.1,263,0.00,25308.42,49820.18,2024-04-14T05:06,2024-04-14T18:57,0.0,0.00,0.00
2024-04-15,11.0,6.7,8.6,2.8,4.2,0.8,37.8,73.1,266,2.30,32400.00,50051.04,2024-04-15T05:04,2024-04-15T18:58,4.0,0.00,2.30
2024-04-16,12.8,5.1,9.1,4.6,8.5,0.8,33.8,59.4,312,2.10,44326.38,50280.73,2024-04-16T05:02,2024-04-16T19:00,10.0,0.00,2.10
2024-04-17,10.8,4.7,7.3,2.8,5.8,0.7,22.2,43.9,318,0.90,45193.26,50509.07,2024-04-17T05:00,2024-04-17T19:02,6.0,0.00,0.90
2024-04-18,12.4,3.5,8.5,4.7,9.5,0.0,19.8,35.6,298,0.50,30817.22,50735.90,2024-04-18T04:58,2024-04-18T19:03,3.0,0.00,0.50
2024-04-19,13.6,7.8,10.4,6.4,9.0,3.9,26.8,55.1,313,0.50,29227.00,50961.03,2024-04-19T04:56,2024-04-19T19:05,5.0,0.00,0.50
2024-04-20,10.1,3.2,7.0,2.8,5.6,-0.9,21.7,42.5,359,0.00,29549.47,51184.27,2024-04-20T04:54,2024-04-20T19:07,0.0,0.00,0.00
2024-04-21,10.4,4.2,7.4,3.0,5.9,0.3,25.5,48.2,18,0.10,36141.16,51405.43,2024-04-21T04:52,2024-04-21T19:08,1.0,0.00,0.10
2024-04-22,7.6,3.6,6.1,3.4,4.9,0.5,11.2,22.3,359,1.80,0.00,51624.63,2024-04-22T04:50,2024-04-22T19:10,7.0,0.00,1.80
2024-04-23,10.6,4.6,7.8,4.8,7.0,1.7,19.1,36.0,345,1.60,22140.88,51843.46,2024-04-23T04:48,2024-04-23T19:12,10.0,0.00,1.60
2024-04-24,9.5,2.3,6.7,3.0,5.1,-0.3,18.1,36.7,337,0.20,19601.54,52062.09,2024-04-24T04:46,2024-04-24T19:13,2.0,0.00,0.20
2024-04-25,11.9,2.3,7.4,4.7,8.6,-0.6,16.9,33.1,271,4.10,28600.79,52280.35,2024-04-25T04:44,2024-04-25T19:15,10.0,0.00,4.10
2024-04-26,11.7,2.5,7.3,4.5,8.8,-0.1,11.7,21.6,70,0.00,17289.99,52498.08,2024-04-26T04:42,2024-04-26T19:17,0.0,0.00,0.00
2024-04-27,11.6,6.4,8.5,4.9,8.6,2.7,21.9,40.7,50,6.90,0.00,52715.13,2024-04-27T04:40,2024-04-27T19:18,17.0,0.00,6.90
2024-04-28,11.4,5.7,8.0,4.4,7.7,1.2,24.9,49.3,290,11.20,13957.46,52931.31,2024-04-28T04:38,2024-04-28T19:20,16.0,0.00,11.20
2024-04-29,14.4,5.1,10.2,6.4,9.7,2.6,26.7,51.8,193,0.00,48275.54,53146.45,2024-04-29T04:36,2024-04-29T19:22,0.0,0.00,0.00
2024-04-30,17.4,7.2,12.3,9.9,14.9,4.8,24.4,49.7,153,0.00,49190.18,53360.39,2024-04-30T04:34,2024-04-30T19:23,0.0,0.00,0.00
2024-05-01,18.6,6.4,13.3,12.7,18.8,4.6,13.7,23.8,30,0.50,31679.27,53572.92,2024-05-01T04:32,2024-05-01T19:25,4.0,0.00,0.50
2024-05-02,18.1,9.9,13.4,11.9,18.4,7.6,18.9,34.6,295,2.40,22451.85,53783.86,2024-05-02T04:30,2024-05-02T19:27,7.0,0.00,2.40
2024-05-03,12.6,8.6,10.5,8.0,10.9,6.5,20.8,37.4,245,7.90,164.14,53993.02,2024-05-03T04:28,2024-05-03T19:28,18.0,0.00,7.90
2024-05-04,15.8,6.4,11.3,9.8,14.8,4.7,12.0,25.2,173,0.90,49598.40,54200.18,2024-05-04T04:27,2024-05-04T19:30,5.0,0.00,0.90
2024-05-05,15.9,5.7,11.3,9.9,14.6,3.5,15.9,29.5,171,0.50,28765.63,54405.16,2024-05-05T04:25,2024-05-05T19:32,3.0,0.00,0.50
2024-05-06,14.6,7.6,11.8,10.7,13.8,6.3,13.8,24.5,16,16.20,4764.54,54607.72,2024-05-06T04:23,2024-05-06T19:33,17.0,0.00,16.20
2024-05-07,18.8,8.8,13.8,12.5,18.1,7.3,12.9,27.4,26,1.20,49768.29,54807.66,2024-05-07T04:21,2024-05-07T19:35,5.0,0.00,1.20
2024-05-08,19.5,7.8,13.4,12.7,20.0,6.3,11.2,19.4,96,0.00,44289.85,55004.73,2024-05-08T04:20,2024-05-08T19:36,0.0,0.00,0.00
2024-05-09,21.5,9.1,15.3,15.2,22.3,7.8,9.4,18.0,226,0.00,50400.00,55198.72,2024-05-09T04:18,2024-05-09T19:38,0.0,0.00,0.00
2024-05-10,22.1,10.1,15.7,15.0,22.5,8.7,14.5,28.1,88,0.00,50400.00,55389.39,2024-05-10T04:16,2024-05-10T19:39,0.0,0.00,0.00
2024-05-11,21.5,9.2,15.4,14.1,21.1,7.5,18.7,37.1,78,0.00,50400.00,55576.47,2024-05-11T04:15,2024-05-11T19:41,0.0,0.00,0.00
2024-05-12,24.9,12.1,17.8,17.2,24.5,10.8,14.8,29.9,110,0.00,50400.00,55760.01,2024-05-12T04:13,2024-05-12T19:42,0.0,0.00,0.00
2024-05-13,17.8,11.1,15.0,12.9,15.3,9.4,26.4,50.4,176,0.50,27935.98,55941.48,2024-05-13T04:12,2024-05-13T19:44,3.0,0.00,0.50
2024-05-14,16.5,13.4,14.7,13.0,13.9,12.0,21.3,40.7,146,7.30,7044.80,56120.97,2024-05-14T04:10,2024-05-14T19:45,12.0,0.00,7.30
2024-05-15,19.0,10.6,14.7,13.3,17.7,9.5,14.2,30.6,144,0.30,42666.48,56298.31,2024-05-15T04:09,2024-05-15T19:47,2.0,0.00,0.30
2024-05-16,17.5,9.1,13.5,13.2,17.5,7.8,7.6,18.7,140,4.60,14397.72,56473.31,2024-05-16T04:07,2024-05-16T19:48,11.0,0.00,4.60
2024-05-17,19.8,9.2,15.1,14.9,20.6,8.1,7.8,18.4,193,0.20,47718.52,56645.81,2024-05-17T04:06,2024-05-17T19:50,2.0,0.00,0.20
2024-05-18,19.0,11.8,15.5,14.7,19.2,10.2,13.7,28.8,26,0.90,37144.98,56815.59,2024-05-18T04:04,2024-05-18T19:51,3.0,0.00,0.90
2024-05-19,21.1,9.1,15.2,13.5,20.4,7.6,19.0,35.6,34,0.10,39904.98,56982.46,2024-05-19T04:03,2024-05-19T19:53,1.0,0.00,0.10
2024-05-20,19.8,9.0,14.4,12.8,18.9,7.0,16.7,31.0,36,0.00,49895.42,57146.24,2024-05-20T04:02,2024-05-20T19:54,0.0,0.00,0.00
2024-05-21,15.8,9.7,13.1,12.2,15.2,8.1,13.5,26.3,5,9.10,0.00,57306.71,2024-05-21T04:01,2024-05-21T19:56,14.0,0.00,9.10
2024-05-22,15.1,12.4,13.5,12.1,13.6,10.6,18.4,35.6,260,10.90,0.00,57463.67,2024-05-22T03:59,2024-05-22T19:57,21.0,0.00,10.90
2024-05-23,17.1,9.9,13.8,11.2,14.1,7.6,21.3,41.4,264,0.00,50867.09,57616.90,2024-05-23T03:58,2024-05-23T19:58,0.0,0.00,0.00
2024-05-24,16.8,7.2,12.6,11.0,15.1,5.4,10.6,24.5,243,0.00,43595.71,57766.19,2024-05-24T03:57,2024-05-24T20:00,0.0,0.00,0.00
2024-05-25,19.5,8.2,14.6,13.5,19.0,6.6,13.3,27.0,165,0.10,50990.06,57911.30,2024-05-25T03:56,2024-05-25T20:01,1.0,0.00,0.10
2024-05-26,18.5,11.4,14.6,12.8,17.6,9.8,23.9,46.8,211,5.10,41329.16,58052.05,2024-05-26T03:55,2024-05-26T20:02,15.0,0.00,5.10
2024-05-27,15.9,9.5,12.7,10.4,13.4,7.3,19.5,38.9,235,1.20,47223.11,58188.17,2024-05-27T03:54,2024-05-27T20:04,7.0,0.00,1.20
2024-05-28,18.0,9.8,14.3,12.4,16.0,8.1,28.1,54.0,214,4.50,2404.30,58319.45,2024-05-28T03:53,2024-05-28T20:05,9.0,0.00,4.50
2024-05-29,18.9,12.1,15.2,13.0,17.1,10.1,20.6,38.9,269,0.20,49443.78,58445.64,2024-05-29T03:52,2024-05-29T20:06,2.0,0.00,0.20
2024-05-30,17.1,10.9,13.7,11.4,14.8,8.6,22.0,45.7,318,6.70,27470.11,58566.54,2024-05-30T03:51,2024-05-30T20:07,11.0,0.00,6.70
2024-05-31,15.1,11.2,13.2,9.7,11.5,8.3,34.3,64.4,346,0.40,17489.61,58681.89,2024-05-31T03:50,2024-05-31T20:08,4.0,0.00,0.40
2024-06-01,16.5,8.7,13.3,10.3,13.3,5.9,25.3,46.8,6,0.00,23883.51,58791.64,2024-06-01T03:49,2024-06-01T20:09,0.0,0.00,0.00
2024-06-02,22.0,8.0,15.6,14.4,21.9,6.0,14.3,27.7,348,0.00,53678.36,58896.70,2024-06-02T03:49,2024-06-02T20:10,0.0,0.00,0.00
2024-06-03,19.6,10.8,16.1,15.5,19.8,9.7,12.1,25.2,317,0.10,19607.07,58997.13,2024-06-03T03:48,2024-06-03T20:11,1.0,0.00,0.10
2024-06-04,19.3,12.2,15.5,14.0,17.2,10.0,22.1,40.3,252,1.00,23158.93,59092.82,2024-06-04T03:47,2024-06-04T20:12,6.0,0.00,1.00
2024-06-05,15.3,6.6,12.1,9.2,11.4,4.6,19.6,39.2,277,0.10,45949.26,59183.65,2024-06-05T03:47,2024-06-05T20:13,1.0,0.00,0.10
2024-06-06,16.8,8.8,13.0,10.7,14.7,6.9,12.7,27.7,261,0.40,50301.51,59269.52,2024-06-06T03:46,2024-06-06T20:14,4.0,0.00,0.40
2024-06-07,17.9,7.2,13.7,11.2,14.6,5.2,19.5,38.2,256,0.10,38301.32,59350.30,2024-06-07T03:46,2024-06-07T20:15,1.0,0.00,0.10
2024-06-08,17.8,9.6,13.9,11.3,14.6,7.3,18.8,37.8,294,0.30,44708.42,59425.89,2024-06-08T03:45,2024-06-08T20:16,2.0,0.00,0.30
2024-06-09,16.6,6.2,12.7,10.0,12.8,3.9,20.4,41.0,287,0.00,32428.85,59496.19,2024-06-09T03:45,2024-06-09T20:17,0.0,0.00,0.00
2024-06-10,15.2,7.7,12.1,9.1,11.9,5.9,27.1,51.8,316,5.40,44497.76,59561.09,2024-06-10T03:45,2024-06-10T20:17,13.0,0.00,5.40
2024-06-11,15.6,6.8,11.3,8.9,13.4,4.1,15.0,30.2,322,1.00,50876.82,59620.48,2024-06-11T03:44,2024-06-11T20:18,5.0,0.00,1.00
2024-06-12,16.6,6.5,12.1,10.2,14.3,4.9,14.2,27.7,281,0.20,51993.59,59674.27,2024-06-12T03:44,2024-06-12T20:19,2.0,0.00,0.20
2024-06-13,15.6,6.7,12.1,9.3,12.8,4.7,25.4,47.9,195,2.80,18144.12,59722.35,2024-06-13T03:44,2024-06-13T20:19,8.0,0.00,2.80
2024-06-14,17.8,11.4,14.7,12.0,14.9,9.0,27.6,52.9,213,5.30,48458.62,59764.63,2024-06-14T03:44,2024-06-14T20:20,15.0,0.00,5.30
2024-06-15,17.6,9.7,13.5,10.2,13.2,6.7,35.5,65.5,231,2.60,47277.57,59801.02,2024-06-15T03:44,2024-06-15T20:20,7.0,0.00,2.60
2024-06-16,19.5,10.8,15.0,12.4,17.2,7.8,22.4,46.1,238,0.60,51447.64,59831.44,2024-06-16T03:44,2024-06-16T20:21,6.0,0.00,0.60
2024-06-17,20.9,9.4,15.8,14.4,19.0,8.0,13.9,30.6,250,0.00,52527.46,59855.80,2024-06-17T03:44,2024-06-17T20:21,0.0,0.00,0.00
2024-06-18,20.9,11.8,16.4,15.2,21.2,10.4,15.5,31.0,360,0.20,54357.57,59874.01,2024-06-18T03:44,2024-06-18T20:22,2.0,0.00,0.20
2024-06-19,19.8,11.7,15.5,13.2,17.6,9.8,21.3,41.8,50,0.00,47743.44,59886.02,2024-06-19T03:44,2024-06-19T20:22,0.0,0.00,0.00
2024-06-20,21.4,8.4,15.8,14.6,20.1,7.0,13.1,27.4,64,0.00,55057.82,59891.75,2024-06-20T03:44,2024-06-20T20:22,0.0,0.00,0.00
2024-06-21,22.6,11.9,17.2,15.8,21.1,11.2,23.0,43.2,227,0.00,49460.90,59891.12,2024-06-21T03:44,2024-06-21T20:22,0.0,0.00,0.00
2024-06-22,22.0,13.6,17.4,16.0,20.4,11.9,16.6,33.5,256,1.30,40737.88,59884.08,2024-06-22T03:45,2024-06-22T20:23,9.0,0.00,1.30
2024-06-23,22.8,10.9,18.0,17.9,23.1,9.9,9.1,17.3,263,0.00,40130.21,59870.69,2024-06-23T03:45,2024-06-23T20:23,0.0,0.00,0.00
2024-06-24,25.8,14.0,20.3,21.1,27.1,14.3,11.8,23.0,181,0.00,49292.76,59851.03,2024-06-24T03:45,2024-06-24T20:23,0.0,0.00,0.00
2024-06-25,27.7,13.8,21.4,22.0,29.2,13.8,16.8,30.6,110,0.00,53761.48,59825.21,2024-06-25T03:46,2024-06-25T20:23,0.0,0.00,0.00
2024-06-26,28.9,14.9,22.5,22.8,29.3,15.1,16.6,31.3,142,0.00,54970.27,59793.28,2024-06-26T03:46,2024-06-26T20:23,0.0,0.00,0.00
2024-06-27,22.9,14.2,19.1,17.3,21.7,11.1,27.0,51.1,258,0.00,46539.80,59755.39,2024-06-27T03:47,2024-06-27T20:23,0.0,0.00,0.00
2024-06-28,21.5,12.1,16.7,13.9,19.1,9.8,23.2,44.6,259,0.00,51558.64,59711.61,2024-06-28T03:47,2024-06-28T20:22,0.0,0.00,0.00
2024-06-29,23.0,10.4,17.5,16.8,23.0,9.1,13.4,24.1,302,0.00,46079.58,59662.03,2024-06-29T03:48,2024-06-29T20:22,0.0,0.00,0.00
2024-06-30,20.5,14.4,17.0,15.2,19.8,12.7,17.2,35.3,328,0.10,14883.14,59606.80,2024-06-30T03:49,2024-06-30T20:22,1.0,0.00,0.10
2024-07-01,19.5,12.0,16.5,14.5,17.1,10.6,18.8,37.1,295,0.20,17510.06,59546.01,2024-07-01T03:49,2024-07-01T20:22,2.0,0.00,0.20
2024-07-02,18.2,13.0,15.4,13.2,15.5,10.3,20.2,39.2,322,0.20,13373.31,59479.77,2024-07-02T03:50,2024-07-02T20:21,2.0,0.00,0.20
2024-07-03,18.6,12.8,15.7,13.9,16.3,11.7,22.3,41.4,243,1.80,0.00,59408.21,2024-07-03T03:51,2024-07-03T20:21,5.0,0.00,1.80
2024-07-04,19.5,12.1,15.8,12.2,14.9,9.7,28.3,55.8,269,0.10,47637.64,59331.44,2024-07-04T03:52,2024-07-04T20:20,1.0,0.00,0.10
2024-07-05,20.4,13.4,16.2,15.3,19.9,11.5,25.8,48.2,228,32.50,12817.03,59249.58,2024-07-05T03:52,2024-07-05T20:20,21.0,0.00,32.50
2024-07-06,16.5,10.7,14.3,11.6,15.4,8.6,28.7,56.9,264,7.80,51828.07,59162.76,2024-07-06T03:53,2024-07-06T20:19,15.0,0.00,7.80
2024-07-07,17.7,10.3,13.9,11.9,15.6,8.0,20.5,44.3,229,7.50,39875.89,59071.09,2024-07-07T03:54,2024-07-07T20:19,6.0,0.00,7.50
2024-07-08,18.2,9.1,14.4,13.5,17.9,7.5,15.9,29.9,161,6.80,21142.84,58974.71,2024-07-08T03:55,2024-07-08T20:18,12.0,0.00,6.80
2024-07-09,19.4,14.8,17.0,16.5,19.3,13.5,19.1,37.1,170,10.10,2635.63,58873.74,2024-07-09T03:56,2024-07-09T20:17,16.0,0.00,10.10
2024-07-10,20.4,13.9,17.3,15.5,17.8,12.2,26.0,48.6,231,0.50,37394.31,58768.31,2024-07-10T03:57,2024-07-10T20:17,5.0,0.00,0.50
2024-07-11,21.1,11.6,16.8,15.8,20.5,10.6,16.4,31.7,282,0.00,46872.42,58658.33,2024-07-11T03:58,2024-07-11T20:16,0.0,0.00,0.00
2024-07-12,18.4,12.9,15.1,13.2,16.7,11.0,17.6,34.9,17,0.00,19327.89,58542.85,2024-07-12T03:59,2024-07-12T20:15,0.0,0.00,0.00
2024-07-13,18.8,11.4,14.7,13.6,17.1,10.4,11.9,24.8,289,0.40,37628.55,58421.88,2024-07-13T04:00,2024-07-13T20:14,4.0,0.00,0.40
2024-07-14,20.9,9.6,15.8,15.0,19.8,8.4,13.2,27.7,241,0.10,46638.41,58295.65,2024-07-14T04:02,2024-07-14T20:13,1.0,0.00,0.10
2024-07-15,20.6,11.0,16.1,15.9,19.7,9.9,18.3,34.9,153,7.60,19098.71,58164.43,2024-07-15T04:03,2024-07-15T20:12,11.0,0.00,7.60
2024-07-16,20.9,13.4,17.2,16.4,20.6,12.5,17.5,34.9,262,1.10,43581.68,58028.44,2024-07-16T04:04,2024-07-16T20:11,8.0,0.00,1.10
2024-07-17,22.2,12.0,17.5,17.4,22.1,11.7,14.3,25.6,239,0.00,44343.77,57887.93,2024-07-17T04:05,2024-07-17T20:10,0.0,0.00,0.00
2024-07-18,26.0,12.1,19.2,19.6,26.3,11.5,16.0,32.4,182,0.00,52256.31,57743.09,2024-07-18T04:07,2024-07-18T20:09,0.0,0.00,0.00
2024-07-19,29.0,14.6,22.1,23.4,30.5,15.4,12.6,27.0,170,0.00,52399.85,57594.20,2024-07-19T04:08,2024-07-19T20:08,0.0,0.00,0.00
2024-07-20,23.6,15.9,19.8,20.0,23.4,16.6,17.6,35.3,214,0.00,30681.75,57441.44,2024-07-20T04:09,2024-07-20T20:07,0.0,0.00,0.00
2024-07-21,21.6,14.6,18.7,18.2,21.2,13.0,14.8,29.5,283,0.00,32842.12,57285.05,2024-07-21T04:11,2024-07-21T20:05,0.0,0.00,0.00
2024-07-22,24.0,12.8,18.8,17.7,22.2,11.9,25.1,49.0,223,0.20,37944.51,57125.25,2024-07-22T04:12,2024-07-22T20:04,2.0,0.00,0.20
2024-07-23,22.8,16.5,19.2,19.3,24.0,15.9,20.0,39.2,303,3.40,43808.60,56962.24,2024-07-23T04:13,2024-07-23T20:03,9.0,0.00,3.40
2024-07-24,23.5,14.4,18.7,18.4,23.3,14.7,20.8,41.0,200,0.40,41810.64,56796.23,2024-07-24T04:15,2024-07-24T20:01,2.0,0.00,0.40
2024-07-25,21.2,15.9,18.2,17.6,20.8,14.9,23.9,45.7,216,1.40,965.08,56627.41,2024-07-25T04:16,2024-07-25T20:00,9.0,0.00,1.40
2024-07-26,21.9,13.1,17.7,16.6,20.4,12.4,15.5,32.0,256,0.20,50631.14,56456.00,2024-07-26T04:18,2024-07-26T19:58,2.0,0.00,0.20
2024-07-27,21.7,13.5,17.5,16.6,20.2,13.1,13.4,27.7,280,0.00,50725.76,56282.18,2024-07-27T04:19,2024-07-27T19:57,0.0,0.00,0.00
2024-07-28,24.7,11.9,18.6,18.6,24.4,11.4,12.7,23.8,169,0.00,50718.55,56106.14,2024-07-28T04:20,2024-07-28T19:56,0.0,0.00,0.00
2024-07-29,27.0,13.0,20.5,20.6,27.6,12.5,12.7,28.4,99,0.00,50802.30,55928.07,2024-07-29T04:22,2024-07-29T19:54,0.0,0.00,0.00
2024-07-30,29.4,14.6,22.5,23.2,31.4,14.7,13.3,25.2,57,0.00,50698.71,55748.14,2024-07-30T04:23,2024-07-30T19:52,0.0,0.00,0.00
2024-07-31,27.5,18.2,22.1,21.6,27.9,17.5,19.1,39.2,75,0.00,50532.43,55566.25,2024-07-31T04:25,2024-07-31T19:51,0.0,0.00,0.00
2024-08-01,28.1,17.0,21.9,23.5,30.2,17.0,10.6,21.2,53,3.00,45999.65,55380.93,2024-08-01T04:26,2024-08-01T19:49,4.0,0.00,3.00
2024-08-02,26.0,16.5,21.0,21.8,27.3,18.0,17.7,34.9,264,0.80,49410.57,55192.14,2024-08-02T04:28,2024-08-02T19:48,3.0,0.00,0.80
2024-08-03,23.4,15.6,19.9,19.1,22.7,14.1,18.9,38.2,254,0.50,33368.89,55000.12,2024-08-03T04:29,2024-08-03T19:46,4.0,0.00,0.50
2024-08-04,22.1,12.4,17.4,15.9,19.9,11.4,15.8,31.0,248,0.30,25471.81,54805.10,2024-08-04T04:31,2024-08-04T19:44,1.0,0.00,0.30
2024-08-05,24.6,13.7,19.2,18.7,24.0,13.2,20.9,41.0,215,0.00,37467.45,54607.32,2024-08-05T04:32,2024-08-05T19:42,0.0,0.00,0.00
2024-08-06,21.0,15.1,18.8,18.4,21.2,13.9,19.8,36.7,229,2.20,16105.44,54406.98,2024-08-06T04:34,2024-08-06T19:41,5.0,0.00,2.20
2024-08-07,21.0,11.8,17.0,15.3,17.9,11.2,21.6,44.3,245,0.00,23168.41,54204.32,2024-08-07T04:35,2024-08-07T19:39,0.0,0.00,0.00
2024-08-08,20.8,12.1,17.7,16.1,18.5,11.7,31.1,58.3,212,0.10,16582.33,53999.54,2024-08-08T04:37,2024-08-08T19:37,1.0,0.00,0.10
2024-08-09,23.8,15.2,20.0,18.3,21.5,13.6,24.2,44.3,255,0.10,43386.45,53792.83,2024-08-09T04:39,2024-08-09T19:35,1.0,0.00,0.10
2024-08-10,23.8,14.2,19.1,18.5,23.9,13.4,21.7,42.1,238,0.00,26155.21,53584.40,2024-08-10T04:40,2024-08-10T19:33,0.0,0.00,0.00
2024-08-11,27.6,15.2,21.1,21.3,28.3,15.2,19.4,37.1,82,0.00,43266.94,53374.44,2024-08-11T04:42,2024-08-11T19:31,0.0,0.00,0.00
2024-08-12,31.8,17.7,24.0,24.7,33.7,16.1,19.5,39.2,200,0.00,48997.09,53163.14,2024-08-12T04:43,2024-08-12T19:29,0.0,0.00,0.00
2024-08-13,25.4,13.3,19.3,18.7,24.9,12.9,17.1,35.3,229,0.00,48799.16,52950.67,2024-08-13T04:45,2024-08-13T19:27,0.0,0.00,0.00
2024-08-14,23.0,16.7,19.5,20.7,24.2,17.1,11.4,21.6,270,3.40,13999.51,52737.22,2024-08-14T04:47,2024-08-14T19:25,8.0,0.00,3.40
2024-08-15,21.7,13.1,18.6,17.3,20.3,12.4,31.1,58.3,225,0.30,21361.46,52522.95,2024-08-15T04:48,2024-08-15T19:23,3.0,0.00,0.30
2024-08-16,23.2,14.1,18.9,18.7,23.0,13.5,13.6,31.0,307,1.40,46761.55,52308.04,2024-08-16T04:50,2024-08-16T19:22,3.0,0.00,1.40
2024-08-17,21.8,11.8,17.2,16.2,21.5,10.7,15.3,27.7,297,0.00,47996.02,52092.62,2024-08-17T04:51,2024-08-17T19:19,0.0,0.00,0.00
2024-08-18,24.2,12.6,18.1,16.7,21.7,12.1,16.8,33.8,280,0.00,47665.79,51876.89,2024-08-18T04:53,2024-08-18T19:17,0.0,0.00,0.00
2024-08-19,20.9,11.6,17.0,15.4,18.5,11.3,28.5,55.1,212,2.30,23440.70,51660.97,2024-08-19T04:54,2024-08-19T19:15,1.0,0.00,2.30
2024-08-20,21.8,14.0,18.7,16.6,19.7,11.4,24.9,48.6,246,0.80,43269.80,51444.75,2024-08-20T04:56,2024-08-20T19:13,5.0,0.00,0.80
2024-08-21,20.0,11.6,16.2,13.3,16.3,9.4,23.4,44.6,246,0.10,24593.24,51226.64,2024-08-21T04:58,2024-08-21T19:11,1.0,0.00,0.10
2024-08-22,19.8,15.4,17.8,15.2,17.8,13.0,38.4,70.6,216,0.60,147.93,51006.56,2024-08-22T04:59,2024-08-22T19:09,3.0,0.00,0.60
2024-08-23,21.6,15.2,18.5,15.9,19.0,13.3,34.2,62.3,233,4.20,38385.57,50784.67,2024-08-23T05:01,2024-08-23T19:07,5.0,0.00,4.20
2024-08-24,17.4,12.2,15.4,14.3,16.4,9.8,23.5,43.6,242,11.50,11367.82,50561.16,2024-08-24T05:02,2024-08-24T19:05,16.0,0.00,11.50
2024-08-25,19.6,10.2,15.2,12.3,15.6,8.2,27.2,55.4,232,0.00,38603.35,50336.21,2024-08-25T05:04,2024-08-25T19:03,0.0,0.00,0.00
2024-08-26,21.5,13.8,17.5,16.1,19.3,12.6,19.8,37.8,228,0.00,39884.22,50109.96,2024-08-26T05:06,2024-08-26T19:01,0.0,0.00,0.00
2024-08-27,23.5,14.1,18.4,17.5,21.9,13.5,20.8,41.0,186,0.00,43627.98,49882.61,2024-08-27T05:07,2024-08-27T18:59,0.0,0.00,0.00
2024-08-28,26.8,12.6,19.8,19.7,26.5,12.2,16.5,32.4,181,0.00,35514.97,49654.29,2024-08-28T05:09,2024-08-28T18:56,0.0,0.00,0.00
2024-08-29,21.1,12.2,16.7,15.2,18.8,11.3,16.6,34.6,274,0.00,43874.06,49425.16,2024-08-29T05:10,2024-08-29T18:54,0.0,0.00,0.00
2024-08-30,22.4,11.2,16.6,15.1,20.2,10.0,15.3,29.5,49,0.00,36278.34,49195.38,2024-08-30T05:12,2024-08-30T18:52,0.0,0.00,0.00
2024-08-31,20.5,13.2,17.0,15.0,17.4,11.4,25.2,47.2,60,0.20,7960.00,48965.09,2024-08-31T05:14,2024-08-31T18:50,1.0,0.00,0.20
2024-09-01,27.9,15.8,21.0,21.7,28.9,15.4,18.8,36.7,70,0.00,43236.93,48734.44,2024-09-01T05:15,2024-09-01T18:47,0.0,0.00,0.00
2024-09-02,22.0,17.0,19.5,20.0,22.1,17.6,21.1,41.4,195,2.50,1989.74,48503.57,2024-09-02T05:17,2024-09-02T18:45,4.0,0.00,2.50
2024-09-03,21.2,15.2,18.2,18.4,21.4,15.0,16.1,32.8,260,1.80,36965.34,48272.61,2024-09-03T05:18,2024-09-03T18:43,8.0,0.00,1.80
2024-09-04,19.5,13.4,16.2,15.2,18.3,12.6,13.8,24.5,358,0.50,41962.95,48041.71,2024-09-04T05:20,2024-09-04T18:41,4.0,0.00,0.50
2024-09-05,20.4,13.8,17.2,16.5,20.8,12.1,27.7,51.8,36,4.70,599.75,47811.00,2024-09-05T05:22,2024-09-05T18:38,11.0,0.00,4.70
2024-09-06,22.8,14.5,18.0,19.2,24.4,14.7,16.2,32.4,228,17.90,14909.05,47580.61,2024-09-06T05:23,2024-09-06T18:36,10.0,0.00,17.90
2024-09-07,21.0,13.4,16.7,17.6,22.0,13.7,10.2,21.6,88,3.00,14400.00,47350.67,2024-09-07T05:25,2024-09-07T18:34,6.0,0.00,3.00
2024-09-08,19.3,13.4,16.3,16.5,19.9,13.6,13.0,29.2,200,1.70,34385.95,47121.31,2024-09-08T05:26,2024-09-08T18:32,10.0,0.00,1.70
2024-09-09,17.9,11.6,15.3,13.0,15.6,9.4,25.8,49.7,302,0.00,17523.39,46892.38,2024-09-09T05:28,2024-09-09T18:29,0.0,0.00,0.00
2024-09-10,18.2,10.2,14.3,11.4,14.4,7.4,31.8,58.3,256,2.60,3190.27,46662.31,2024-09-10T05:29,2024-09-10T18:27,8.0,0.00,2.60
2024-09-11,15.6,8.5,11.4,7.5,11.5,5.0,27.9,53.6,285,0.60,42546.49,46430.98,2024-09-11T05:31,2024-09-11T18:25,4.0,0.00,0.60
2024-09-12,14.5,6.6,10.0,6.9,11.7,3.5,17.8,38.2,314,0.50,36513.73,46198.54,2024-09-12T05:33,2024-09-12T18:23,4.0,0.00,0.50
2024-09-13,15.7,5.6,10.6,8.2,13.6,3.0,10.6,22.0,315,0.00,40330.02,45965.13,2024-09-13T05:34,2024-09-13T18:20,0.0,0.00,0.00
2024-09-14,18.4,4.9,11.8,9.6,15.8,2.4,14.3,29.2,232,0.00,41854.28,45730.87,2024-09-14T05:36,2024-09-14T18:18,0.0,0.00,0.00
2024-09-15,19.5,7.4,13.5,12.2,17.1,5.6,15.8,33.1,253,2.70,28571.15,45495.92,2024-09-15T05:37,2024-09-15T18:16,3.0,0.00,2.70
2024-09-16,19.6,11.1,15.0,13.6,17.8,9.5,14.7,26.6,18,0.00,41387.00,45260.41,2024-09-16T05:39,2024-09-16T18:13,0.0,0.00,0.00
2024-09-17,20.5,9.7,15.0,12.7,17.6,7.5,19.8,39.6,43,0.00,41152.02,45024.46,2024-09-17T05:41,2024-09-17T18:11,0.0,0.00,0.00
2024-09-18,23.6,12.7,17.5,15.6,21.1,10.8,23.7,45.4,50,0.00,38167.66,44788.23,2024-09-18T05:42,2024-09-18T18:09,0.0,0.00,0.00
2024-09-19,24.1,14.4,18.4,16.8,22.4,13.0,25.0,47.5,46,0.00,35470.40,44551.82,2024-09-19T05:44,2024-09-19T18:06,0.0,0.00,0.00
2024-09-20,22.9,13.2,17.4,15.8,20.2,11.3,21.7,47.9,50,4.20,23807.10,44315.39,2024-09-20T05:45,2024-09-20T18:04,5.0,0.00,4.20
2024-09-21,22.9,14.8,18.2,17.9,22.5,14.3,20.3,36.0,73,1.40,36451.61,44079.05,2024-09-21T05:47,2024-09-21T18:02,6.0,0.00,1.40
2024-09-22,20.9,14.9,17.2,17.4,21.2,15.3,16.2,35.6,89,27.00,25565.45,43842.93,2024-09-22T05:49,2024-09-22T17:59,17.0,0.00,27.00
2024-09-23,17.2,14.3,15.4,14.8,17.0,13.5,19.6,38.2,224,34.50,4559.58,43607.18,2024-09-23T05:50,2024-09-23T17:57,23.0,0.00,34.50
2024-09-24,16.5,11.6,14.3,12.8,14.2,9.5,17.0,32.8,279,1.70,12041.10,43371.90,2024-09-24T05:52,2024-09-24T17:55,5.0,0.00,1.70
2024-09-25,17.0,10.5,13.5,12.2,14.7,9.1,19.7,37.1,192,12.70,21684.86,43137.24,2024-09-25T05:53,2024-09-25T17:52,15.0,0.00,12.70
2024-09-26,16.9,11.4,13.5,11.7,15.1,8.6,22.6,46.8,218,20.70,25212.79,42903.34,2024-09-26T05:55,2024-09-26T17:50,20.0,0.00,20.70
2024-09-27,12.6,7.0,10.5,6.9,9.1,3.5,26.5,50.8,317,3.00,10734.56,42670.30,2024-09-27T05:57,2024-09-27T17:48,10.0,0.00,3.00
2024-09-28,13.6,5.3,9.7,7.2,11.3,2.5,14.8,31.0,291,0.00,27208.91,42438.28,2024-09-28T05:58,2024-09-28T17:46,0.0,0.00,0.00
2024-09-29,14.4,5.6,10.8,7.3,9.8,2.8,29.2,59.0,140,0.40,17290.60,42207.11,2024-09-29T06:00,2024-09-29T17:43,3.0,0.00,0.40
2024-09-30,15.8,11.8,13.9,10.9,14.7,7.3,29.4,54.4,233,9.40,0.00,41975.14,2024-09-30T06:01,2024-09-30T17:41,11.0,0.00,9.40
2024-10-01,14.4,10.1,12.3,9.5,11.8,7.4,25.8,50.0,298,12.40,10287.79,41742.24,2024-10-01T06:03,2024-10-01T17:39,9.0,0.00,12.40
2024-10-02,17.1,10.5,13.6,11.0,14.6,7.6,22.6,43.2,22,1.70,28861.56,41508.55,2024-10-02T06:05,2024-10-02T17:37,11.0,0.00,1.70
2024-10-03,15.4,7.0,11.3,9.0,13.0,4.8,17.0,33.8,50,0.10,36230.71,41274.21,2024-10-03T06:06,2024-10-03T17:34,1.0,0.00,0.10
2024-10-04,15.7,5.2,9.8,7.8,13.7,3.2,10.8,23.4,141,0.00,34111.51,41039.36,2024-10-04T06:08,2024-10-04T17:32,0.0,0.00,0.00
2024-10-05,16.4,5.3,11.5,9.0,13.4,2.8,19.5,37.1,136,0.10,29299.99,40804.17,2024-10-05T06:10,2024-10-05T17:30,1.0,0.00,0.10
2024-10-06,15.1,12.0,13.6,11.5,13.8,9.1,22.1,41.4,155,4.80,7318.69,40568.78,2024-10-06T06:11,2024-10-06T17:28,9.0,0.00,4.80
2024-10-07,17.2,11.4,13.8,12.4,15.6,9.9,19.9,40.0,188,4.80,35744.62,40333.32,2024-10-07T06:13,2024-10-07T17:25,8.0,0.00,4.80
2024-10-08,17.7,11.8,13.9,12.0,15.2,10.6,23.4,50.0,183,6.60,29314.57,40097.97,2024-10-08T06:15,2024-10-08T17:23,17.0,0.00,6.60
2024-10-09,16.1,12.6,13.7,11.9,14.8,9.6,20.1,36.4,289,0.70,23657.25,39862.86,2024-10-09T06:16,2024-10-09T17:21,6.0,0.00,0.70
2024-10-10,12.1,4.3,9.3,6.5,9.9,1.9,18.7,36.0,343,3.30,17131.01,39628.17,2024-10-10T06:18,2024-10-10T17:19,7.0,0.00,3.30
2024-10-11,11.7,2.1,7.3,5.0,10.2,-0.5,11.4,20.2,189,0.00,34883.84,39394.03,2024-10-11T06:20,2024-10-11T17:16,0.0,0.00,0.00
2024-10-12,14.0,7.6,10.7,7.7,12.0,3.8,20.1,41.8,213,4.40,14995.52,39160.61,2024-10-12T06:21,2024-10-12T17:14,11.0,0.00,4.40
2024-10-13,10.9,4.9,8.0,5.3,9.1,1.5,18.8,33.5,275,0.00,15290.49,38928.08,2024-10-13T06:23,2024-10-13T17:12,0.0,0.00,0.00
2024-10-14,13.1,7.8,10.3,7.7,10.2,4.8,21.9,41.4,80,18.10,10800.00,38696.60,2024-10-14T06:25,2024-10-14T17:10,9.0,0.00,18.10
2024-10-15,16.6,9.6,13.2,11.8,15.7,8.0,18.5,33.1,99,0.10,3578.97,38466.34,2024-10-15T06:27,2024-10-15T17:08,1.0,0.00,0.10
2024-10-16,20.7,14.1,17.0,16.5,20.4,13.2,23.6,45.4,153,5.00,26722.02,38237.46,2024-10-16T06:28,2024-10-16T17:06,8.0,0.00,5.00
2024-10-17,17.2,9.7,14.4,13.6,15.8,8.4,15.4,31.3,229,6.10,28436.42,38010.16,2024-10-17T06:30,2024-10-17T17:03,5.0,0.00,6.10
2024-10-18,15.8,7.7,11.4,9.8,13.7,6.4,17.0,32.8,213,1.30,19598.10,37784.61,2024-10-18T06:32,2024-10-18T17:01,3.0,0.00,1.30
2024-10-19,16.4,9.4,13.5,12.2,15.0,8.0,21.2,39.2,213,7.50,23125.00,37560.65,2024-10-19T06:33,2024-10-19T16:59,10.0,0.00,7.50
2024-10-20,17.2,10.4,14.0,11.2,14.8,9.1,32.8,59.8,199,5.00,450.61,37336.45,2024-10-20T06:35,2024-10-20T16:57,9.0,0.00,5.00
2024-10-21,14.2,9.6,12.2,10.5,13.2,8.1,20.2,37.8,223,1.00,0.00,37111.85,2024-10-21T06:37,2024-10-21T16:55,5.0,0.00,1.00
2024-10-22,15.4,8.0,10.9,9.2,13.6,5.9,19.7,38.9,230,0.50,31052.88,36887.02,2024-10-22T06:38,2024-10-22T16:53,2.0,0.00,0.50
2024-10-23,16.0,7.7,11.4,10.1,14.4,5.8,14.7,28.4,187,0.10,25004.01,36662.15,2024-10-23T06:40,2024-10-23T16:51,1.0,0.00,0.10
2024-10-24,16.6,9.6,12.7,11.2,14.8,7.7,16.6,33.1,139,0.00,31845.55,36437.43,2024-10-24T06:42,2024-10-24T16:49,0.0,0.00,0.00
2024-10-25,17.0,9.9,13.5,12.9,16.6,8.5,15.4,29.5,150,1.60,8863.44,36213.04,2024-10-25T06:44,2024-10-25T16:47,6.0,0.00,1.60
2024-10-26,15.6,7.9,11.4,10.8,15.1,6.0,9.0,17.6,181,0.20,12523.35,35989.18,2024-10-26T06:46,2024-10-26T16:45,2.0,0.00,0.20
2024-10-27,13.9,5.9,10.1,8.4,13.0,3.5,13.0,23.0,244,0.00,31049.17,35766.05,2024-10-27T06:47,2024-10-27T16:43,0.0,0.00,0.00
2024-10-28,15.5,10.9,13.5,11.6,14.2,8.5,21.1,41.0,226,0.20,2135.85,35543.86,2024-10-28T06:49,2024-10-28T16:41,1.0,0.00,0.20
2024-10-29,15.4,11.1,13.7,13.3,14.7,10.1,10.2,20.5,278,0.70,3111.83,35322.81,2024-10-29T06:51,2024-10-29T16:40,4.0,0.00,0.70
2024-10-30,14.0,7.1,10.2,9.1,13.4,5.4,9.1,15.8,8,0.00,20427.54,35103.12,2024-10-30T06:53,2024-10-30T16:38,0.0,0.00,0.00
2024-10-31,13.2,6.4,9.4,8.5,13.0,4.7,6.7,12.2,12,0.00,15928.10,34885.01,2024-10-31T06:54,2024-10-31T16:36,0.0,0.00,0.00
2024-11-01,12.4,6.2,9.8,8.3,10.8,4.1,12.0,24.8,291,0.00,15566.42,34668.70,2024-11-01T06:56,2024-11-01T16:34,0.0,0.00,0.00
2024-11-02,14.2,10.4,12.2,11.0,13.2,9.1,12.2,23.4,72,0.00,1142.38,34454.44,2024-11-02T06:58,2024-11-02T16:32,0.0,0.00,0.00
2024-11-03,13.4,10.9,11.9,10.4,11.3,9.4,13.2,25.2,82,0.00,391.20,34242.45,2024-11-03T07:00,2024-11-03T16:30,0.0,0.00,0.00
2024-11-04,12.9,9.4,11.0,9.4,11.2,7.9,9.5,20.2,78,0.00,2917.11,34032.99,2024-11-04T07:01,2024-11-04T16:29,0.0,0.00,0.00
2024-11-05,13.4,9.6,10.8,10.1,12.7,8.7,7.2,13.7,350,0.00,10739.69,33826.30,2024-11-05T07:03,2024-11-05T16:27,0.0,0.00,0.00
2024-11-06,12.6,9.8,10.9,10.3,12.5,9.2,5.4,10.4,102,0.20,0.00,33622.64,2024-11-06T07:05,2024-11-06T16:25,2.0,0.00,0.20
2024-11-07,12.8,9.9,10.9,9.3,10.7,8.2,12.9,25.9,91,0.00,1349.22,33422.29,2024-11-07T07:07,2024-11-07T16:24,0.0,0.00,0.00
2024-11-08,10.1,7.7,8.9,6.5,8.4,5.5,12.6,24.8,86,0.10,48.25,33225.15,2024-11-08T07:08,2024-11-08T16:22,1.0,0.00,0.10
2024-11-09,9.2,5.6,7.7,6.1,7.7,3.6,5.8,12.6,288,0.00,3267.69,33029.27,2024-11-09T07:10,2024-11-09T16:21,0.0,0.00,0.00
2024-11-10,11.6,4.0,8.7,7.2,10.8,1.5,10.9,20.2,238,0.10,1685.94,32834.51,2024-11-10T07:12,2024-11-10T16:19,1.0,0.00,0.10
2024-11-11,11.6,5.9,9.1,6.5,9.9,2.4,14.1,25.2,337,0.00,26152.83,32641.07,2024-11-11T07:14,2024-11-11T16:18,0.0,0.00,0.00
2024-11-12,12.1,5.9,8.7,5.1,8.4,2.1,22.0,49.7,14,0.00,25249.96,32449.20,2024-11-12T07:15,2024-11-12T16:16,0.0,0.00,0.00
2024-11-13,11.6,6.3,8.5,6.3,9.6,4.4,12.0,24.5,355,0.00,27403.96,32259.10,2024-11-13T07:17,2024-11-13T16:15,0.0,0.00,0.00
2024-11-14,11.9,8.1,9.8,8.3,9.7,6.9,12.2,28.8,8,0.20,14405.08,32071.03,2024-11-14T07:19,2024-11-14T16:13,2.0,0.00,0.20
2024-11-15,10.1,4.5,7.8,6.0,8.2,2.3,7.2,18.4,265,0.00,18609.29,31885.22,2024-11-15T07:20,2024-11-15T16:12,0.0,0.00,0.00
2024-11-16,10.8,3.0,7.4,5.2,8.8,0.5,12.0,25.6,248,0.60,0.00,31701.92,2024-11-16T07:22,2024-11-16T16:11,2.0,0.00,0.60
2024-11-17,10.0,6.6,8.1,5.2,6.9,3.9,16.3,34.6,274,0.70,24066.96,31521.38,2024-11-17T07:24,2024-11-17T16:09,5.0,0.00,0.70
2024-11-18,9.1,5.4,7.3,5.5,6.9,3.4,13.8,27.0,100,12.50,10498.49,31343.87,2024-11-18T07:26,2024-11-18T16:08,14.0,0.00,12.50
2024-11-19,11.2,0.7,4.0,0.4,8.2,-3.9,22.1,42.1,333,8.40,0.00,31169.65,2024-11-19T07:27,2024-11-19T16:07,15.0,0.35,8.90
2024-11-20,5.1,-0.9,1.4,-2.8,0.5,-4.5,18.2,40.7,289,0.00,26246.39,30998.99,2024-11-20T07:29,2024-11-20T16:06,0.0,0.00,0.00
2024-11-21,3.7,-0.6,0.6,-2.8,0.2,-4.5,14.6,29.5,295,0.00,9092.28,30832.17,2024-11-21T07:31,2024-11-21T16:04,0.0,0.00,0.00
2024-11-22,6.6,0.8,3.0,-1.2,2.4,-3.6,22.4,46.4,270,0.20,24985.41,30669.48,2024-11-22T07:32,2024-11-22T16:03,3.0,0.42,0.80
2024-11-23,14.2,0.4,8.5,4.4,10.7,-2.7,34.2,68.0,190,13.40,0.00,30511.20,2024-11-23T07:34,2024-11-23T16:02,19.0,0.00,13.40
2024-11-24,17.2,10.9,15.4,11.5,12.9,8.3,35.8,78.1,201,10.30,0.00,30357.63,2024-11-24T07:35,2024-11-24T16:01,17.0,0.00,10.30
2024-11-25,11.4,6.6,9.7,6.4,8.3,3.3,19.4,41.4,229,1.60,25266.01,30209.09,2024-11-25T07:37,2024-11-25T16:00,4.0,0.00,1.60
2024-11-26,9.6,4.7,6.5,4.0,7.5,1.8,11.3,24.1,215,0.80,25123.95,30065.85,2024-11-26T07:38,2024-11-26T15:59,2.0,0.00,0.80
2024-11-27,7.6,1.7,5.4,2.0,5.4,-1.1,21.0,46.1,348,17.60,1860.78,29928.24,2024-11-27T07:40,2024-11-27T15:59,9.0,0.00,17.60
2024-11-28,4.5,-0.1,2.0,-0.6,2.4,-2.3,10.5,19.1,78,0.00,23737.76,29796.29,2024-11-28T07:41,2024-11-28T15:58,0.0,0.00,0.00
2024-11-29,9.8,3.3,6.3,3.2,6.9,0.0,13.5,27.7,138,0.00,24340.41,29668.45,2024-11-29T07:43,2024-11-29T15:57,0.0,0.00,0.00
2024-11-30,14.2,8.8,11.7,10.2,13.4,6.4,14.8,29.5,182,0.00,12377.39,29544.63,2024-11-30T07:44,2024-11-30T15:56,0.0,0.00,0.00
2024-12-01,13.2,10.9,11.7,9.6,11.6,8.5,19.7,38.9,191,1.90,1147.46,29425.00,2024-12-01T07:45,2024-12-01T15:56,4.0,0.00,1.90
2024-12-02,10.8,7.3,8.7,5.8,8.7,4.2,18.2,42.5,266,0.20,23529.25,29309.74,2024-12-02T07:47,2024-12-02T15:55,2.0,0.00,0.20
2024-12-03,7.0,3.5,5.4,3.1,5.1,1.3,8.9,19.8,352,0.00,14400.00,29199.02,2024-12-03T07:48,2024-12-03T15:55,0.0,0.00,0.00
2024-12-04,9.2,1.6,6.1,3.4,6.5,-0.9,22.5,44.6,206,1.00,6915.18,29093.04,2024-12-04T07:49,2024-12-04T15:54,4.0,0.00,1.00
2024-12-05,13.8,8.9,11.7,8.3,12.1,3.3,32.3,74.5,228,8.90,0.00,28991.96,2024-12-05T07:51,2024-12-05T15:54,15.0,0.00,8.90
2024-12-06,11.5,6.1,8.1,4.2,7.7,2.2,29.8,62.6,248,1.80,21758.49,28895.98,2024-12-06T07:52,2024-12-06T15:53,3.0,0.00,1.80
2024-12-07,12.4,5.9,7.9,2.1,8.5,-0.7,39.5,79.9,274,6.60,0.00,28805.27,2024-12-07T07:53,2024-12-07T15:53,11.0,0.00,6.60
2024-12-08,7.8,6.1,6.9,1.3,3.3,-0.3,33.9,72.0,351,5.20,0.00,28720.01,2024-12-08T07:54,2024-12-08T15:53,18.0,0.00,5.20
2024-12-09,7.8,6.9,7.4,2.9,3.5,2.3,24.6,51.8,24,0.00,7200.00,28640.39,2024-12-09T07:55,2024-12-09T15:53,0.0,0.00,0.00
2024-12-10,7.1,5.9,6.7,2.5,2.9,2.1,20.6,45.4,33,0.00,0.00,28566.58,2024-12-10T07:56,2024-12-10T15:53,0.0,0.00,0.00
2024-12-11,6.7,5.7,6.1,2.7,3.5,1.8,16.3,34.6,40,0.00,0.00,28498.77,2024-12-11T07:57,2024-12-11T15:52,0.0,0.00,0.00
2024-12-12,7.4,5.2,6.5,4.5,6.0,2.3,9.6,20.9,53,0.40,0.00,28437.12,2024-12-12T07:58,2024-12-12T15:52,3.0,0.00,0.40
2024-12-13,6.7,4.2,5.4,3.2,5.0,1.4,8.0,15.8,133,0.40,0.00,28381.82,2024-12-13T07:59,2024-12-13T15:52,4.0,0.00,0.40
2024-12-14,7.8,3.8,5.4,2.4,4.4,1.2,13.4,30.2,274,0.10,16912.87,28333.03,2024-12-14T08:00,2024-12-14T15:52,1.0,0.00,0.10
2024-12-15,11.9,5.2,9.4,6.9,9.9,2.2,19.0,39.6,255,0.00,5442.21,28290.91,2024-12-15T08:01,2024-12-15T15:53,0.0,0.00,0.00
2024-12-16,11.2,6.9,9.9,7.1,8.2,4.6,18.9,42.5,242,0.30,16377.99,28255.64,2024-12-16T08:02,2024-12-16T15:53,2.0,0.00,0.30
2024-12-17,10.4,4.3,8.3,5.7,7.9,2.1,20.5,42.1,193,0.00,3600.00,28227.36,2024-12-17T08:03,2024-12-17T15:53,0.0,0.00,0.00
2024-12-18,13.9,10.9,12.6,9.3,10.6,7.2,28.8,60.5,216,7.40,14458.81,28206.17,2024-12-18T08:03,2024-12-18T15:53,10.0,0.00,7.40
2024-12-19,11.9,4.2,6.3,1.9,8.6,0.2,29.0,58.0,293,1.80,22355.27,28191.75,2024-12-19T08:04,2024-12-19T15:54,5.0,0.00,1.80
2024-12-20,8.4,2.3,5.4,2.0,5.0,-1.1,17.7,37.8,242,1.80,14470.14,28184.01,2024-12-20T08:04,2024-12-20T15:54,4.0,0.00,1.80
2024-12-21,12.6,4.7,8.3,4.5,8.6,1.7,27.0,56.2,248,1.60,3297.99,28182.89,2024-12-21T08:05,2024-12-21T15:55,3.0,0.00,1.60
2024-12-22,7.2,4.2,5.6,-0.0,2.5,-1.1,30.0,65.5,286,0.90,14081.40,28188.34,2024-12-22T08:05,2024-12-22T15:55,5.0,0.98,2.30
2024-12-23,6.3,4.2,5.3,1.5,4.2,-0.7,25.5,54.0,296,2.20,7515.72,28200.30,2024-12-23T08:06,2024-12-23T15:56,7.0,0.00,2.20
2024-12-24,12.6,6.2,9.6,8.1,11.5,4.5,12.0,22.7,253,0.10,6982.81,28218.70,2024-12-24T08:06,2024-12-24T15:56,1.0,0.00,0.10
2024-12-25,10.3,8.8,9.4,8.0,8.9,7.4,9.4,21.6,243,0.00,0.00,28243.48,2024-12-25T08:06,2024-12-25T15:57,0.0,0.00,0.00
2024-12-26,8.7,6.4,7.4,5.9,7.7,5.0,5.5,10.8,146,0.00,888.77,28274.55,2024-12-26T08:07,2024-12-26T15:58,0.0,0.00,0.00
2024-12-27,7.7,6.1,6.5,5.2,6.6,4.6,2.3,6.8,67,0.00,0.00,28311.84,2024-12-27T08:07,2024-12-27T15:59,0.0,0.00,0.00
2024-12-28,6.4,5.1,5.7,3.7,5.3,2.5,8.5,17.3,232,0.00,0.00,28355.26,2024-12-28T08:07,2024-12-28T15:59,0.0,0.00,0.00
2024-12-29,7.5,4.7,5.9,3.3,5.1,2.2,11.4,24.1,243,0.00,4244.59,28404.74,2024-12-29T08:07,2024-12-29T16:00,0.0,0.00,0.00
2024-12-30,8.9,6.4,7.4,4.5,5.6,3.6,16.2,37.4,228,0.00,10601.53,28460.16,2024-12-30T08:07,2024-12-30T16:01,0.0,0.00,0.00
2024-12-31,11.4,6.9,9.4,5.9,8.1,4.1,26.7,59.8,222,0.10,12342.38,28521.45,2024-12-31T08:07,2024-12-31T16:02,1.0,0.00,0.10
2025-01-01,11.4,4.0,8.6,4.5,7.0,1.2,32.6,66.6,232,9.80,0.00,28588.50,2025-01-01T08:07,2025-01-01T16:03,15.0,0.00,9.80
2025-01-02,3.7,-0.9,1.5,-1.9,0.5,-4.5,9.9,22.7,321,0.00,23239.02,28661.22,2025-01-02T08:07,2025-01-02T16:04,0.0,0.00,0.00
2025-01-03,3.9,-1.9,0.1,-3.5,0.4,-5.4,11.4,22.3,264,0.00,23382.26,28739.50,2025-01-03T08:07,2025-01-03T16:06,0.0,0.00,0.00
2025-01-04,2.8,-2.0,0.4,-2.9,-0.5,-5.0,17.3,35.3,109,0.90,0.00,28823.23,2025-01-04T08:06,2025-01-04T16:07,5.0,3.01,5.20
2025-01-05,12.6,0.8,7.9,4.5,9.6,-4.0,25.4,52.6,188,13.90,0.00,28912.31,2025-01-05T08:06,2025-01-05T16:08,21.0,2.03,16.80
2025-01-06,11.4,1.9,6.5,2.1,7.7,-2.1,33.5,72.7,235,7.40,4928.96,29006.62,2025-01-06T08:06,2025-01-06T16:09,12.0,0.00,7.40
2025-01-07,5.2,0.4,2.2,-1.6,1.1,-3.4,14.6,40.0,254,0.00,23332.69,29106.29,2025-01-07T08:05,2025-01-07T16:10,1.0,0.07,0.10
2025-01-08,1.8,-1.5,0.4,-2.9,-1.6,-4.4,12.9,25.2,25,1.30,1056.36,29212.40,2025-01-08T08:05,2025-01-08T16:12,8.0,1.05,2.80
2025-01-09,3.2,-1.0,0.7,-3.1,-0.9,-4.9,13.4,27.0,307,0.20,24123.18,29324.88,2025-01-09T08:04,2025-01-09T16:13,2.0,0.07,0.30
2025-01-10,1.9,-3.1,-1.4,-4.4,-0.9,-6.1,6.7,14.0,17,0.00,14307.49,29443.48,2025-01-10T08:04,2025-01-10T16:14,0.0,0.00,0.00
2025-01-11,1.8,-3.8,-2.2,-5.1,-1.0,-6.7,4.0,10.8,305,0.00,24024.28,29567.89,2025-01-11T08:03,2025-01-11T16:16,0.0,0.00,0.00
2025-01-12,2.7,-3.0,-0.1,-2.8,0.5,-6.0,7.7,13.3,158,0.00,6516.09,29697.84,2025-01-12T08:02,2025-01-12T16:17,0.0,0.00,0.00
2025-01-13,5.9,-0.1,2.9,-0.4,2.5,-3.0,12.5,27.0,201,0.00,22199.38,29833.06,2025-01-13T08:02,2025-01-13T16:19,0.0,0.00,0.00
2025-01-14,9.1,1.2,5.2,2.7,7.4,-1.6,10.0,21.6,235,0.00,16212.51,29973.28,2025-01-14T08:01,2025-01-14T16:20,0.0,0.00,0.00
2025-01-15,10.1,4.2,8.2,6.9,9.1,2.2,8.3,15.1,283,0.00,0.00,30118.21,2025-01-15T08:00,2025-01-15T16:22,0.0,0.00,0.00
2025-01-16,9.5,4.0,6.4,4.3,7.6,1.7,10.8,25.2,187,0.00,9234.88,30267.60,2025-01-16T07:59,2025-01-16T16:23,0.0,0.00,0.00
2025-01-17,6.6,3.5,5.2,2.7,4.0,1.1,8.5,19.1,188,0.00,7264.38,30421.18,2025-01-17T07:58,2025-01-17T16:25,0.0,0.00,0.00
2025-01-18,3.3,2.0,2.6,-0.1,0.7,-1.1,8.0,17.6,117,0.00,5787.43,30578.70,2025-01-18T07:57,2025-01-18T16:27,0.0,0.00,0.00
2025-01-19,3.5,1.8,2.4,-0.5,0.5,-1.3,10.4,24.5,160,0.10,0.00,30739.91,2025-01-19T07:56,2025-01-19T16:28,1.0,0.00,0.10
2025-01-20,6.4,1.8,3.4,1.2,4.3,-0.7,7.9,18.0,214,0.20,6720.76,30904.54,2025-01-20T07:55,2025-01-20T16:30,2.0,0.00,0.20
2025-01-21,5.2,-0.9,2.0,-0.6,2.3,-3.6,8.6,20.2,164,0.00,0.00,31072.37,2025-01-21T07:54,2025-01-21T16:32,0.0,0.00,0.00
2025-01-22,4.7,2.3,3.3,0.7,1.9,-0.3,9.2,19.1,338,1.00,0.00,31243.15,2025-01-22T07:53,2025-01-22T16:33,6.0,0.00,1.00
2025-01-23,8.1,0.6,4.5,0.6,3.6,-2.8,23.8,49.7,224,6.50,4464.20,31416.66,2025-01-23T07:52,2025-01-23T16:35,5.0,0.00,6.50
2025-01-24,10.6,6.3,8.8,4.4,7.0,3.1,37.6,79.9,212,7.00,9705.54,31592.65,2025-01-24T07:50,2025-01-24T16:37,8.0,0.00,7.00
2025-01-25,8.1,1.8,4.7,1.8,5.2,-1.2,14.3,28.8,245,1.50,19984.84,31770.91,2025-01-25T07:49,2025-01-25T16:39,3.0,0.00,1.50
2025-01-26,8.2,1.0,4.9,0.5,3.9,-2.5,32.5,65.9,166,13.60,0.00,31951.23,2025-01-26T07:48,2025-01-26T16:40,11.0,0.00,13.60
2025-01-27,8.9,6.6,7.4,2.2,3.9,1.3,33.1,63.4,202,7.80,23675.26,32133.74,2025-01-27T07:46,2025-01-27T16:42,9.0,0.00,7.80
2025-01-28,9.3,6.1,8.1,4.0,5.7,2.0,26.3,56.2,226,3.00,11851.10,32320.33,2025-01-28T07:45,2025-01-28T16:44,11.0,0.00,3.00
2025-01-29,7.7,3.8,5.8,2.9,6.2,0.7,17.7,36.7,288,0.00,9466.28,32511.05,2025-01-29T07:44,2025-01-29T16:45,0.0,0.00,0.00
2025-01-30,7.6,1.2,4.1,0.7,4.1,-2.5,14.5,30.6,315,0.00,27625.15,32705.60,2025-01-30T07:42,2025-01-30T16:47,0.0,0.00,0.00
2025-01-31,8.6,1.6,5.5,2.9,6.4,-1.5,19.1,37.4,232,5.10,6443.05,32903.68,2025-01-31T07:41,2025-01-31T16:49,9.0,0.00,5.10
2025-02-01,7.2,2.2,5.2,2.5,3.9,-0.8,12.3,28.8,143,0.00,77.65,33105.01,2025-02-01T07:39,2025-02-01T16:51,0.0,0.00,0.00
2025-02-02,7.7,-0.2,2.9,-0.0,4.6,-3.4,9.7,27.4,158,0.00,28744.74,33309.33,2025-02-02T07:38,2025-02-02T16:53,0.0,0.00,0.00
2025-02-03,7.8,-1.1,4.1,1.3,5.4,-4.2,12.2,24.8,190,0.00,0.00,33516.35,2025-02-03T07:36,2025-02-03T16:55,0.0,0.00,0.00
2025-02-04,10.3,4.9,8.0,4.8,7.3,1.7,22.2,53.3,208,0.10,2716.53,33725.82,2025-02-04T07:34,2025-02-04T16:56,1.0,0.00,0.10
2025-02-05,9.4,2.1,5.3,2.7,6.8,-0.7,12.2,23.4,270,0.00,22671.52,33937.47,2025-02-05T07:33,2025-02-05T16:58,0.0,0.00,0.00
2025-02-06,7.2,0.4,3.7,0.0,3.7,-3.1,17.6,38.5,43,0.00,29422.38,34151.06,2025-02-06T07:31,2025-02-06T17:00,0.0,0.00,0.00
2025-02-07,3.9,2.0,3.2,-1.4,-0.2,-2.3,22.7,51.8,53,4.50,0.00,34366.36,2025-02-07T07:29,2025-02-07T17:02,14.0,0.49,5.20
2025-02-08,6.1,1.2,4.4,1.2,3.3,-1.5,15.8,30.2,69,2.30,0.00,34583.11,2025-02-08T07:27,2025-02-08T17:04,13.0,0.00,2.30
2025-02-09,6.1,1.0,3.6,0.2,3.1,-2.4,17.4,34.6,50,1.60,0.00,34801.10,2025-02-09T07:26,2025-02-09T17:06,12.0,0.00,1.60
2025-02-10,4.4,2.7,3.5,-0.7,0.3,-1.3,19.9,39.6,35,3.50,0.00,35020.10,2025-02-10T07:24,2025-02-10T17:07,18.0,0.00,3.50
2025-02-11,5.1,2.8,3.8,1.0,2.4,-0.7,11.5,24.5,343,0.00,0.00,35239.89,2025-02-11T07:22,2025-02-11T17:09,0.0,0.00,0.00
2025-02-12,6.0,3.0,4.3,1.4,3.1,0.2,10.2,23.8,24,0.10,635.28,35460.27,2025-02-12T07:20,2025-02-12T17:11,1.0,0.00,0.10
2025-02-13,4.7,1.8,3.3,0.0,1.1,-1.3,11.8,28.1,48,0.10,600.26,35681.02,2025-02-13T07:18,2025-02-13T17:13,1.0,0.00,0.10
2025-02-14,5.1,0.5,2.5,-1.5,1.0,-3.5,17.9,41.0,112,0.00,29034.73,35901.95,2025-02-14T07:16,2025-02-14T17:15,0.0,0.00,0.00
2025-02-15,6.0,2.3,3.6,0.4,2.9,-1.2,10.2,20.9,121,1.60,0.00,36122.84,2025-02-15T07:14,2025-02-15T17:17,5.0,0.14,1.80
2025-02-16,4.5,1.6,2.8,-1.0,0.3,-2.2,15.9,35.3,88,0.00,13229.42,36343.89,2025-02-16T07:13,2025-02-16T17:18,0.0,0.00,0.00
2025-02-17,5.4,-0.9,1.6,-2.3,1.4,-4.7,13.6,28.4,90,0.00,32026.55,36567.05,2025-02-17T07:11,2025-02-17T17:20,0.0,0.00,0.00
2025-02-18,6.7,-0.6,2.5,-1.4,2.8,-4.4,12.9,30.2,90,0.00,32267.37,36792.45,2025-02-18T07:09,2025-02-18T17:22,0.0,0.00,0.00
2025-02-19,8.1,1.0,4.6,1.4,5.8,-2.8,11.6,23.0,123,0.00,8539.39,37019.89,2025-02-19T07:07,2025-02-19T17:24,0.0,0.00,0.00
2025-02-20,12.9,7.5,11.2,8.4,10.4,4.7,23.8,50.0,197,2.10,0.00,37249.16,2025-02-20T07:05,2025-02-20T17:26,9.0,0.00,2.10
2025-02-21,14.2,10.5,12.3,9.5,11.2,8.3,25.6,58.7,182,7.30,14400.00,37480.04,2025-02-21T07:03,2025-02-21T17:27,15.0,0.00,7.30
2025-02-22,13.1,6.4,10.0,8.0,10.3,4.3,13.9,31.0,231,3.90,21479.82,37712.34,2025-02-22T07:01,2025-02-22T17:29,8.0,0.00,3.90
2025-02-23,11.1,6.0,8.9,5.2,6.4,3.5,30.3,65.2,194,2.70,6935.51,37945.86,2025-02-23T06:59,2025-02-23T17:31,8.0,0.00,2.70
2025-02-24,12.5,7.2,10.1,7.3,9.4,4.5,23.7,50.0,216,15.40,16761.91,38180.41,2025-02-24T06:56,2025-02-24T17:33,16.0,0.00,15.40
2025-02-25,10.6,4.6,7.8,5.2,7.4,1.5,12.1,28.4,267,1.40,25051.88,38415.80,2025-02-25T06:54,2025-02-25T17:35,4.0,0.00,1.40
2025-02-26,7.7,3.0,5.1,1.7,5.2,-0.1,26.9,51.8,230,9.70,8479.69,38651.86,2025-02-26T06:52,2025-02-26T17:36,8.0,0.00,9.70
2025-02-27,9.6,3.0,5.5,1.8,5.1,-0.6,18.3,40.3,313,0.00,34556.31,38888.38,2025-02-27T06:50,2025-02-27T17:38,0.0,0.00,0.00
2025-02-28,9.2,0.3,4.3,1.6,6.4,-2.7,6.7,17.6,16,0.00,34684.91,39125.22,2025-02-28T06:48,2025-02-28T17:40,0.0,0.00,0.00
2025-03-01,8.9,-0.5,3.7,1.2,6.3,-3.1,5.4,17.3,51,0.00,34663.21,39362.19,2025-03-01T06:46,2025-03-01T17:42,0.0,0.00,0.00
2025-03-02,8.6,-1.0,3.2,0.9,6.6,-3.7,5.0,17.3,72,0.00,35136.37,39599.11,2025-03-02T06:43,2025-03-02T17:43,0.0,0.00,0.00
2025-03-03,10.4,-1.1,4.0,1.7,8.4,-3.8,4.2,11.5,201,0.00,35432.28,39835.82,2025-03-03T06:41,2025-03-03T17:45,0.0,0.00,0.00
2025-03-04,10.7,-0.1,4.6,2.1,8.4,-2.3,9.3,17.6,223,0.00,35756.34,40072.16,2025-03-04T06:39,2025-03-04T17:47,0.0,0.00,0.00
2025-03-05,12.9,-0.4,5.5,2.9,10.8,-3.5,8.0,18.4,211,0.00,35927.71,40307.96,2025-03-05T06:37,2025-03-05T17:49,0.0,0.00,0.00
2025-03-06,15.6,2.7,8.5,5.9,13.0,-0.0,14.2,31.7,167,0.00,31899.35,40543.06,2025-03-06T06:35,2025-03-06T17:50,0.0,0.00,0.00
2025-03-07,15.6,8.7,11.5,9.4,13.5,6.4,13.5,32.4,161,0.00,36049.09,40777.29,2025-03-07T06:33,2025-03-07T17:52,0.0,0.00,0.00
2025-03-08,15.9,6.6,10.8,8.5,13.7,3.7,12.8,29.2,94,0.00,36739.16,41010.82,2025-03-08T06:30,2025-03-08T17:54,0.0,0.00,0.00
2025-03-09,16.5,7.1,10.9,8.6,14.1,4.1,12.0,28.1,71,0.00,37026.12,41245.43,2025-03-09T06:28,2025-03-09T17:56,0.0,0.00,0.00
2025-03-10,12.4,6.3,8.9,6.3,10.0,3.2,16.7,34.2,29,0.80,7862.53,41481.30,2025-03-10T06:26,2025-03-10T17:57,6.0,0.00,0.80
2025-03-11,8.1,3.6,6.2,2.5,3.9,0.6,19.9,43.9,20,0.40,18702.43,41718.29,2025-03-11T06:24,2025-03-11T17:59,3.0,0.00,0.40
2025-03-12,7.4,1.7,4.2,1.2,4.1,-1.5,12.4,27.4,324,1.50,32551.25,41956.21,2025-03-12T06:22,2025-03-12T18:01,5.0,0.14,1.70
2025-03-13,7.2,1.2,3.7,-0.0,3.3,-2.5,18.0,39.2,355,1.10,19252.81,42194.95,2025-03-13T06:19,2025-03-13T18:02,6.0,0.00,1.10
2025-03-14,7.8,-1.4,3.2,0.0,4.2,-4.3,13.8,31.7,20,0.30,33297.75,42434.35,2025-03-14T06:17,2025-03-14T18:04,3.0,0.00,0.30
2025-03-15,7.5,0.9,3.8,-0.3,2.5,-3.0,18.3,44.3,31,0.20,36941.86,42674.26,2025-03-15T06:15,2025-03-15T18:06,2.0,0.00,0.20
2025-03-16,8.1,-0.8,3.9,0.1,3.6,-4.7,18.6,41.8,31,0.00,31991.63,42914.55,2025-03-16T06:12,2025-03-16T18:08,0.0,0.00,0.00
2025-03-17,8.2,4.1,5.9,2.3,4.1,0.6,17.1,40.7,62,0.00,11058.75,43155.05,2025-03-17T06:10,2025-03-17T18:09,0.0,0.00,0.00
2025-03-18,10.6,2.2,5.6,1.7,6.6,-1.5,15.8,34.9,82,0.00,39075.96,43395.65,2025-03-18T06:08,2025-03-18T18:11,0.0,0.00,0.00
2025-03-19,16.0,1.2,7.9,5.8,14.6,-1.9,8.8,19.8,108,1.20,37753.82,43636.19,2025-03-19T06:05,2025-03-19T18:13,2.0,0.00,1.20
2025-03-20,18.9,5.3,11.9,10.2,17.3,3.3,10.2,23.4,112,0.10,39355.61,43876.52,2025-03-20T06:03,2025-03-20T18:14,1.0,0.00,0.10
2025-03-21,17.0,9.2,12.7,10.2,13.9,6.7,17.3,39.2,111,1.00,26410.42,44116.52,2025-03-21T06:01,2025-03-21T18:16,2.0,0.00,1.00
2025-03-22,15.4,8.9,11.9,10.8,14.3,7.8,12.1,30.6,121,3.00,15590.04,44356.02,2025-03-22T05:59,2025-03-22T18:18,6.0,0.00,3.00
2025-03-23,14.7,7.4,10.5,8.8,13.7,5.6,17.2,34.2,15,3.90,9845.06,44594.89,2025-03-23T05:56,2025-03-23T18:20,8.0,0.00,3.90
2025-03-24,12.4,6.1,8.7,6.3,10.8,3.5,14.1,30.6,6,0.00,27576.57,44832.99,2025-03-24T05:54,2025-03-24T18:21,0.0,0.00,0.00
2025-03-25,14.8,3.7,10.0,8.1,13.5,1.3,13.0,31.3,302,0.00,24556.00,45070.16,2025-03-25T05:52,2025-03-25T18:23,0.0,0.00,0.00
2025-03-26,15.6,8.4,11.4,10.0,14.5,6.5,8.9,19.8,278,0.00,32255.92,45306.26,2025-03-26T05:49,2025-03-26T18:25,0.0,0.00,0.00
2025-03-27,14.4,3.7,9.5,7.3,11.8,1.4,13.3,32.0,233,0.00,41677.94,45541.13,2025-03-27T05:47,2025-03-27T18:26,0.0,0.00,0.00
2025-03-28,13.9,6.1,9.9,6.6,10.4,2.6,18.2,43.2,267,0.70,24996.41,45774.92,2025-03-28T05:45,2025-03-28T18:28,3.0,0.00,0.70
2025-03-29,13.6,3.2,8.6,5.1,9.3,0.2,17.7,41.0,251,0.00,42141.62,46009.29,2025-03-29T05:43,2025-03-29T18:30,0.0,0.00,0.00
2025-03-30,15.8,7.8,11.8,8.5,12.0,5.0,21.1,48.2,302,0.00,42373.73,46244.40,2025-03-30T05:40,2025-03-30T18:31,0.0,0.00,0.00
2025-03-31,16.7,4.2,10.4,8.0,14.3,2.1,12.1,24.1,68,0.00,42513.41,46480.12,2025-03-31T05:38,2025-03-31T18:33,0.0,0.00,0.00
2025-04-01,14.6,5.1,9.3,5.7,10.4,2.1,19.8,45.4,78,0.00,42647.25,46716.33,2025-04-01T05:36,2025-04-01T18:35,0.0,0.00,0.00
2025-04-02,16.5,6.9,11.2,7.2,11.9,3.0,24.7,55.8,66,0.00,42781.12,46952.87,2025-04-02T05:34,2025-04-02T18:36,0.0,0.00,0.00
2025-04-03,19.5,8.6,13.6,10.5,15.9,5.4,18.3,43.6,78,0.90,38845.79,47189.61,2025-04-03T05:31,2025-04-03T18:38,2.0,0.00,0.90
2025-04-04,22.1,10.4,15.0,11.9,18.2,6.7,18.4,42.8,63,0.00,36000.00,47426.42,2025-04-04T05:29,2025-04-04T18:40,0.0,0.00,0.00
2025-04-05,18.2,6.2,11.3,7.2,14.8,2.2,19.6,45.0,50,0.00,43287.19,47663.16,2025-04-05T05:27,2025-04-05T18:41,0.0,0.00,0.00
2025-04-06,16.0,5.7,10.0,6.0,12.5,2.0,15.7,38.9,59,0.00,43376.12,47899.69,2025-04-06T05:25,2025-04-06T18:43,0.0,0.00,0.00
2025-04-07,15.8,3.9,9.6,6.2,12.8,0.6,11.8,29.9,61,0.00,43386.89,48135.85,2025-04-07T05:22,2025-04-07T18:45,0.0,0.00,0.00
2025-04-08,16.3,3.8,10.1,7.0,13.1,0.7,11.6,27.0,53,0.00,43479.50,48371.50,2025-04-08T05:20,2025-04-08T18:46,0.0,0.00,0.00
2025-04-09,14.4,3.9,9.1,5.7,11.1,0.4,14.3,37.1,38,0.00,43534.54,48606.50,2025-04-09T05:18,2025-04-09T18:48,0.0,0.00,0.00
2025-04-10,15.7,4.7,10.2,8.2,14.1,1.9,9.4,23.8,18,0.00,43728.82,48840.69,2025-04-10T05:16,2025-04-10T18:50,0.0,0.00,0.00
2025-04-11,21.9,4.7,13.4,11.9,20.4,2.8,7.0,16.2,235,0.00,44082.82,49073.90,2025-04-11T05:13,2025-04-11T18:51,0.0,0.00,0.00
2025-04-12,22.3,8.1,15.1,12.6,19.4,5.0,12.3,32.0,138,0.00,41665.91,49305.99,2025-04-12T05:11,2025-04-12T18:53,0.0,0.00,0.00
2025-04-13,15.8,9.1,12.7,9.9,12.4,6.6,16.8,39.6,252,1.40,36113.72,49536.79,2025-04-13T05:09,2025-04-13T18:55,6.0,0.00,1.40
2025-04-14,14.6,5.2,10.7,8.0,11.0,3.1,20.3,45.7,177,0.40,29189.14,49766.12,2025-04-14T05:07,2025-04-14T18:56,2.0,0.00,0.40
2025-04-15,17.0,9.7,12.5,10.6,15.1,5.2,23.3,50.4,123,8.00,25348.54,49993.82,2025-04-15T05:05,2025-04-15T18:58,13.0,0.00,8.00
2025-04-16,15.6,7.8,11.1,6.5,10.7,2.8,27.4,58.7,205,0.20,45047.25,50219.70,2025-04-16T05:03,2025-04-16T19:00,1.0,0.00,0.20
2025-04-17,17.1,4.2,11.0,8.6,14.1,2.9,13.0,29.9,171,0.00,43677.09,50443.89,2025-04-17T05:01,2025-04-17T19:01,0.0,0.00,0.00
2025-04-18,15.8,8.2,12.5,9.4,11.7,5.9,23.3,52.6,137,0.30,14860.91,50668.02,2025-04-18T04:58,2025-04-18T19:03,3.0,0.00,0.30
2025-04-19,16.8,7.6,12.9,9.0,13.1,3.9,21.6,50.0,80,0.50,30954.92,50892.22,2025-04-19T04:56,2025-04-19T19:05,1.0,0.00,0.50
2025-04-20,17.3,5.2,10.9,7.8,14.9,1.8,15.3,33.1,66,0.00,39317.30,51116.35,2025-04-20T04:54,2025-04-20T19:06,0.0,0.00,0.00
2025-04-21,15.9,8.9,11.8,10.1,14.0,6.6,13.4,32.0,255,1.80,21136.00,51340.26,2025-04-21T04:52,2025-04-21T19:08,3.0,0.00,1.80
2025-04-22,17.5,5.8,11.6,8.9,14.5,4.0,15.1,36.0,223,0.00,43481.07,51563.80,2025-04-22T04:50,2025-04-22T19:10,0.0,0.00,0.00
2025-04-23,13.0,7.9,10.1,7.1,9.2,4.4,21.8,46.8,91,8.30,13570.13,51786.79,2025-04-23T04:48,2025-04-23T19:11,11.0,0.00,8.30
2025-04-24,15.2,7.0,11.0,8.7,12.7,4.8,11.7,28.1,28,0.00,40134.12,52009.09,2025-04-24T04:46,2025-04-24T19:13,0.0,0.00,0.00
2025-04-25,17.0,5.8,10.9,8.9,14.0,4.1,12.3,28.8,95,0.00,44987.29,52230.50,2025-04-25T04:44,2025-04-25T19:15,0.0,0.00,0.00
2025-04-26,17.8,8.1,12.8,11.2,16.1,6.2,9.4,26.3,86,0.00,39351.54,52450.87,2025-04-26T04:42,2025-04-26T19:16,0.0,0.00,0.00
2025-04-27,20.5,7.5,14.3,13.1,18.9,6.2,10.7,20.9,214,0.00,37188.09,52670.01,2025-04-27T04:40,2025-04-27T19:18,0.0,0.00,0.00
2025-04-28,24.2,8.2,16.6,15.5,22.8,7.5,10.8,24.1,177,0.00,47553.35,52887.73,2025-04-28T04:38,2025-04-28T19:20,0.0,0.00,0.00
2025-04-29,24.1,10.2,17.3,15.1,22.4,7.8,12.8,30.2,89,0.00,48951.47,53103.86,2025-04-29T04:36,2025-04-29T19:21,0.0,0.00,0.00
2025-04-30,26.7,9.4,18.6,17.0,25.6,7.8,11.9,26.6,88,0.00,49150.81,53318.18,2025-04-30T04:34,2025-04-30T19:23,0.0,0.00,0.00
2025-05-01,28.5,11.7,20.6,19.2,27.2,10.5,13.9,31.3,155,0.00,39947.73,53530.50,2025-05-01T04:32,2025-05-01T19:25,0.0,0.00,0.00
2025-05-02,25.0,13.9,19.2,18.7,25.6,13.1,12.5,28.4,41,0.60,48014.34,53740.60,2025-05-02T04:31,2025-05-02T19:26,2.0,0.00,0.60
2025-05-03,21.1,10.2,14.7,12.4,18.7,7.1,20.4,48.2,15,0.00,34976.52,53948.29,2025-05-03T04:29,2025-05-03T19:28,0.0,0.00,0.00
2025-05-04,13.8,7.3,10.4,6.5,8.9,3.7,20.0,47.5,20,0.10,38074.93,54153.32,2025-05-04T04:27,2025-05-04T19:29,1.0,0.00,0.10
2025-05-05,14.1,5.1,9.9,5.4,8.9,1.0,26.9,59.4,29,0.10,27988.92,54355.49,2025-05-05T04:25,2025-05-05T19:31,1.0,0.00,0.10
2025-05-06,15.2,6.2,10.7,7.1,11.6,2.8,16.9,39.2,31,0.00,38284.16,54554.55,2025-05-06T04:23,2025-05-06T19:33,0.0,0.00,0.00
2025-05-07,17.4,5.8,11.5,8.3,13.6,3.1,18.7,44.3,27,0.00,39713.29,54750.56,2025-05-07T04:22,2025-05-07T19:34,0.0,0.00,0.00
2025-05-08,16.2,8.3,11.9,8.7,12.6,5.5,17.5,40.0,33,0.00,48870.20,54945.05,2025-05-08T04:20,2025-05-08T19:36,0.0,0.00,0.00
2025-05-09,19.0,5.9,13.1,9.9,15.9,3.1,16.8,41.4,64,0.00,50400.00,55138.15,2025-05-09T04:18,2025-05-09T19:37,0.0,0.00,0.00
2025-05-10,22.2,8.7,16.1,13.1,18.8,6.4,17.7,43.2,99,0.00,50400.00,55329.67,2025-05-10T04:17,2025-05-10T19:39,0.0,0.00,0.00
2025-05-11,24.2,10.9,18.2,16.2,22.2,8.6,15.7,40.0,101,0.10,50403.17,55519.43,2025-05-11T04:15,2025-05-11T19:41,1.0,0.00,0.10
2025-05-12,22.4,13.2,17.4,17.3,22.4,13.2,16.1,41.0,137,4.40,46800.00,55707.26,2025-05-12T04:14,2025-05-12T19:42,6.0,0.00,4.40
2025-05-13,24.4,12.1,17.8,16.2,23.5,11.1,17.7,41.4,64,0.00,50450.93,55892.96,2025-05-13T04:12,2025-05-13T19:44,0.0,0.00,0.00
2025-05-14,22.8,9.1,15.7,13.1,21.2,6.2,18.6,41.8,33,0.00,50519.96,56076.34,2025-05-14T04:11,2025-05-14T19:45,0.0,0.00,0.00
2025-05-15,15.6,8.1,12.3,9.1,11.9,5.8,20.0,45.4,22,0.00,19146.98,56257.20,2025-05-15T04:09,2025-05-15T19:47,0.0,0.00,0.00
2025-05-16,19.0,7.6,13.6,11.2,17.4,5.2,15.6,34.6,21,0.00,50808.75,56435.32,2025-05-16T04:08,2025-05-16T19:48,0.0,0.00,0.00
2025-05-17,18.9,8.7,14.1,12.0,17.2,6.3,15.7,35.6,22,0.00,41198.21,56610.50,2025-05-17T04:06,2025-05-17T19:50,0.0,0.00,0.00
2025-05-18,17.3,8.9,13.6,11.6,16.4,7.1,13.7,31.7,33,0.00,45638.88,56782.54,2025-05-18T04:05,2025-05-18T19:51,0.0,0.00,0.00
2025-05-19,20.0,10.6,14.9,12.5,16.7,8.5,14.2,34.9,73,0.00,38260.92,56951.18,2025-05-19T04:03,2025-05-19T19:53,0.0,0.00,0.00
2025-05-20,22.6,8.9,16.3,14.2,20.9,6.6,13.1,32.4,30,0.00,51030.21,57116.23,2025-05-20T04:02,2025-05-20T19:54,0.0,0.00,0.00
2025-05-21,18.2,10.9,14.4,13.2,17.8,9.1,12.9,32.0,8,5.50,28692.89,57277.44,2025-05-21T04:01,2025-05-21T19:55,9.0,0.00,5.50
2025-05-22,15.6,7.6,12.1,10.1,14.1,6.1,13.8,33.8,22,0.00,40726.11,57434.59,2025-05-22T04:00,2025-05-22T19:57,0.0,0.00,0.00
2025-05-23,19.0,6.2,13.2,10.9,15.7,4.7,16.9,37.4,239,0.20,33798.86,57587.43,2025-05-23T03:58,2025-05-23T19:58,1.0,0.00,0.20
2025-05-24,21.4,12.4,16.7,14.9,19.2,10.8,23.7,52.2,243,15.00,15151.20,57735.70,2025-05-24T03:57,2025-05-24T19:59,10.0,0.00,15.00
2025-05-25,19.5,12.4,16.2,13.0,16.8,9.1,24.7,53.3,256,1.30,47456.32,57879.18,2025-05-25T03:56,2025-05-25T20:01,9.0,0.00,1.30
2025-05-26,18.2,10.9,14.6,11.1,14.0,8.3,25.4,55.8,238,0.50,30731.42,58017.60,2025-05-26T03:55,2025-05-26T20:02,2.0,0.00,0.50
2025-05-27,16.8,13.3,15.4,13.0,14.8,10.0,27.7,57.6,233,8.10,0.00,58150.93,2025-05-27T03:54,2025-05-27T20:03,16.0,0.00,8.10
2025-05-28,20.3,13.4,16.8,14.4,17.6,11.0,20.8,46.8,268,1.00,49506.08,58280.28,2025-05-28T03:53,2025-05-28T20:04,7.0,0.00,1.00
2025-05-29,24.2,13.8,18.3,16.9,21.4,12.5,24.5,56.2,234,2.60,26047.83,58405.70,2025-05-29T03:52,2025-05-29T20:06,6.0,0.00,2.60
2025-05-30,24.4,15.1,19.1,18.0,22.3,13.9,16.0,37.8,236,0.30,30547.46,58527.07,2025-05-30T03:51,2025-05-30T20:07,3.0,0.00,0.30
2025-05-31,27.0,15.6,20.6,19.8,25.8,15.7,20.6,46.4,238,0.00,34956.22,58644.23,2025-05-31T03:50,2025-05-31T20:08,0.0,0.00,0.00
2025-06-01,20.7,13.4,17.0,14.2,16.9,12.2,22.8,52.6,251,0.00,48384.07,58757.05,2025-06-01T03:50,2025-06-01T20:09,0.0,0.00,0.00
2025-06-02,21.1,11.6,16.2,13.6,17.5,9.8,18.0,40.7,256,0.00,54067.21,58865.34,2025-06-02T03:49,2025-06-02T20:10,0.0,0.00,0.00
2025-06-03,17.8,11.4,14.3,11.7,15.5,8.7,28.8,62.6,215,2.70,17393.79,58969.01,2025-06-03T03:48,2025-06-03T20:11,9.0,0.00,2.70
2025-06-04,17.6,10.1,14.1,11.7,14.0,8.2,20.7,46.4,237,0.90,41716.74,59067.86,2025-06-04T03:48,2025-06-04T20:12,4.0,0.00,0.90
2025-06-05,16.5,12.3,13.8,11.9,15.4,10.5,22.5,48.2,216,9.10,5135.93,59161.79,2025-06-05T03:47,2025-06-05T20:13,16.0,0.00,9.10
2025-06-06,18.6,10.6,14.6,12.3,16.1,8.6,19.6,47.9,247,1.00,47813.91,59250.61,2025-06-06T03:46,2025-06-06T20:14,6.0,0.00,1.00
2025-06-07,17.7,10.5,13.0,11.4,16.2,8.3,17.8,43.6,245,11.70,20769.61,59334.21,2025-06-07T03:46,2025-06-07T20:15,19.0,0.00,11.70
2025-06-08,16.9,8.6,13.2,10.2,13.6,5.5,19.4,43.9,278,0.00,43342.64,59412.41,2025-06-08T03:46,2025-06-08T20:16,0.0,0.00,0.00
2025-06-09,19.8,10.5,15.2,13.4,17.2,9.2,16.8,38.5,237,0.10,35481.95,59485.09,2025-06-09T03:45,2025-06-09T20:17,1.0,0.00,0.10
2025-06-10,21.9,13.0,17.5,16.2,20.9,11.1,20.4,47.5,271,0.20,31560.46,59552.10,2025-06-10T03:45,2025-06-10T20:17,2.0,0.00,0.20
2025-06-11,23.1,12.3,17.6,16.4,22.2,11.3,15.5,36.4,111,0.20,45055.61,59613.29,2025-06-11T03:44,2025-06-11T20:18,2.0,0.00,0.20
2025-06-12,24.3,14.0,19.2,18.7,24.1,12.6,16.3,41.8,135,0.90,48928.77,59668.55,2025-06-12T03:44,2025-06-12T20:19,3.0,0.00,0.90
2025-06-13,28.0,15.4,21.9,22.2,28.3,15.5,13.5,33.1,180,3.10,45639.96,59717.73,2025-06-13T03:44,2025-06-13T20:19,3.0,0.00,3.10
2025-06-14,22.6,14.6,19.2,18.4,21.1,13.8,21.3,50.8,218,2.10,53383.85,59760.70,2025-06-14T03:44,2025-06-14T20:20,1.0,0.00,2.10
2025-06-15,22.5,12.4,17.5,16.2,21.0,11.8,16.9,39.6,263,0.40,52364.45,59797.34,2025-06-15T03:44,2025-06-15T20:20,4.0,0.00,0.40
2025-06-16,24.5,13.1,19.4,19.2,24.3,13.3,12.0,28.8,269,0.00,54924.65,59827.57,2025-06-16T03:44,2025-06-16T20:21,0.0,0.00,0.00
2025-06-17,26.4,13.6,20.3,19.8,25.8,13.4,13.6,32.8,261,0.00,54946.60,59851.59,2025-06-17T03:44,2025-06-17T20:21,0.0,0.00,0.00
2025-06-18,28.0,14.4,22.0,22.1,28.2,14.2,9.5,23.4,291,0.00,54340.54,59869.49,2025-06-18T03:44,2025-06-18T20:22,0.0,0.00,0.00
2025-06-19,31.5,16.8,24.8,24.9,32.0,17.1,15.1,35.6,78,0.00,54031.86,59881.27,2025-06-19T03:44,2025-06-19T20:22,0.0,0.00,0.00
2025-06-20,29.5,17.9,24.2,23.6,28.4,17.9,12.9,33.8,112,0.00,50465.43,59886.98,2025-06-20T03:44,2025-06-20T20:22,0.0,0.00,0.00
2025-06-21,32.1,18.1,25.7,24.9,32.0,17.8,15.1,37.4,143,0.00,51587.04,59886.64,2025-06-21T03:44,2025-06-21T20:22,0.0,0.00,0.00
2025-06-22,26.1,16.5,20.7,19.3,23.6,15.9,26.6,59.8,238,0.30,41930.46,59880.32,2025-06-22T03:44,2025-06-22T20:22,1.0,0.00,0.30
2025-06-23,21.8,15.1,18.2,15.1,17.9,12.4,22.4,51.5,267,0.60,53007.83,59868.02,2025-06-23T03:45,2025-06-23T20:23,5.0,0.00,0.60
2025-06-24,24.5,13.7,19.1,17.8,23.0,11.9,25.5,56.9,242,0.70,30368.10,59849.81,2025-06-24T03:45,2025-06-24T20:23,3.0,0.00,0.70
2025-06-25,26.4,16.0,21.2,21.4,26.5,16.2,13.3,29.9,238,0.00,44533.20,59825.73,2025-06-25T03:46,2025-06-25T20:23,0.0,0.00,0.00
2025-06-26,23.6,16.7,19.5,18.1,22.3,14.9,25.7,58.0,253,2.10,43044.36,59795.86,2025-06-26T03:46,2025-06-26T20:23,4.0,0.00,2.10
2025-06-27,27.4,13.3,19.9,19.3,26.5,13.1,22.5,51.8,226,2.40,53284.12,59760.25,2025-06-27T03:47,2025-06-27T20:23,4.0,0.00,2.40
2025-06-28,29.6,18.4,23.1,23.4,29.6,18.7,20.6,45.4,241,0.00,27767.53,59718.98,2025-06-28T03:47,2025-06-28T20:22,0.0,0.00,0.00
2025-06-29,28.8,17.5,23.0,23.9,30.5,18.2,14.6,30.6,273,0.00,43362.59,59672.09,2025-06-29T03:48,2025-06-29T20:22,0.0,0.00,0.00
2025-06-30,31.9,18.0,25.5,26.3,32.9,19.5,14.2,36.7,169,0.00,54448.39,59619.68,2025-06-30T03:48,2025-06-30T20:22,0.0,0.00,0.00
2025-07-01,33.0,21.6,27.2,28.5,34.5,23.3,11.6,30.6,295,0.00,53217.58,59561.79,2025-07-01T03:49,2025-07-01T20:22,0.0,0.00,0.00
2025-07-02,23.6,16.0,20.4,19.4,23.1,13.0,20.4,45.0,325,0.00,24116.58,59498.54,2025-07-02T03:50,2025-07-02T20:21,0.0,0.00,0.00
2025-07-03,23.8,12.4,18.7,16.8,22.4,10.7,11.4,28.8,294,0.00,48817.32,59429.98,2025-07-03T03:51,2025-07-03T20:21,0.0,0.00,0.00
2025-07-04,26.4,13.6,20.5,18.5,24.6,12.4,19.4,43.6,250,0.00,54310.16,59356.21,2025-07-04T03:51,2025-07-04T20:21,0.0,0.00,0.00
2025-07-05,22.1,16.5,19.2,17.7,20.8,14.2,23.6,52.2,242,1.00,12190.41,59277.32,2025-07-05T03:52,2025-07-05T20:20,7.0,0.00,1.00
2025-07-06,23.3,16.6,19.0,18.4,23.3,15.1,17.2,38.2,289,9.50,35443.46,59193.22,2025-07-06T03:53,2025-07-06T20:20,9.0,0.00,9.50
2025-07-07,19.6,13.5,16.3,14.3,16.7,11.5,20.7,48.6,331,10.20,38388.05,59103.16,2025-07-07T03:54,2025-07-07T20:19,8.0,0.00,10.20
2025-07-08,22.1,12.1,17.2,16.0,21.6,9.8,17.1,35.3,316,0.40,53978.95,59007.17,2025-07-08T03:55,2025-07-08T20:18,2.0,0.00,0.40
2025-07-09,25.5,12.6,19.7,19.7,26.0,11.5,8.9,21.6,294,0.40,51800.59,58905.48,2025-07-09T03:56,2025-07-09T20:18,3.0,0.00,0.40
2025-07-10,30.2,16.5,23.9,24.3,31.1,16.9,14.0,29.5,11,0.00,53617.52,58798.29,2025-07-10T03:57,2025-07-10T20:17,0.0,0.00,0.00
2025-07-11,32.0,17.7,25.2,25.8,33.4,18.8,14.1,29.9,152,0.00,53440.21,58685.83,2025-07-11T03:58,2025-07-11T20:16,0.0,0.00,0.00
2025-07-12,30.1,19.0,24.5,24.4,30.3,19.7,14.2,33.5,76,0.00,53376.80,58568.32,2025-07-12T03:59,2025-07-12T20:15,0.0,0.00,0.00
2025-07-13,27.5,15.9,22.3,22.4,29.3,15.8,15.6,34.6,85,0.00,52371.54,58445.97,2025-07-13T04:00,2025-07-13T20:14,0.0,0.00,0.00
2025-07-14,24.2,17.1,20.9,19.2,22.2,14.9,24.8,56.2,225,1.30,52928.47,58318.98,2025-07-14T04:01,2025-07-14T20:13,4.0,0.00,1.30
2025-07-15,21.9,14.1,18.3,15.9,18.1,13.0,24.5,55.8,232,1.30,29967.89,58187.58,2025-07-15T04:03,2025-07-15T20:12,5.0,0.00,1.30
2025-07-16,24.8,14.8,20.1,18.7,22.7,13.5,17.7,42.1,293,0.00,41643.21,58051.96,2025-07-16T04:04,2025-07-16T20:11,0.0,0.00,0.00
2025-07-17,25.5,19.0,22.0,22.8,27.4,18.8,11.2,27.4,214,1.40,15954.70,57912.34,2025-07-17T04:05,2025-07-17T20:10,4.0,0.00,1.40
2025-07-18,29.2,17.5,23.4,24.0,29.5,19.0,13.9,31.3,217,0.00,50364.88,57768.91,2025-07-18T04:06,2025-07-18T20:09,0.0,0.00,0.00
2025-07-19,23.4,17.5,19.9,21.3,24.3,17.9,11.8,27.7,188,24.00,19872.57,57621.88,2025-07-19T04:08,2025-07-19T20:08,14.0,0.00,24.00
2025-07-20,20.8,15.6,18.1,17.6,19.9,15.5,19.3,43.2,171,4.30,26213.19,57471.45,2025-07-20T04:09,2025-07-20T20:07,12.0,0.00,4.30
2025-07-21,22.7,13.9,18.1,17.9,23.0,14.4,17.4,39.6,281,0.70,45826.48,57317.80,2025-07-21T04:10,2025-07-21T20:06,5.0,0.00,0.70
2025-07-22,22.7,15.1,18.9,18.8,22.7,15.0,12.4,31.7,273,0.40,40460.65,57161.12,2025-07-22T04:12,2025-07-22T20:04,3.0,0.00,0.40
2025-07-23,21.7,14.9,18.4,17.9,20.7,14.6,12.8,32.0,330,2.30,49680.39,57001.62,2025-07-23T04:13,2025-07-23T20:03,11.0,0.00,2.30
2025-07-24,21.5,15.3,18.3,17.7,20.6,15.0,19.0,41.4,354,1.00,27681.24,56839.45,2025-07-24T04:14,2025-07-24T20:02,3.0,0.00,1.00
2025-07-25,26.0,14.7,20.7,20.8,25.1,15.3,11.8,29.5,268,0.00,45389.38,56674.80,2025-07-25T04:16,2025-07-25T20:00,0.0,0.00,0.00
2025-07-26,23.4,15.5,19.8,19.5,22.9,15.7,12.1,29.2,288,0.30,32656.27,56507.58,2025-07-26T04:17,2025-07-26T19:59,3.0,0.00,0.30
2025-07-27,21.9,15.0,18.3,16.7,19.9,13.5,16.0,36.4,331,0.00,21389.85,56336.39,2025-07-27T04:19,2025-07-27T19:57,0.0,0.00,0.00
2025-07-28,24.0,14.1,19.4,18.0,21.7,13.0,13.7,34.6,301,0.00,45539.73,56161.23,2025-07-28T04:20,2025-07-28T19:56,0.0,0.00,0.00
2025-07-29,21.4,14.3,18.0,17.9,21.5,13.2,10.1,25.2,273,2.40,23702.99,55982.33,2025-07-29T04:21,2025-07-29T19:54,5.0,0.00,2.40
2025-07-30,24.8,15.7,20.0,19.7,23.4,16.0,14.8,36.4,303,0.90,47364.54,55799.95,2025-07-30T04:23,2025-07-30T19:53,5.0,0.00,0.90
2025-07-31,22.9,15.9,18.4,18.7,23.9,14.8,15.3,33.8,280,22.30,21250.78,55614.32,2025-07-31T04:24,2025-07-31T19:51,14.0,0.00,22.30
2025-08-01,20.0,12.6,16.2,15.0,19.5,10.9,18.0,42.1,327,2.10,42167.47,55425.67,2025-08-01T04:26,2025-08-01T19:50,11.0,0.00,2.10
2025-08-02,20.2,12.3,16.5,15.1,18.8,10.6,10.9,28.1,302,0.10,42632.02,55234.23,2025-08-02T04:27,2025-08-02T19:48,1.0,0.00,0.10
2025-08-03,23.5,12.6,18.5,18.2,23.6,11.7,20.7,45.0,261,1.20,26617.94,55040.23,2025-08-03T04:29,2025-08-03T19:46,6.0,0.00,1.20
2025-08-04,21.6,15.9,18.9,18.3,21.0,14.2,29.5,62.6,240,1.40,10851.30,54843.87,2025-08-04T04:30,2025-08-04T19:45,7.0,0.00,1.40
2025-08-05,21.2,12.9,16.9,14.3,17.6,11.0,22.2,50.4,286,0.00,49938.43,54645.36,2025-08-05T04:32,2025-08-05T19:43,0.0,0.00,0.00
2025-08-06,23.1,10.7,17.3,16.2,22.6,9.9,12.4,28.1,226,0.00,38807.25,54444.92,2025-08-06T04:34,2025-08-06T19:41,0.0,0.00,0.00
2025-08-07,23.5,14.3,19.0,17.7,21.2,13.4,20.5,47.5,224,0.00,33064.50,54242.72,2025-08-07T04:35,2025-08-07T19:39,0.0,0.00,0.00
2025-08-08,24.9,14.7,19.8,18.7,24.0,14.5,13.6,32.0,266,0.00,48218.94,54038.97,2025-08-08T04:37,2025-08-08T19:37,0.0,0.00,0.00
2025-08-09,24.8,13.6,19.2,17.3,22.2,13.0,19.3,47.2,266,0.00,48317.42,53833.85,2025-08-09T04:38,2025-08-09T19:36,0.0,0.00,0.00
2025-08-10,26.4,13.1,20.3,20.3,26.8,13.3,13.4,27.0,202,0.00,49428.73,53627.55,2025-08-10T04:40,2025-08-10T19:34,0.0,0.00,0.00
2025-08-11,29.9,15.2,22.9,22.9,30.1,15.5,11.8,27.4,124,0.60,42218.08,53420.23,2025-08-11T04:41,2025-08-11T19:32,2.0,0.00,0.60
2025-08-12,32.2,18.6,25.3,25.5,31.9,19.1,12.1,33.8,95,0.30,49042.97,53212.08,2025-08-12T04:43,2025-08-12T19:30,1.0,0.00,0.30
2025-08-13,28.5,16.9,21.4,22.5,30.3,18.2,14.8,43.2,193,0.00,31146.30,53003.25,2025-08-13T04:45,2025-08-13T19:28,0.0,0.00,0.00
2025-08-14,27.0,16.2,21.5,21.5,26.0,17.2,13.5,32.8,245,0.20,34798.96,52793.91,2025-08-14T04:46,2025-08-14T19:26,2.0,0.00,0.20
2025-08-15,29.4,16.9,23.0,23.6,30.1,17.4,15.6,34.9,13,0.00,48456.77,52583.91,2025-08-15T04:48,2025-08-15T19:24,0.0,0.00,0.00
2025-08-16,23.8,15.9,19.5,18.7,22.6,14.5,14.9,34.2,50,0.00,33328.12,52371.73,2025-08-16T04:49,2025-08-16T19:22,0.0,0.00,0.00
2025-08-17,24.8,12.6,18.5,17.9,24.5,11.4,13.5,31.0,67,0.00,48056.45,52157.25,2025-08-17T04:51,2025-08-17T19:20,0.0,0.00,0.00
2025-08-18,21.9,16.9,19.2,18.3,20.7,16.2,15.1,34.9,70,0.10,28652.91,51940.67,2025-08-18T04:52,2025-08-18T19:18,1.0,0.00,0.10
2025-08-19,25.4,15.1,19.6,18.5,24.1,14.3,18.1,40.7,50,0.00,27003.47,51722.19,2025-08-19T04:54,2025-08-19T19:16,0.0,0.00,0.00
2025-08-20,20.4,14.6,17.1,15.0,17.6,12.8,18.4,42.8,28,0.00,27374.85,51501.99,2025-08-20T04:56,2025-08-20T19:14,0.0,0.00,0.00
2025-08-21,20.2,13.7,16.9,14.7,17.8,11.8,16.6,38.5,16,0.00,32355.55,51280.26,2025-08-21T04:57,2025-08-21T19:12,0.0,0.00,0.00
2025-08-22,23.5,10.4,17.6,16.3,21.6,9.6,8.7,25.9,306,0.00,44077.64,51057.17,2025-08-22T04:59,2025-08-22T19:10,0.0,0.00,0.00
2025-08-23,22.7,15.6,19.3,18.6,22.3,14.9,13.1,28.4,75,0.00,20453.85,50832.88,2025-08-23T05:00,2025-08-23T19:08,0.0,0.00,0.00
2025-08-24,24.0,13.6,19.0,18.1,23.1,13.4,11.6,28.4,173,0.00,34083.65,50607.58,2025-08-24T05:02,2025-08-24T19:05,0.0,0.00,0.00
2025-08-25,26.5,13.5,20.2,18.9,25.0,13.1,14.9,36.4,154,0.00,45976.30,50381.41,2025-08-25T05:04,2025-08-25T19:03,0.0,0.00,0.00
2025-08-26,25.2,17.0,20.4,19.5,23.5,16.5,19.2,43.9,229,0.30,33322.89,50154.54,2025-08-26T05:05,2025-08-26T19:01,2.0,0.00,0.30
2025-08-27,21.4,15.1,17.9,16.9,18.7,14.7,24.1,54.7,202,4.40,30396.08,49927.13,2025-08-27T05:07,2025-08-27T18:59,10.0,0.00,4.40
2025-08-28,20.6,12.1,16.6,15.5,18.8,12.0,22.7,50.4,216,3.40,43773.65,49699.31,2025-08-28T05:08,2025-08-28T18:57,10.0,0.00,3.40
2025-08-29,20.1,14.1,16.4,15.7,19.5,13.4,18.4,34.9,236,23.50,24220.09,49471.25,2025-08-29T05:10,2025-08-29T18:55,12.0,0.00,23.50
2025-08-30,19.6,12.8,16.7,15.7,17.8,12.2,23.7,51.8,206,2.20,27776.55,49243.07,2025-08-30T05:12,2025-08-30T18:52,8.0,0.00,2.20
2025-08-31,20.0,13.1,16.5,15.1,17.5,12.4,22.6,50.4,203,0.30,43774.02,49014.93,2025-08-31T05:13,2025-08-31T18:50,3.0,0.00,0.30
2025-09-01,19.9,13.8,16.2,15.0,19.5,12.7,21.2,51.1,206,4.90,43315.57,48786.96,2025-09-01T05:15,2025-09-01T18:48,7.0,0.00,4.90
2025-09-02,18.6,12.4,15.7,15.0,18.5,11.6,17.4,40.0,178,1.40,30650.74,48559.30,2025-09-02T05:16,2025-09-02T18:46,9.0,0.00,1.40
2025-09-03,20.0,15.4,17.4,16.2,18.5,14.4,31.4,63.4,207,17.40,17867.10,48332.08,2025-09-03T05:18,2025-09-03T18:44,17.0,0.00,17.40
2025-09-04,19.1,13.1,15.7,14.2,16.0,12.1,22.2,50.8,226,8.80,39600.00,48105.15,2025-09-04T05:20,2025-09-04T18:41,7.0,0.00,8.80
2025-09-05,20.7,11.1,15.8,15.1,19.6,10.2,11.5,27.7,237,0.00,43200.00,47876.95,2025-09-05T05:21,2025-09-05T18:39,0.0,0.00,0.00
2025-09-06,22.0,12.1,17.3,16.5,20.2,12.1,20.3,45.0,131,0.00,39971.61,47647.36,2025-09-06T05:23,2025-09-06T18:37,0.0,0.00,0.00
2025-09-07,24.0,15.4,18.9,18.6,23.8,14.7,19.8,50.4,164,0.00,32123.58,47416.52,2025-09-07T05:24,2025-09-07T18:35,0.0,0.00,0.00
2025-09-08,19.8,12.6,15.9,14.7,17.7,11.8,14.8,34.2,224,0.00,43192.32,47184.59,2025-09-08T05:26,2025-09-08T18:32,0.0,0.00,0.00
2025-09-09,20.0,10.1,15.2,14.2,18.0,9.4,14.2,33.1,172,0.20,39789.99,46951.71,2025-09-09T05:27,2025-09-09T18:30,2.0,0.00,0.20
2025-09-10,18.4,13.4,15.2,14.0,16.8,11.8,18.8,41.8,179,13.90,17535.02,46718.02,2025-09-10T05:29,2025-09-10T18:28,13.0,0.00,13.90
2025-09-11,17.8,11.8,14.1,11.5,14.9,9.0,22.8,56.9,236,2.50,42597.92,46483.66,2025-09-11T05:31,2025-09-11T18:25,4.0,0.00,2.50
2025-09-12,17.5,10.8,13.7,11.2,14.9,8.3,21.1,52.2,231,4.00,42366.30,46248.77,2025-09-12T05:32,2025-09-12T18:23,4.0,0.00,4.00
2025-09-13,17.2,11.1,13.9,11.7,15.0,9.4,19.6,45.4,227,1.90,42133.88,46013.48,2025-09-13T05:34,2025-09-13T18:21,8.0,0.00,1.90
2025-09-14,17.5,8.6,13.5,12.0,15.9,7.3,27.9,59.4,198,3.10,2108.76,45777.93,2025-09-14T05:35,2025-09-14T18:18,7.0,0.00,3.10
2025-09-15,17.8,13.7,15.4,11.4,12.8,10.0,33.4,77.8,242,0.30,41667.08,45542.25,2025-09-15T05:37,2025-09-15T18:16,3.0,0.00,0.30
2025-09-16,18.2,11.8,14.5,11.7,14.7,8.8,23.1,50.4,259,0.00,35341.99,45306.56,2025-09-16T05:39,2025-09-16T18:14,0.0,0.00,0.00
2025-09-17,18.6,12.5,16.2,15.0,17.3,11.3,23.1,51.1,215,1.70,0.00,45071.01,2025-09-17T05:40,2025-09-17T18:11,10.0,0.00,1.70
2025-09-18,21.5,15.6,18.5,18.1,20.7,15.3,21.6,51.5,221,0.10,15879.10,44835.71,2025-09-18T05:42,2025-09-18T18:09,1.0,0.00,0.10
2025-09-19,24.9,14.2,18.6,18.9,25.3,14.0,13.2,30.2,187,0.00,40729.36,44600.80,2025-09-19T05:43,2025-09-19T18:07,0.0,0.00,0.00
2025-09-20,20.6,12.9,16.1,14.9,19.3,9.1,26.1,58.7,207,0.10,15428.58,44366.41,2025-09-20T05:45,2025-09-20T18:04,1.0,0.00,0.10
2025-09-21,15.1,8.9,12.0,9.2,12.4,6.3,21.4,49.3,344,0.00,40260.48,44132.65,2025-09-21T05:47,2025-09-21T18:02,0.0,0.00,0.00
2025-09-22,15.6,7.2,10.9,7.9,12.0,4.3,17.2,40.0,14,0.00,39805.13,43899.66,2025-09-22T05:48,2025-09-22T18:00,0.0,0.00,0.00
2025-09-23,16.2,6.2,11.2,8.6,13.3,3.5,16.9,37.4,18,0.00,24574.41,43667.57,2025-09-23T05:50,2025-09-23T17:58,0.0,0.00,0.00
2025-09-24,17.5,9.2,12.8,10.1,14.3,6.8,17.0,39.2,32,0.00,39487.28,43436.22,2025-09-24T05:51,2025-09-24T17:55,0.0,0.00,0.00
2025-09-25,18.2,9.0,12.9,9.8,14.5,6.1,18.6,42.1,28,0.00,39108.07,43204.00,2025-09-25T05:53,2025-09-25T17:53,0.0,0.00,0.00
2025-09-26,15.8,8.6,12.3,10.5,13.8,6.1,15.6,36.0,60,0.30,10980.09,42970.78,2025-09-26T05:55,2025-09-26T17:51,3.0,0.00,0.30
2025-09-27,16.8,9.9,13.2,11.4,13.8,8.4,17.4,39.2,154,0.10,34648.15,42736.68,2025-09-27T05:56,2025-09-27T17:49,1.0,0.00,0.10
2025-09-28,16.5,10.0,12.5,11.8,15.7,8.4,10.6,26.3,160,1.00,10084.18,42501.86,2025-09-28T05:58,2025-09-28T17:46,5.0,0.00,1.00
2025-09-29,17.8,6.4,12.3,11.2,16.5,4.9,7.6,16.6,345,0.00,33680.26,42266.45,2025-09-29T06:00,2025-09-29T17:44,0.0,0.00,0.00
2025-09-30,18.6,7.4,12.9,12.2,17.8,6.6,6.9,14.8,262,0.00,37463.51,42030.59,2025-09-30T06:01,2025-09-30T17:42,0.0,0.00,0.00
2025-10-01,18.4,8.9,12.8,11.9,17.1,7.8,10.0,24.1,185,0.00,16479.47,41794.43,2025-10-01T06:03,2025-10-01T17:39,0.0,0.00,0.00
2025-10-02,18.7,9.2,14.2,13.0,17.2,8.4,16.7,36.0,184,0.00,11057.42,41558.11,2025-10-02T06:04,2025-10-02T17:37,0.0,0.00,0.00
2025-10-03,17.6,14.1,15.9,14.1,16.6,12.3,33.5,68.4,199,13.70,0.00,41321.75,2025-10-03T06:06,2025-10-03T17:35,23.0,0.00,13.70
2025-10-04,16.1,11.1,12.8,8.5,14.4,6.4,35.3,81.4,261,3.20,35032.05,41085.53,2025-10-04T06:08,2025-10-04T17:32,5.0,0.00,3.20
2025-10-05,15.6,10.1,12.6,9.1,12.0,6.5,26.8,60.8,281,0.00,33491.16,40849.56,2025-10-05T06:09,2025-10-05T17:30,0.0,0.00,0.00
2025-10-06,19.0,9.5,14.0,12.7,18.0,7.3,12.9,29.5,252,0.00,34433.96,40614.01,2025-10-06T06:11,2025-10-06T17:28,0.0,0.00,0.00
2025-10-07,17.1,11.2,13.9,12.9,15.6,10.5,12.8,30.6,241,0.00,29824.97,40379.01,2025-10-07T06:13,2025-10-07T17:26,0.0,0.00,0.00
2025-10-08,17.2,11.0,13.8,13.3,16.9,10.1,7.9,20.9,304,0.20,18967.08,40144.71,2025-10-08T06:14,2025-10-08T17:23,2.0,0.00,0.20
2025-10-09,15.2,8.1,12.1,10.8,13.7,6.6,11.8,28.1,296,0.00,29077.71,39911.28,2025-10-09T06:16,2025-10-09T17:21,0.0,0.00,0.00
2025-10-10,15.8,10.1,13.4,13.0,15.7,9.6,8.8,21.2,312,0.10,14481.33,39678.86,2025-10-10T06:18,2025-10-10T17:19,1.0,0.00,0.10
2025-10-11,14.9,8.9,11.8,11.0,14.2,7.6,7.7,15.1,10,0.00,29216.14,39447.61,2025-10-11T06:19,2025-10-11T17:17,0.0,0.00,0.00
2025-10-12,14.9,6.8,11.0,9.8,13.6,5.4,8.8,20.5,47,0.00,34890.32,39217.68,2025-10-12T06:21,2025-10-12T17:15,0.0,0.00,0.00
2025-10-13,15.4,12.2,13.6,12.7,14.6,11.4,12.4,29.2,42,0.20,341.50,38989.25,2025-10-13T06:23,2025-10-13T17:13,2.0,0.00,0.20
2025-10-14,13.7,10.2,12.4,11.0,12.1,8.4,12.3,28.8,25,0.00,1181.66,38762.15,2025-10-14T06:24,2025-10-14T17:10,0.0,0.00,0.00
2025-10-15,12.8,10.4,11.5,9.9,11.2,8.8,11.4,27.0,18,0.00,0.00,38534.60,2025-10-15T06:26,2025-10-15T17:08,0.0,0.00,0.00
2025-10-16,14.9,9.4,12.2,11.2,14.6,8.1,9.0,20.5,33,0.00,16245.81,38306.44,2025-10-16T06:28,2025-10-16T17:06,0.0,0.00,0.00
2025-10-17,14.9,11.2,12.9,12.0,14.1,10.0,8.1,17.6,61,0.00,17684.17,38077.85,2025-10-17T06:29,2025-10-17T17:04,0.0,0.00,0.00
2025-10-18,14.8,10.9,12.4,10.4,12.3,9.2,15.8,38.2,112,0.10,2769.11,37848.99,2025-10-18T06:31,2025-10-18T17:02,1.0,0.00,0.10
2025-10-19,15.1,12.0,13.5,11.9,13.7,9.9,20.4,39.6,151,4.70,923.22,37620.04,2025-10-19T06:33,2025-10-19T17:00,11.0,0.00,4.70
2025-10-20,14.4,11.2,12.9,11.3,12.7,9.3,20.2,42.8,190,5.50,13428.39,37391.18,2025-10-20T06:35,2025-10-20T16:58,15.0,0.00,5.50
2025-10-21,15.4,10.4,12.7,10.6,13.1,8.8,18.0,40.3,244,0.30,19583.48,37162.58,2025-10-21T06:36,2025-10-21T16:56,3.0,0.00,0.30
2025-10-22,14.8,8.6,11.3,9.9,13.3,7.3,16.8,33.1,215,7.50,21600.00,36934.43,2025-10-22T06:38,2025-10-22T16:54,7.0,0.00,7.50
2025-10-23,11.9,6.6,9.3,5.0,7.7,2.4,28.7,61.6,311,14.00,3600.00,36706.91,2025-10-23T06:40,2025-10-23T16:52,17.0,0.00,14.00
2025-10-24,11.9,5.7,8.6,4.9,8.0,1.9,21.8,53.6,243,0.00,31625.38,36480.23,2025-10-24T06:42,2025-10-24T16:50,0.0,0.00,0.00
2025-10-25,11.2,6.3,8.9,5.4,8.0,2.8,19.4,42.5,291,0.30,31718.70,36254.57,2025-10-25T06:43,2025-10-25T16:48,3.0,0.00,0.30
2025-10-26,11.2,4.8,8.0,4.3,8.1,1.0,20.8,45.4,270,0.70,20386.10,36030.14,2025-10-26T06:45,2025-10-26T16:46,5.0,0.00,0.70
2025-10-27,12.9,9.9,11.2,7.5,9.3,5.4,27.9,63.0,276,0.00,31071.46,35807.14,2025-10-27T06:47,2025-10-27T16:44,0.0,0.00,0.00
2025-10-28,14.4,11.0,12.4,9.3,10.5,8.4,22.1,54.4,245,0.20,30860.72,35585.80,2025-10-28T06:49,2025-10-28T16:42,2.0,0.00,0.20
2025-10-29,12.7,6.8,10.7,9.0,11.4,3.7,16.0,34.9,237,1.70,0.00,35366.32,2025-10-29T06:50,2025-10-29T16:40,8.0,0.00,1.70
2025-10-30,13.2,5.1,9.5,6.9,11.2,2.8,23.4,49.0,189,0.20,20600.43,35148.92,2025-10-30T06:52,2025-10-30T16:38,1.0,0.00,0.20
2025-10-31,15.4,13.4,14.2,11.9,13.3,10.6,26.3,58.3,185,6.30,8216.35,34933.85,2025-10-31T06:54,2025-10-31T16:36,21.0,0.00,6.30
2025-11-01,15.0,8.2,12.1,9.3,12.5,5.7,27.7,60.5,215,11.20,26233.54,34721.34,2025-11-01T06:56,2025-11-01T16:34,11.0,0.00,11.20
2025-11-02,12.4,6.7,8.9,6.2,8.9,4.2,16.5,36.0,233,5.10,27544.59,34511.61,2025-11-02T06:57,2025-11-02T16:33,3.0,0.00,5.10
2025-11-03,15.9,7.3,13.1,10.5,13.4,4.6,23.4,59.8,216,1.60,20531.20,34304.57,2025-11-03T06:59,2025-11-03T16:31,3.0,0.00,1.60
2025-11-04,15.8,13.4,14.3,12.2,13.5,11.2,21.7,46.1,188,0.70,24444.69,34098.27,2025-11-04T07:01,2025-11-04T16:29,7.0,0.00,0.70
2025-11-05,17.0,14.2,15.2,13.5,15.7,12.4,20.0,43.6,170,0.40,9591.07,33892.55,2025-11-05T07:03,2025-11-05T16:28,2.0,0.00,0.40
2025-11-06,17.0,13.1,14.6,14.1,16.6,12.5,14.9,33.1,161,2.80,12849.04,33687.61,2025-11-06T07:04,2025-11-06T16:26,4.0,0.00,2.80
2025-11-07,14.7,10.8,12.8,11.9,14.0,10.4,16.1,36.4,146,2.40,12662.61,33483.68,2025-11-07T07:06,2025-11-07T16:24,8.0,0.00,2.40
2025-11-08,14.5,7.7,11.7,10.4,12.8,6.2,12.1,28.4,238,0.00,13541.57,33280.98,2025-11-08T07:08,2025-11-08T16:23,0.0,0.00,0.00
2025-11-09,13.7,5.0,9.9,8.0,11.8,3.0,18.8,38.5,177,0.30,17884.97,33079.73,2025-11-09T07:10,2025-11-09T16:21,3.0,0.00,0.30
2025-11-10,12.8,8.1,11.4,9.2,10.9,5.9,21.2,41.8,194,6.20,0.00,32880.16,2025-11-10T07:11,2025-11-10T16:19,14.0,0.00,6.20
2025-11-11,14.8,6.9,12.1,9.7,12.4,5.1,26.3,55.4,181,2.80,11615.82,32682.53,2025-11-11T07:13,2025-11-11T16:18,5.0,0.00,2.80
2025-11-12,16.4,12.6,14.1,12.4,15.0,10.9,22.4,49.7,184,1.30,8600.18,32487.07,2025-11-12T07:15,2025-11-12T16:16,10.0,0.00,1.30
2025-11-13,16.7,12.8,14.2,13.2,16.2,11.7,16.3,34.6,199,6.20,18880.40,32294.04,2025-11-13T07:17,2025-11-13T16:15,8.0,0.00,6.20
2025-11-14,14.1,11.9,12.9,12.2,13.8,10.9,15.1,28.8,82,18.60,0.00,32103.69,2025-11-14T07:18,2025-11-14T16:14,22.0,0.00,18.60
2025-11-15,13.7,10.2,11.8,11.0,13.4,8.6,11.6,24.1,35,0.50,11001.50,31916.30,2025-11-15T07:20,2025-11-15T16:12,3.0,0.00,0.50
2025-11-16,10.6,6.1,9.0,6.2,8.7,2.7,14.6,34.2,23,0.30,0.00,31732.13,2025-11-16T07:22,2025-11-16T16:11,3.0,0.00,0.30
2025-11-17,7.7,1.5,5.3,1.7,3.4,-1.1,17.8,39.2,347,0.00,26877.66,31551.47,2025-11-17T07:24,2025-11-17T16:09,0.0,0.00,0.00
2025-11-18,7.2,-0.1,3.5,0.3,4.3,-3.5,13.7,31.7,247,0.80,18000.00,31374.60,2025-11-18T07:25,2025-11-18T16:08,2.0,0.00,0.80
2025-11-19,5.1,0.2,3.5,-1.0,1.3,-4.5,30.1,67.3,324,3.60,9955.28,31201.82,2025-11-19T07:27,2025-11-19T16:07,7.0,0.21,3.90
2025-11-20,3.8,-1.6,1.1,-3.4,-0.9,-6.2,19.8,47.5,314,0.00,21096.93,31033.42,2025-11-20T07:29,2025-11-20T16:06,0.0,0.00,0.00
2025-11-21,5.9,0.0,1.9,-1.6,3.0,-3.8,15.5,32.4,321,0.00,26097.86,30869.71,2025-11-21T07:30,2025-11-21T16:05,0.0,0.00,0.00
2025-11-22,7.7,-0.3,5.2,1.6,5.1,-3.8,22.1,45.4,189,12.90,0.00,30711.01,2025-11-22T07:32,2025-11-22T16:04,14.0,0.00,12.90
2025-11-23,10.0,5.1,7.5,4.1,6.6,1.4,21.6,46.1,235,2.60,19361.15,30557.30,2025-11-23T07:33,2025-11-23T16:03,4.0,0.00,2.60
2025-11-24,7.0,4.0,5.5,2.3,4.5,0.6,20.3,41.8,306,3.00,2672.83,30406.86,2025-11-24T07:35,2025-11-24T16:02,5.0,0.07,3.10
2025-11-25,6.6,2.7,4.6,0.7,2.8,-0.6,18.3,39.6,331,0.00,14577.88,30259.59,2025-11-25T07:36,2025-11-25T16:01,0.0,0.00,0.00
2025-11-26,8.5,-1.8,3.4,0.5,5.3,-4.7,17.9,33.1,224,1.50,24541.10,30115.68,2025-11-26T07:38,2025-11-26T16:00,3.0,0.00,1.50
2025-11-27,13.3,9.2,11.8,9.6,11.5,6.1,19.7,39.2,219,1.20,0.00,29975.34,2025-11-27T07:39,2025-11-27T15:59,4.0,0.00,1.20
2025-11-28,12.4,8.0,10.1,7.4,10.7,5.3,21.7,47.2,224,0.00,18267.91,29838.79,2025-11-28T07:41,2025-11-28T15:58,0.0,0.00,0.00
2025-11-29,10.8,4.8,8.6,5.3,7.6,1.2,26.3,53.3,214,4.40,1485.36,29706.21,2025-11-29T07:42,2025-11-29T15:57,10.0,0.00,4.40
2025-11-30,7.8,2.9,5.2,1.7,4.5,-1.2,14.8,31.7,254,0.00,24352.66,29577.85,2025-11-30T07:44,2025-11-30T15:57,0.0,0.00,0.00
2025-12-01,11.9,7.2,10.1,5.9,7.7,3.6,33.6,65.5,191,8.20,0.00,29453.92,2025-12-01T07:45,2025-12-01T15:56,22.0,0.00,8.20
2025-12-02,10.6,5.8,8.1,5.6,8.2,3.5,15.8,33.5,192,2.60,23949.80,29334.64,2025-12-02T07:47,2025-12-02T15:55,10.0,0.00,2.60
2025-12-03,9.4,2.2,5.6,3.2,7.1,-0.3,12.4,22.3,173,0.10,23763.24,29220.23,2025-12-03T07:48,2025-12-03T15:55,1.0,0.00,0.10
2025-12-04,7.7,2.0,6.1,3.1,5.3,-0.7,18.5,36.4,184,4.20,0.00,29110.91,2025-12-04T07:49,2025-12-04T15:54,9.0,0.00,4.20
2025-12-05,9.1,-0.2,4.8,0.9,5.7,-3.3,34.8,67.0,173,8.30,14400.00,29006.91,2025-12-05T07:51,2025-12-05T15:54,6.0,0.00,8.30
2025-12-06,11.6,8.6,9.9,6.5,8.2,5.4,22.2,50.8,224,0.60,17058.89,28908.48,2025-12-06T07:52,2025-12-06T15:54,4.0,0.00,0.60
2025-12-07,13.9,7.7,10.8,8.2,11.5,5.4,27.8,57.2,213,8.30,0.00,28815.81,2025-12-07T07:53,2025-12-07T15:53,9.0,0.00,8.30
2025-12-08,13.6,9.8,11.9,9.9,11.5,7.4,16.9,41.4,207,0.60,1719.71,28729.14,2025-12-08T07:54,2025-12-08T15:53,2.0,0.00,0.60
2025-12-09,14.3,11.2,12.9,9.7,10.9,7.9,27.4,60.5,198,6.80,0.00,28648.71,2025-12-09T07:55,2025-12-09T15:53,13.0,0.00,6.80
2025-12-10,12.8,7.8,10.4,7.6,9.7,4.9,18.2,41.0,223,0.00,23078.43,28574.72,2025-12-10T07:56,2025-12-10T15:53,0.0,0.00,0.00
2025-12-11,11.6,6.4,9.1,6.8,9.2,4.2,15.9,35.6,183,0.00,22909.88,28507.41,2025-12-11T07:57,2025-12-11T15:52,0.0,0.00,0.00
2025-12-12,12.2,5.4,9.6,7.6,10.6,3.2,15.3,32.0,189,0.30,10403.18,28447.00,2025-12-12T07:58,2025-12-12T15:52,3.0,0.00,0.30
2025-12-13,9.3,1.5,5.7,3.4,7.4,-1.0,11.9,22.0,212,0.00,22752.01,28393.56,2025-12-13T07:59,2025-12-13T15:52,0.0,0.00,0.00
2025-12-14,10.6,5.8,8.3,5.1,7.4,2.7,20.1,42.1,197,0.00,20934.83,28346.41,2025-12-14T08:00,2025-12-14T15:52,0.0,0.00,0.00
2025-12-15,11.4,9.7,10.4,7.6,8.3,6.7,20.5,45.7,179,0.80,1250.67,28305.45,2025-12-15T08:01,2025-12-15T15:53,5.0,0.00,0.80
2025-12-16,10.4,4.6,8.9,6.9,9.4,2.1,16.3,32.8,307,3.70,0.00,28270.71,2025-12-16T08:02,2025-12-16T15:53,9.0,0.00,3.70
2025-12-17,10.1,0.6,5.9,2.8,6.2,-2.1,23.4,49.0,197,0.00,0.00,28242.19,2025-12-17T08:02,2025-12-17T15:53,0.0,0.00,0.00
2025-12-18,12.4,10.2,11.0,7.6,8.8,6.0,33.7,66.2,194,18.00,0.00,28219.92,2025-12-18T08:03,2025-12-18T15:53,17.0,0.00,18.00
2025-12-19,10.4,5.4,8.1,5.2,7.7,3.1,16.1,37.4,229,0.10,22425.81,28203.91,2025-12-19T08:04,2025-12-19T15:54,1.0,0.00,0.10
2025-12-20,9.2,2.8,5.9,3.3,6.6,0.0,13.2,25.6,123,0.10,22289.26,28194.16,2025-12-20T08:04,2025-12-20T15:54,1.0,0.00,0.10
2025-12-21,10.2,7.4,8.9,6.6,8.1,5.4,19.3,37.4,86,3.90,4801.01,28190.69,2025-12-21T08:05,2025-12-21T15:55,8.0,0.00,3.90
2025-12-22,10.9,7.3,9.3,7.4,9.6,5.4,16.2,32.4,81,1.50,3247.98,28193.46,2025-12-22T08:05,2025-12-22T15:55,3.0,0.00,1.50
2025-12-23,7.7,5.9,7.0,3.7,5.5,1.9,16.8,40.0,49,0.00,0.00,28202.49,2025-12-23T08:06,2025-12-23T15:56,0.0,0.00,0.00
2025-12-24,5.9,3.4,4.9,0.2,2.0,-1.6,26.3,56.9,49,0.00,21906.34,28217.77,2025-12-24T08:06,2025-12-24T15:56,0.0,0.00,0.00
2025-12-25,5.1,2.8,3.7,-1.6,0.1,-2.9,26.6,56.2,52,0.00,22499.60,28239.27,2025-12-25T08:06,2025-12-25T15:57,0.0,0.00,0.00
2025-12-26,6.0,3.2,4.3,0.5,2.2,-0.8,18.9,43.2,52,0.00,6040.31,28266.96,2025-12-26T08:07,2025-12-26T15:58,0.0,0.00,0.00
2025-12-27,7.2,2.2,5.1,1.0,3.5,-2.3,23.1,49.7,45,0.00,17113.49,28300.83,2025-12-27T08:07,2025-12-27T15:59,0.0,0.00,0.00
2025-12-28,7.2,4.0,6.4,3.0,4.0,0.7,16.1,37.8,43,0.00,4475.39,28340.84,2025-12-28T08:07,2025-12-28T15:59,0.0,0.00,0.00
2025-12-29,6.2,2.8,5.0,1.7,3.2,-0.8,12.8,30.2,36,0.00,8312.74,28386.96,2025-12-29T08:07,2025-12-29T16:00,0.0,0.00,0.00
2025-12-30,6.1,1.5,4.4,1.0,2.8,-1.8,13.2,27.0,21,0.00,6978.81,28439.15,2025-12-30T08:07,2025-12-30T16:01,0.0,0.00,0.00
2025-12-31,3.0,-1.5,0.5,-2.8,-0.0,-4.8,11.5,22.3,279,0.00,22949.27,28497.37,2025-12-31T08:07,2025-12-31T16:02,0.0,0.00,0.00
